source,restart,best_step,sequence,prediction,predicted_improvement_vs_seed,n_mutations,mutation_labels,valid,validity_status,optimization_objective,depth,counterfactual_success,present_in_04c_library,present_in_04c_labeled,is_novel_sequence,min_hamming_to_labeled_data,local_support_class,minimality_score,novelty_bonus,support_score,normalized_predicted_improvement,clear_final_score
beam_clear,,,IGERSQYRELK,0.8416846990585327,0.09575492143630981,2,C5S;D9E,True,PASS,0.055754921436309814,2.0,True,True,True,False,0,observed,0.3333333333333333,0.0,1.0,1.0,0.85
beam_clear,,,IGERCQYKELK,0.8208393454551697,0.07490956783294678,2,R8K;D9E,True,PASS,0.034909567832946777,2.0,True,True,True,False,0,observed,0.3333333333333333,0.0,1.0,0.9715158324356192,0.8300610827049334
beam_clear,,,IGERCEYRELK,0.8201204538345337,0.07419067621231079,2,Q6E;D9E,True,PASS,0.03419067621231079,2.0,True,True,True,False,0,observed,0.3333333333333333,0.0,1.0,0.9705335018034575,0.8293734512624202
beam_clear,,,IGERCQYRELR,0.8133544921875,0.0674247145652771,2,D9E;K11R,True,PASS,0.0274247145652771,2.0,True,True,True,False,0,observed,0.3333333333333333,0.0,1.0,0.961288142431996,0.8229016997023972
beam_clear,,,IGERCQYRELK,0.8089005351066589,0.06297075748443604,1,D9E,True,PASS,0.04297075748443603,1.0,True,True,True,False,0,observed,0.5,0.0,1.0,0.9552020254857827,0.8436414178400478
beam_clear,,,IGERCQYRELE,0.8074650764465332,0.0615352988243103,2,D9E;K11E,True,PASS,0.021535298824310302,2.0,True,True,True,False,0,observed,0.3333333333333333,0.0,1.0,0.9532405406491731,0.8172683784544211
beam_clear,,,IGERSEYRDLK,0.8073581457138062,0.06142836809158325,2,C5S;Q6E,True,PASS,0.02142836809158325,2.0,True,True,True,False,0,observed,0.3333333333333333,0.0,1.0,0.9530944249743453,0.8171660974820417
beam_clear,,,IGERCQYRELQ,0.8033907413482666,0.0574609637260437,2,D9E;K11Q,True,PASS,0.0174609637260437,2.0,True,True,True,False,0,observed,0.3333333333333333,0.0,1.0,0.9476731587826577,0.8133712111478604
beam_clear,,,IGERSQYKDLK,0.7942160367965698,0.048286259174346924,2,C5S;R8K,True,PASS,0.008286259174346923,2.0,True,True,True,False,0,observed,0.3333333333333333,0.0,1.0,0.9351363687249415,0.804595458107459
beam_clear,,,IGERTQYRELK,0.7881973385810852,0.042267560958862305,2,C5T;D9E,True,PASS,0.002267560958862304,2.0,True,True,True,False,0,observed,0.3333333333333333,0.0,1.0,0.9269121086931211,0.7988384760851848
beam_clear,,,IGERCQYREMK,0.7880941033363342,0.04216432571411133,2,D9E;L10M,True,PASS,0.0021643257141113273,2.0,True,True,True,False,0,observed,0.3333333333333333,0.0,1.0,0.9267710427238894,0.7987397299067226
beam_clear,,,TGERCQYRELK,0.7870302796363831,0.041100502014160156,2,I1T;D9E,True,PASS,0.0011005020141601554,2.0,True,True,True,False,0,observed,0.3333333333333333,0.0,1.0,0.9253173790871411,0.7977221653609987
beam_clear,,,IGERCQFRELK,0.784194827079773,0.03826504945755005,2,Y7F;D9E,True,PASS,-0.001734950542449952,2.0,True,True,True,False,0,observed,0.3333333333333333,0.0,1.0,0.921442870298271,0.7950100092087897
beam_clear,,,IGERSQYRDLR,0.7834306359291077,0.037500858306884766,2,C5S;K11R,True,PASS,-0.002499141693115235,2.0,True,True,True,False,0,observed,0.3333333333333333,0.0,1.0,0.9203986400491255,0.7942790480343879
beam_clear,,,IGERSQYRDLE,0.7797442078590393,0.033814430236816406,2,C5S;K11E,True,PASS,-0.006185569763183595,2.0,True,True,True,False,0,observed,0.3333333333333333,0.0,1.0,0.9153613143764671,0.7907529200635269
beam_clear,,,IGERSQYRDLK,0.7786797881126404,0.03275001049041748,1,C5S,True,PASS,0.01275001049041748,1.0,True,True,True,False,0,observed,0.5,0.0,1.0,0.9139068362710743,0.8147347853897519
beam_clear,,,IGERCQYRELN,0.7782370448112488,0.03230726718902588,2,D9E;K11N,True,PASS,-0.007692732810974122,2.0,True,True,True,False,0,observed,0.3333333333333333,0.0,1.0,0.913301848961921,0.7893112942733447
beam_clear,,,LGERCQYRELK,0.777299165725708,0.03136938810348511,2,I1L;D9E,True,PASS,-0.008630611896514893,2.0,True,True,True,False,0,observed,0.3333333333333333,0.0,1.0,0.9120202825497609,0.7884141977848326
beam_clear,,,IGERCQWRELK,0.7725037932395935,0.026574015617370605,2,Y7W;D9E,True,PASS,-0.013425984382629395,2.0,True,True,True,False,0,observed,0.3333333333333333,0.0,1.0,0.9054676379639636,0.7838273465747745
beam_clear,,,IGERCEYKDLK,0.7721155881881714,0.026185810565948486,2,Q6E;R8K,True,PASS,-0.013814189434051515,2.0,True,False,False,True,1,strong_local_support,0.3333333333333333,1.0,0.5,0.9049371745357845,0.7834560221750493
beam_clear,,,IGERCQYRELH,0.7683334946632385,0.022403717041015625,2,D9E;K11H,True,PASS,-0.017596282958984376,2.0,True,True,True,False,0,observed,0.3333333333333333,0.0,1.0,0.8997691266456798,0.7798383886519759
beam_clear,,,IGERSQYRQLK,0.7678362727165222,0.021906495094299316,2,C5S;D9Q,True,PASS,-0.018093504905700684,2.0,True,True,True,False,0,observed,0.3333333333333333,0.0,1.0,0.8990896969024169,0.7793627878316918
beam_clear,,,IGERSQYRDLQ,0.7668160200119019,0.020886242389678955,2,C5S;K11Q,True,PASS,-0.019113757610321046,2.0,True,True,True,False,0,observed,0.3333333333333333,0.0,1.0,0.8976955709235834,0.7783868996465084
beam_clear,,,IGERCQYKDLR,0.7654905915260315,0.019560813903808594,2,R8K;K11R,True,PASS,-0.020439186096191407,2.0,True,True,True,False,0,observed,0.3333333333333333,0.0,1.0,0.8958844369987531,0.7771191058991271
beam_clear,,,IGERCQYQELK,0.7646234035491943,0.018693625926971436,2,R8Q;D9E,True,PASS,-0.021306374073028565,2.0,True,True,True,False,0,observed,0.3333333333333333,0.0,1.0,0.8946994665678336,0.7762896265974835
beam_clear,,,IGERSQFRDLK,0.7645043134689331,0.018574535846710205,2,C5S;Y7F,True,PASS,-0.021425464153289796,2.0,True,True,True,False,0,observed,0.3333333333333333,0.0,1.0,0.8945367357326575,0.7761757150128602
beam_clear,,,IGERCQYKDLK,0.7614649534225464,0.015535175800323486,1,R8K,True,PASS,-0.004464824199676514,1.0,True,True,True,False,0,observed,0.5,0.0,1.0,0.8903835972204954,0.7982685180543467
beam_clear,,,IGERCQYKDLE,0.7612666487693787,0.015336871147155762,2,R8K;K11E,True,PASS,-0.02466312885284424,2.0,True,True,True,False,0,observed,0.3333333333333333,0.0,1.0,0.890112623502462,0.7730788364517234
beam_clear,,,IGERCQYRQLE,0.7607424855232239,0.014812707901000977,2,D9Q;K11E,True,PASS,-0.025187292098999024,2.0,True,True,True,False,0,observed,0.3333333333333333,0.0,1.0,0.8893963797764667,0.7725774658435267
beam_clear,,,IGERCQYKQLK,0.7606808543205261,0.014751076698303223,2,R8K;D9Q,True,PASS,-0.025248923301696778,2.0,True,True,True,False,0,observed,0.3333333333333333,0.0,1.0,0.8893121637186228,0.7725185146030359
beam_clear,,,IGERCEYRDLR,0.7605030536651611,0.014573276042938232,2,Q6E;K11R,True,PASS,-0.02542672395706177,2.0,True,True,True,False,0,observed,0.3333333333333333,0.0,1.0,0.889069207721961,0.7723484454053726
beam_clear,,,TGERSQYRDLK,0.7602927088737488,0.014362931251525879,2,I1T;C5S,True,PASS,-0.025637068748474122,2.0,True,True,True,False,0,observed,0.3333333333333333,0.0,1.0,0.888781781737308,0.7721472472161156
beam_clear,,,MGERCQYRELK,0.7598865628242493,0.013956785202026367,2,I1M;D9E,True,PASS,-0.026043214797973634,2.0,True,True,True,False,0,observed,0.3333333333333333,0.0,1.0,0.8882268028029286,0.7717587619620501
beam_clear,,,IGERCEYRDLE,0.7597896456718445,0.013859868049621582,2,Q6E;K11E,True,PASS,-0.02614013195037842,2.0,True,True,True,False,0,observed,0.3333333333333333,0.0,1.0,0.8880943702013289,0.7716660591409302
beam_clear,,,IGERCEYRDLK,0.7565464973449707,0.010616719722747803,1,Q6E,True,PASS,-0.009383280277252198,1.0,True,True,True,False,0,observed,0.5,0.0,1.0,0.8836627648596037,0.7935639354017225
beam_clear,,,IGERTEYRDLK,0.7530324459075928,0.007102668285369873,2,C5T;Q6E,True,PASS,-0.03289733171463013,2.0,True,True,True,False,0,observed,0.3333333333333333,0.0,1.0,0.8788609835189419,0.7652026884632593
beam_clear,,,IGERCQYRDLR,0.7507729530334473,0.004843175411224365,1,K11R,True,PASS,-0.015156824588775635,1.0,False,True,True,False,0,observed,0.5,0.0,1.0,0.8757734957812764,0.7880414470468934
beam_clear,,,LGERSQYRDLK,0.7496907114982605,0.0037609338760375977,2,I1L;C5S,True,PASS,-0.0362390661239624,2.0,False,True,True,False,0,observed,0.3333333333333333,0.0,1.0,0.8742946650634122,0.7620062655443886
beam_clear,,,IGERSQYRDLN,0.7472147345542908,0.001284956932067871,2,C5S;K11N,True,PASS,-0.03871504306793213,2.0,False,True,True,False,0,observed,0.3333333333333333,0.0,1.0,0.8709113623140553,0.7596379536198387
beam_clear,,,IGERSQWRDLK,0.7470548152923584,0.001125037670135498,2,C5S;Y7W,True,PASS,-0.0388749623298645,2.0,False,True,True,False,0,observed,0.3333333333333333,0.0,1.0,0.8706928403767292,0.7594849882637105
beam_clear,,,IGERCEYRQLK,0.7470529675483704,0.001123189926147461,2,Q6E;D9Q,True,PASS,-0.03887681007385254,2.0,False,True,True,False,0,observed,0.3333333333333333,0.0,1.0,0.8706903155239312,0.7594832208667518
beam_clear,,,IGERCQYKDLQ,0.7468103766441345,0.0008805990219116211,2,R8K;K11Q,True,PASS,-0.03911940097808838,2.0,False,True,True,False,0,observed,0.3333333333333333,0.0,1.0,0.8703588267856095,0.7592511787499266
beam_clear,,,IGERCQYRQLR,0.7459684014320374,3.8623809814453125e-05,2,D9Q;K11R,True,PASS,-0.03996137619018555,2.0,False,True,True,False,0,observed,0.3333333333333333,0.0,1.0,0.8692083083783534,0.7584458158648474
beam_clear,,,IGERCQYRDLE,0.7458277344703674,-0.00010204315185546875,1,K11E,True,PASS,-0.02010204315185547,1.0,False,True,True,False,0,observed,0.5,0.0,1.0,0.8690160937782455,0.7833112656447717
beam_clear,,,IGERCEYRDLQ,0.7454712986946106,-0.0004584789276123047,2,Q6E;K11Q,True,PASS,-0.040458478927612306,2.0,False,True,True,False,0,observed,0.3333333333333333,0.0,1.0,0.8685290415288196,0.7579703290701737
beam_clear,,,IGERSQYRDLH,0.7449098825454712,-0.001019895076751709,2,C5S;K11H,True,PASS,-0.04101989507675171,2.0,False,True,True,False,0,observed,0.3333333333333333,0.0,1.0,0.8677618935125414,0.757433325458779
beam_clear,,,IGERSQYRDMK,0.7447977662086487,-0.0011320114135742188,2,C5S;L10M,True,PASS,-0.04113201141357422,2.0,False,True,True,False,0,observed,0.3333333333333333,0.0,1.0,0.8676086919605063,0.7573260843723544
beam_clear,,,IGDRCQYRELK,0.7429907917976379,-0.002938985824584961,2,E3D;D9E,True,PASS,-0.04293898582458496,2.0,False,True,True,False,0,observed,0.3333333333333333,0.0,1.0,0.8651395488177641,0.7555976841724349
beam_clear,,,IGERCQYRQLQ,0.7428914904594421,-0.0030382871627807617,2,D9Q;K11Q,True,PASS,-0.04303828716278076,2.0,False,True,True,False,0,observed,0.3333333333333333,0.0,1.0,0.8650038583415863,0.7555027008391104
beam_clear,,,IGERTQYKDLK,0.7424057722091675,-0.00352400541305542,2,C5T;R8K,True,PASS,-0.04352400541305542,2.0,False,True,True,False,0,observed,0.3333333333333333,0.0,1.0,0.8643401478431628,0.7550381034902139
beam_clear,,,TGERCQYKDLK,0.7416886687278748,-0.0042411088943481445,2,I1T;R8K,True,PASS,-0.044241108894348145,2.0,False,True,True,False,0,observed,0.3333333333333333,0.0,1.0,0.8633602606169347,0.7543521824318543
beam_clear,,,IGERCQFKDLK,0.74097740650177,-0.004952371120452881,2,Y7F;R8K,True,PASS,-0.04495237112045288,2.0,False,False,False,True,1,strong_local_support,0.3333333333333333,1.0,0.5,0.862388355183423,0.7536718486283962
beam_clear,,,IGERCQYRQMK,0.7408304810523987,-0.005099296569824219,2,D9Q;L10M,True,PASS,-0.04509929656982422,2.0,False,True,True,False,0,observed,0.3333333333333333,0.0,1.0,0.8621875886625476,0.7535313120637833
beam_clear,,,IGQRCQYRELK,0.740153968334198,-0.005775809288024902,2,E3Q;D9E,True,PASS,-0.0457758092880249,2.0,False,True,True,False,0,observed,0.3333333333333333,0.0,1.0,0.8612631667510117,0.7528842167257082
beam_clear,,,TGERCEYRDLK,0.7398783564567566,-0.006051421165466309,2,I1T;Q6E,True,PASS,-0.04605142116546631,2.0,False,True,True,False,0,observed,0.3333333333333333,0.0,1.0,0.8608865564497833,0.7526205895148483
beam_clear,,,IGRRCQYRELK,0.7379611134529114,-0.007968664169311523,2,E3R;D9E,True,PASS,-0.047968664169311524,2.0,False,True,True,False,0,observed,0.3333333333333333,0.0,1.0,0.8582667366078041,0.7507867156254628
beam_clear,,,IGERCQYKNLK,0.7371881604194641,-0.008741617202758789,2,R8K;D9N,True,PASS,-0.04874161720275879,2.0,False,True,True,False,0,observed,0.3333333333333333,0.0,1.0,0.857210533669584,0.7500473735687088
beam_clear,,,IGERCQYRQLK,0.735049843788147,-0.010879933834075928,1,D9Q,True,PASS,-0.030879933834075928,1.0,False,True,True,False,0,observed,0.5,0.0,1.0,0.8542886274073505,0.7730020391851452
beam_clear,,,IGKRCQYRELK,0.7343091368675232,-0.011620640754699707,2,E3K;D9E,True,PASS,-0.05162064075469971,2.0,False,True,True,False,0,observed,0.3333333333333333,0.0,1.0,0.8532764872227991,0.7472935410559594
beam_clear,,,IGERTQYRDLR,0.7331537008285522,-0.012776076793670654,2,C5T;K11R,True,PASS,-0.052776076793670655,2.0,False,True,True,False,0,observed,0.3333333333333333,0.0,1.0,0.8516976397553874,0.7461883478287712
beam_clear,,,IGERCQYRDLQ,0.7326898574829102,-0.013239920139312744,1,K11Q,True,PASS,-0.03323992013931275,1.0,False,True,True,False,0,observed,0.5,0.0,1.0,0.851063820256218,0.7707446741793524
beam_clear,,,VGERCQYRELK,0.7324427366256714,-0.013487040996551514,2,I1V;D9E,True,PASS,-0.053487040996551515,2.0,False,True,True,False,0,observed,0.3333333333333333,0.0,1.0,0.8507261415561979,0.7455082990893385
beam_clear,,,MGERSQYRDLK,0.732335090637207,-0.01359468698501587,2,I1M;C5S,True,PASS,-0.05359468698501587,2.0,False,True,True,False,0,observed,0.3333333333333333,0.0,1.0,0.8505790485189967,0.7454053339632977
beam_clear,,,TGERCQYRDLR,0.7321974635124207,-0.013732314109802246,2,I1T;K11R,True,PASS,-0.05373231410980225,2.0,False,True,True,False,0,observed,0.3333333333333333,0.0,1.0,0.8503909877089758,0.7452736913962831
beam_clear,,,IGERTQYRDLE,0.731511652469635,-0.01441812515258789,2,C5T;K11E,True,PASS,-0.05441812515258789,2.0,False,True,True,False,0,observed,0.3333333333333333,0.0,1.0,0.8494538600865853,0.7446177020606097
beam_clear,,,IGERSQYRNLK,0.731487512588501,-0.014442265033721924,2,C5S;D9N,True,PASS,-0.054442265033721925,2.0,False,True,True,False,0,observed,0.3333333333333333,0.0,1.0,0.849420874106482,0.7445946118745375
beam_clear,,,LGERCQYKDLK,0.731143593788147,-0.014786183834075928,2,I1L;R8K,True,PASS,-0.05478618383407593,2.0,False,True,True,False,0,observed,0.3333333333333333,0.0,1.0,0.8489509256985911,0.7442656479890137
beam_clear,,,IGERCQFRDLR,0.7297711372375488,-0.016158640384674072,2,Y7F;K11R,True,PASS,-0.05615864038467407,2.0,False,True,True,False,0,observed,0.3333333333333333,0.0,1.0,0.8470755301977078,0.7429528711383954
beam_clear,,,TGERCQYRDLE,0.7296176552772522,-0.016312122344970703,2,I1T;K11E,True,PASS,-0.056312122344970704,2.0,False,True,True,False,0,observed,0.3333333333333333,0.0,1.0,0.8468658045217425,0.7428060631652198
beam_clear,,,IGERCQWKDLK,0.7287900447845459,-0.017139732837677002,2,Y7W;R8K,True,PASS,-0.057139732837677,2.0,False,False,False,True,1,strong_local_support,0.3333333333333333,1.0,0.5,0.8457349148088196,0.7420144403661738
beam_clear,,,FGERCQYRELK,0.7286802530288696,-0.01724952459335327,2,I1F;D9E,True,PASS,-0.05724952459335327,2.0,False,True,True,False,0,observed,0.3333333333333333,0.0,1.0,0.8455848896844981,0.7419094227791486
beam_clear,,,IGERTQYRDLK,0.7279613018035889,-0.017968475818634033,1,C5T,True,PASS,-0.03796847581863404,1.0,False,True,True,False,0,observed,0.5,0.0,1.0,0.8446024776054719,0.7662217343238302
beam_clear,,,IGERCQYKDLN,0.7277778387069702,-0.018151938915252686,2,R8K;K11N,True,PASS,-0.058151938915252686,2.0,False,False,False,True,1,strong_local_support,0.3333333333333333,1.0,0.5,0.8443517841566871,0.7410462489096811
beam_clear,,,IGERCQYKDLH,0.7271371483802795,-0.01879262924194336,2,R8K;K11H,True,PASS,-0.05879262924194336,2.0,False,True,True,False,0,observed,0.3333333333333333,0.0,1.0,0.8434763118106872,0.740433418267481
beam_clear,,,TGERCQYRDLK,0.727005124092102,-0.01892465353012085,1,I1T,True,PASS,-0.038924653530120853,1.0,False,True,True,False,0,observed,0.5,0.0,1.0,0.8432959070059249,0.7653071349041474
beam_clear,,,IGERCQYKDMK,0.7267072200775146,-0.019222557544708252,2,R8K;L10M,True,PASS,-0.05922255754470825,2.0,False,False,False,True,1,strong_local_support,0.3333333333333333,1.0,0.5,0.8428888355773912,0.7400221849041739
beam_clear,,,AGERCQYRELK,0.7262864708900452,-0.019643306732177734,2,I1A;D9E,True,PASS,-0.059643306732177735,2.0,False,True,True,False,0,observed,0.3333333333333333,0.0,1.0,0.842313902161221,0.7396197315128548
beam_clear,,,LGERCEYRDLK,0.726113498210907,-0.019816279411315918,2,I1L;Q6E,True,PASS,-0.05981627941131592,2.0,False,True,True,False,0,observed,0.3333333333333333,0.0,1.0,0.8420775433605799,0.7394542803524059
beam_clear,,,IGERCQFRDLK,0.7258501052856445,-0.02007967233657837,1,Y7F,True,PASS,-0.04007967233657837,1.0,False,True,True,False,0,observed,0.5,0.0,1.0,0.8417176296665643,0.7642023407665949
beam_clear,,,IGERCQFRDLE,0.725096583366394,-0.020833194255828857,2,Y7F;K11E,True,PASS,-0.06083319425582886,2.0,False,True,True,False,0,observed,0.3333333333333333,0.0,1.0,0.8406879784061557,0.738481584884309
beam_clear,,,IGERCEYRDLN,0.7242085933685303,-0.021721184253692627,2,Q6E;K11N,True,PASS,-0.06172118425369263,2.0,False,True,True,False,0,observed,0.3333333333333333,0.0,1.0,0.8394745830195424,0.7376322081136797
beam_clear,,,IGERCEYRDLH,0.7221811413764954,-0.02374863624572754,2,Q6E;K11H,True,PASS,-0.06374863624572755,2.0,False,True,True,False,0,observed,0.3333333333333333,0.0,1.0,0.8367041679251904,0.7356929175476333
beam_clear,,,IGERCEYRDMK,0.7214445471763611,-0.024485230445861816,2,Q6E;L10M,True,PASS,-0.06448523044586182,2.0,False,False,False,True,1,strong_local_support,0.3333333333333333,1.0,0.5,0.8356976475742863,0.7349883533020005
beam_clear,,,IGERCQYRQLN,0.7210389971733093,-0.024890780448913574,2,D9Q;K11N,True,PASS,-0.06489078044891358,2.0,False,True,True,False,0,observed,0.3333333333333333,0.0,1.0,0.8351434831085516,0.7346004381759861
beam_clear,,,LGERCQYRDLR,0.720834493637085,-0.02509528398513794,2,I1L;K11R,True,PASS,-0.06509528398513795,2.0,False,True,True,False,0,observed,0.3333333333333333,0.0,1.0,0.834864038916615,0.7344048272416305
beam_clear,,,IGERCQYHELK,0.7201074361801147,-0.025822341442108154,2,R8H;D9E,True,PASS,-0.06582234144210816,2.0,False,True,True,False,0,observed,0.3333333333333333,0.0,1.0,0.8338705500640233,0.7337093850448163
beam_clear,,,IGERCQYRNLE,0.7198337316513062,-0.026096045970916748,2,D9N;K11E,True,PASS,-0.06609604597091676,2.0,False,True,True,False,0,observed,0.3333333333333333,0.0,1.0,0.8334965460624575,0.7334475822437202
beam_clear,,,IGERTQYRDLQ,0.7168396711349487,-0.02909010648727417,2,C5T;K11Q,True,PASS,-0.06909010648727418,2.0,False,True,True,False,0,observed,0.3333333333333333,0.0,1.0,0.8294053071672792,0.7305837150170954
beam_clear,,,LGERCQYRDLK,0.7163813710212708,-0.02954840660095215,1,I1L,True,PASS,-0.04954840660095215,1.0,False,True,True,False,0,observed,0.5,0.0,1.0,0.828779062226504,0.7551453435585527
beam_clear,,,IGERSQYQDLK,0.716029167175293,-0.02990061044692993,2,C5S;R8Q,True,PASS,-0.06990061044692994,2.0,False,True,True,False,0,observed,0.3333333333333333,0.0,1.0,0.8282977927044541,0.7298084548931179
beam_clear,,,LGERCQYRDLE,0.71596360206604,-0.02996617555618286,2,I1L;K11E,True,PASS,-0.06996617555618287,2.0,False,True,True,False,0,observed,0.3333333333333333,0.0,1.0,0.8282082011535564,0.7297457408074894
beam_clear,,,IGRRSQYRDLK,0.7142967581748962,-0.03163301944732666,2,E3R;C5S,True,PASS,-0.07163301944732667,2.0,False,True,True,False,0,observed,0.3333333333333333,0.0,1.0,0.8259305395891421,0.7281513777123995
beam_clear,,,IGERCQYRDLN,0.7140012979507446,-0.03192847967147827,1,K11N,True,PASS,-0.051928479671478275,1.0,False,True,True,False,0,observed,0.5,0.0,1.0,0.8255268074820511,0.7528687652374356
beam_clear,,,IGERCQWRDLR,0.7139754295349121,-0.03195434808731079,2,Y7W;K11R,True,PASS,-0.0719543480873108,2.0,False,True,True,False,0,observed,0.3333333333333333,0.0,1.0,0.8254914595428786,0.727844021680015
beam_clear,,,MGERCQYKDLK,0.7137587070465088,-0.03217107057571411,2,I1M;R8K,True,PASS,-0.07217107057571412,2.0,False,True,True,False,0,observed,0.3333333333333333,0.0,1.0,0.8251953187437293,0.7276367231206105
beam_clear,,,IGERTQFRDLK,0.713721513748169,-0.032208263874053955,2,C5T;Y7F,True,PASS,-0.07220826387405396,2.0,False,True,True,False,0,observed,0.3333333333333333,0.0,1.0,0.825144495900311,0.7276011471302177
beam_clear,,,IGERCQFRDLQ,0.7130972743034363,-0.03283250331878662,2,Y7F;K11Q,True,PASS,-0.07283250331878663,2.0,False,True,True,False,0,observed,0.3333333333333333,0.0,1.0,0.8242915028889,0.72700405202223
beam_clear,,,TGERCQYRDLQ,0.7128129601478577,-0.033116817474365234,2,I1T;K11Q,True,PASS,-0.07311681747436524,2.0,False,True,True,False,0,observed,0.3333333333333333,0.0,1.0,0.8239030013454615,0.7267321009418231
beam_clear,,,IGDRSQYRDLK,0.7126386165618896,-0.03329116106033325,2,E3D;C5S,True,PASS,-0.07329116106033326,2.0,False,True,True,False,0,observed,0.3333333333333333,0.0,1.0,0.8236647692669379,0.7265653384868564
beam_clear,,,IGQRSQYRDLK,0.7123374342918396,-0.0335923433303833,2,E3Q;C5S,True,PASS,-0.07359234333038331,2.0,False,True,True,False,0,observed,0.3333333333333333,0.0,1.0,0.8232532182608594,0.7262772527826016
beam_clear,,,IGERCQYRDLH,0.7120636105537415,-0.033866167068481445,1,K11H,True,PASS,-0.05386616706848145,1.0,False,True,True,False,0,observed,0.5,0.0,1.0,0.8228790513655646,0.7510153359558951
beam_clear,,,IGERCQFRQLK,0.7118862271308899,-0.03404355049133301,2,Y7F;D9Q,True,PASS,-0.07404355049133302,2.0,False,True,True,False,0,observed,0.3333333333333333,0.0,1.0,0.8226366654969539,0.7258456658478677
beam_clear,,,IGERCQYRDMK,0.7116546630859375,-0.0342751145362854,1,L10M,True,PASS,-0.054275114536285404,1.0,False,True,True,False,0,observed,0.5,0.0,1.0,0.822320244428556,0.7506241710999891
beam_clear,,,IGERCEYRNLK,0.7111801505088806,-0.034749627113342285,2,Q6E;D9N,True,PASS,-0.07474962711334229,2.0,False,True,True,False,0,observed,0.3333333333333333,0.0,1.0,0.8216718459406496,0.7251702921584546
beam_clear,,,IGERTQYRQLK,0.710156261920929,-0.035773515701293945,2,C5T;D9Q,True,PASS,-0.07577351570129395,2.0,False,True,True,False,0,observed,0.3333333333333333,0.0,1.0,0.8202727517030844,0.7241909261921591
beam_clear,,,IGERCQWRDLK,0.7100904583930969,-0.03583931922912598,1,Y7W,True,PASS,-0.05583931922912598,1.0,False,True,True,False,0,observed,0.5,0.0,1.0,0.8201828343647289,0.7491279840553101
beam_clear,,,IGKRSQYRDLK,0.7099969387054443,-0.035932838916778564,2,E3K;C5S,True,PASS,-0.07593283891677857,2.0,False,True,True,False,0,observed,0.3333333333333333,0.0,1.0,0.8200550442344029,0.724038530964082
beam_clear,,,IGNRCQYRELK,0.7098960280418396,-0.0360337495803833,2,E3N;D9E,True,PASS,-0.07603374958038331,2.0,False,True,True,False,0,observed,0.3333333333333333,0.0,1.0,0.8199171546928848,0.7239420082850194
beam_clear,,,IGERCQWRDLE,0.7094180583953857,-0.03651171922683716,2,Y7W;K11E,True,PASS,-0.07651171922683717,2.0,False,True,True,False,0,observed,0.3333333333333333,0.0,1.0,0.8192640322868402,0.7234848226007882
beam_clear,,,IGERCQWRQLK,0.7088172435760498,-0.037112534046173096,2,Y7W;D9Q,True,PASS,-0.0771125340461731,2.0,False,True,True,False,0,observed,0.3333333333333333,0.0,1.0,0.818443047893159,0.7229101335252113
beam_clear,,,MGERCEYRDLK,0.7082566022872925,-0.03767317533493042,2,I1M;Q6E,True,PASS,-0.07767317533493043,2.0,False,True,True,False,0,observed,0.3333333333333333,0.0,1.0,0.8176769586861188,0.7223738710802832
beam_clear,,,TGERCQFRDLK,0.7079346776008606,-0.037995100021362305,2,I1T;Y7F,True,PASS,-0.07799510002136231,2.0,False,True,True,False,0,observed,0.3333333333333333,0.0,1.0,0.8172370641712108,0.7220659449198475
beam_clear,,,IGERCQYRNLQ,0.7077913880348206,-0.038138389587402344,2,D9N;K11Q,True,PASS,-0.07813838958740235,2.0,False,True,True,False,0,observed,0.3333333333333333,0.0,1.0,0.8170412659090669,0.7219288861363468
beam_clear,,,TGERTQYRDLK,0.7075768709182739,-0.038352906703948975,2,I1T;C5T,True,PASS,-0.07835290670394898,2.0,False,True,True,False,0,observed,0.3333333333333333,0.0,1.0,0.8167481386439024,0.7217236970507317
beam_clear,,,IGERCQYRNLR,0.7071124315261841,-0.03881734609603882,2,D9N;K11R,True,PASS,-0.07881734609603883,2.0,False,True,True,False,0,observed,0.3333333333333333,0.0,1.0,0.8161135046760885,0.7212794532732619
beam_clear,,,VGERSQYRDLK,0.7038756012916565,-0.042054176330566406,2,I1V;C5S,True,PASS,-0.08205417633056641,2.0,False,True,True,False,0,observed,0.3333333333333333,0.0,1.0,0.8116905327019952,0.7181833728913967
beam_clear,,,LGERCQYRDLQ,0.7035528421401978,-0.042376935482025146,2,I1L;K11Q,True,PASS,-0.08237693548202515,2.0,False,True,True,False,0,observed,0.3333333333333333,0.0,1.0,0.8112494979309849,0.7178746485516894
beam_clear,,,MGERCQYRDLR,0.7031245827674866,-0.04280519485473633,2,I1M;K11R,True,PASS,-0.08280519485473634,2.0,False,True,True,False,0,observed,0.3333333333333333,0.0,1.0,0.8106643022098937,0.7174650115469255
beam_clear,,,IGERSQYHDLK,0.7026811242103577,-0.043248653411865234,2,C5S;R8H,True,PASS,-0.08324865341186524,2.0,False,True,True,False,0,observed,0.3333333333333333,0.0,1.0,0.8100583375383671,0.717040836276857
beam_clear,,,TGERCQYRQLK,0.7022154331207275,-0.04371434450149536,2,I1T;D9Q,True,PASS,-0.08371434450149537,2.0,False,False,False,True,1,strong_local_support,0.3333333333333333,1.0,0.5,0.8094219931863996,0.7165953952304799
beam_clear,,,IGERCEYQDLK,0.7020131945610046,-0.04391658306121826,2,Q6E;R8Q,True,PASS,-0.08391658306121827,2.0,False,False,False,True,1,strong_local_support,0.3333333333333333,1.0,0.5,0.8091456439753123,0.7164019507827187
beam_clear,,,IGERCQYRQLH,0.7012731432914734,-0.04465663433074951,2,D9Q;K11H,True,PASS,-0.08465663433074952,2.0,False,True,True,False,0,observed,0.3333333333333333,0.0,1.0,0.80813439970627,0.7156940797943889
beam_clear,,,FGERSQYRDLK,0.7006887793540955,-0.04524099826812744,2,I1F;C5S,True,PASS,-0.08524099826812745,2.0,False,True,True,False,0,observed,0.3333333333333333,0.0,1.0,0.8073358946471777,0.7151351262530243
beam_clear,,,LGERTQYRDLK,0.6988863945007324,-0.04704338312149048,2,I1L;C5T,True,PASS,-0.08704338312149049,2.0,False,True,True,False,0,observed,0.3333333333333333,0.0,1.0,0.8048730229129984,0.7134111160390989
beam_clear,,,MGERCQYRDLK,0.6988286972045898,-0.04710108041763306,1,I1M,True,PASS,-0.06710108041763306,1.0,False,True,True,False,0,observed,0.5,0.0,1.0,0.8047941823482084,0.7383559276437458
beam_clear,,,MGERCQYRDLE,0.698305606842041,-0.047624170780181885,2,I1M;K11E,True,PASS,-0.08762417078018189,2.0,False,True,True,False,0,observed,0.3333333333333333,0.0,1.0,0.8040794046657732,0.7128555832660413
beam_clear,,,IGERCQYQQLK,0.6982622742652893,-0.047667503356933594,2,R8Q;D9Q,True,PASS,-0.0876675033569336,2.0,False,True,True,False,0,observed,0.3333333333333333,0.0,1.0,0.8040201927953162,0.7128141349567213
beam_clear,,,IGERTQYRDLN,0.6974868774414062,-0.04844290018081665,2,C5T;K11N,True,PASS,-0.08844290018081666,2.0,False,True,True,False,0,observed,0.3333333333333333,0.0,1.0,0.8029606505356536,0.7120724553749574
beam_clear,,,IGERCQWRDLQ,0.697441577911377,-0.04848819971084595,2,Y7W;K11Q,True,PASS,-0.08848819971084596,2.0,False,True,True,False,0,observed,0.3333333333333333,0.0,1.0,0.8028987509186697,0.7120291256430687
beam_clear,,,AGERSQYRDLK,0.6973530650138855,-0.0485767126083374,2,I1A;C5S,True,PASS,-0.08857671260833741,2.0,False,True,True,False,0,observed,0.3333333333333333,0.0,1.0,0.8027778023249578,0.7119444616274704
beam_clear,,,IGERCQYQDLE,0.6973021030426025,-0.04862767457962036,2,R8Q;K11E,True,PASS,-0.08862767457962037,2.0,False,True,True,False,0,observed,0.3333333333333333,0.0,1.0,0.8027081652558509,0.7118957156790956
beam_clear,,,IGERTQWRDLK,0.6970348954200745,-0.04889488220214844,2,C5T;Y7W,True,PASS,-0.08889488220214845,2.0,False,True,True,False,0,observed,0.3333333333333333,0.0,1.0,0.8023430389625102,0.7116401272737571
beam_clear,,,IGERSRYRDLK,0.696894645690918,-0.04903513193130493,2,C5S;Q6R,True,PASS,-0.08903513193130494,2.0,False,True,True,False,0,observed,0.3333333333333333,0.0,1.0,0.8021513944904536,0.7115059761433175
beam_clear,,,TGERCQYRDLN,0.6965306997299194,-0.04939907789230347,2,I1T;K11N,True,PASS,-0.08939907789230347,2.0,False,True,True,False,0,observed,0.3333333333333333,0.0,1.0,0.8016540799361066,0.7111578559552746
beam_clear,,,IGDRCQYKDLK,0.6956197023391724,-0.05031007528305054,2,E3D;R8K,True,PASS,-0.09031007528305054,2.0,False,True,True,False,0,observed,0.3333333333333333,0.0,1.0,0.8004092460598144,0.7102864722418701
beam_clear,,,LGERCQYRQLK,0.6953473687171936,-0.0505824089050293,2,I1L;D9Q,True,PASS,-0.0905824089050293,2.0,False,True,True,False,0,observed,0.3333333333333333,0.0,1.0,0.800037115336131,0.7100259807352917
beam_clear,,,LGERCQFRDLK,0.6953252553939819,-0.05060452222824097,2,I1L;Y7F,True,PASS,-0.09060452222824097,2.0,False,True,True,False,0,observed,0.3333333333333333,0.0,1.0,0.8000068985494191,0.7100048289845934
beam_clear,,,IGERCQYRNLK,0.6952162981033325,-0.05071347951889038,1,D9N,True,PASS,-0.07071347951889038,1.0,False,True,True,False,0,observed,0.5,0.0,1.0,0.7998580136811999,0.7349006095768398
beam_clear,,,IGERTQYRDLH,0.6951153874397278,-0.05081439018249512,2,C5T;K11H,True,PASS,-0.09081439018249512,2.0,False,True,True,False,0,observed,0.3333333333333333,0.0,1.0,0.7997201241396819,0.7098040868977773
beam_clear,,,IGERTQYRDMK,0.6949859857559204,-0.05094379186630249,2,C5T;L10M,True,PASS,-0.0909437918663025,2.0,False,True,True,False,0,observed,0.3333333333333333,0.0,1.0,0.7995433029969555,0.7096803120978689
beam_clear,,,IGERCQYRDMR,0.6945940852165222,-0.051335692405700684,2,L10M;K11R,True,PASS,-0.09133569240570069,2.0,False,True,True,False,0,observed,0.3333333333333333,0.0,1.0,0.7990077898631802,0.7093054529042261
beam_clear,,,IGERCQFRDLN,0.6942875981330872,-0.05164217948913574,2,Y7F;K11N,True,PASS,-0.09164217948913575,2.0,False,True,True,False,0,observed,0.3333333333333333,0.0,1.0,0.7985889900861655,0.7090122930603158
beam_clear,,,TGERCQYRDMK,0.6940292119979858,-0.05190056562423706,2,I1T;L10M,True,PASS,-0.09190056562423707,2.0,False,True,True,False,0,observed,0.3333333333333333,0.0,1.0,0.7982359179287639,0.7087651425501347
beam_clear,,,IGERCRYRELK,0.6933568120002747,-0.05257296562194824,2,Q6R;D9E,True,PASS,-0.09257296562194825,2.0,False,True,True,False,0,observed,0.3333333333333333,0.0,1.0,0.7973171158508752,0.7081219810956126
beam_clear,,,TGERCQYRDLH,0.692553699016571,-0.053376078605651855,2,I1T;K11H,True,PASS,-0.09337607860565186,2.0,False,True,True,False,0,observed,0.3333333333333333,0.0,1.0,0.7962197007992422,0.7073537905594696
beam_clear,,,TGERCQWRDLK,0.6922170519828796,-0.05371272563934326,2,I1T;Y7W,True,PASS,-0.09371272563934327,2.0,False,True,True,False,0,observed,0.3333333333333333,0.0,1.0,0.7957596889088144,0.7070317822361701
beam_clear,,,IGERCQFRDLH,0.6917436718940735,-0.054186105728149414,2,Y7F;K11H,True,PASS,-0.09418610572814942,2.0,False,True,True,False,0,observed,0.3333333333333333,0.0,1.0,0.7951128379113326,0.7065789865379328
beam_clear,,,IGERCQFRDMK,0.6915256977081299,-0.05440407991409302,2,Y7F;L10M,True,PASS,-0.09440407991409303,2.0,False,False,False,True,1,strong_local_support,0.3333333333333333,1.0,0.5,0.7948149867280299,0.706370490709621
beam_clear,,,IGQRCQYKDLK,0.6901925206184387,-0.05573725700378418,2,E3Q;R8K,True,PASS,-0.09573725700378419,2.0,False,True,True,False,0,observed,0.3333333333333333,0.0,1.0,0.7929932647108207,0.7050952852975745
beam_clear,,,IGRRCQYKDLK,0.6900156140327454,-0.05591416358947754,2,E3R;R8K,True,PASS,-0.09591416358947755,2.0,False,True,True,False,0,observed,0.3333333333333333,0.0,1.0,0.7927515304171256,0.7049260712919879
beam_clear,,,IGDRCEYRDLK,0.6892594695091248,-0.056670308113098145,2,E3D;Q6E,True,PASS,-0.09667030811309815,2.0,False,True,True,False,0,observed,0.3333333333333333,0.0,1.0,0.7917182954946812,0.7042028068462768
beam_clear,,,IGERCEWRDLK,0.6892003417015076,-0.05672943592071533,2,Q6E;Y7W,True,PASS,-0.09672943592071534,2.0,False,False,False,True,1,strong_local_support,0.3333333333333333,1.0,0.5,0.7916375002051443,0.7041462501436011
beam_clear,,,IGERCEFRDLK,0.6889851093292236,-0.05694466829299927,2,Q6E;Y7F,True,PASS,-0.09694466829299928,2.0,False,False,False,True,1,strong_local_support,0.3333333333333333,1.0,0.5,0.7913433955776062,0.7039403769043244
beam_clear,,,IGERCQYHQLK,0.6882064938545227,-0.057723283767700195,2,R8H;D9Q,True,PASS,-0.0977232837677002,2.0,False,True,True,False,0,observed,0.3333333333333333,0.0,1.0,0.7902794551872633,0.7031956186310843
beam_clear,,,IGQRCEYRDLK,0.6878107190132141,-0.05811905860900879,2,E3Q;Q6E,True,PASS,-0.0981190586090088,2.0,False,True,True,False,0,observed,0.3333333333333333,0.0,1.0,0.7897386480072986,0.702817053605109
beam_clear,,,IGERCQYRNMK,0.6877205967903137,-0.05820918083190918,2,D9N;L10M,True,PASS,-0.09820918083190919,2.0,False,True,True,False,0,observed,0.3333333333333333,0.0,1.0,0.7896155003482465,0.7027308502437725
beam_clear,,,IGRRCEYRDLK,0.6868285536766052,-0.059101223945617676,2,E3R;Q6E,True,PASS,-0.09910122394561768,2.0,False,True,True,False,0,observed,0.3333333333333333,0.0,1.0,0.7883965665748502,0.7018775966023951
beam_clear,,,IGKRCQYKDLK,0.6860277056694031,-0.059902071952819824,2,E3K;R8K,True,PASS,-0.09990207195281983,2.0,False,True,True,False,0,observed,0.3333333333333333,0.0,1.0,0.7873022465040664,0.7011115725528465
beam_clear,,,IGERCQYQDLR,0.6858924031257629,-0.06003737449645996,2,R8Q;K11R,True,PASS,-0.10003737449645997,2.0,False,True,True,False,0,observed,0.3333333333333333,0.0,1.0,0.7871173621217592,0.7009821534852314
beam_clear,,,MGERCQYRDLQ,0.6856313347816467,-0.06029844284057617,2,I1M;K11Q,True,PASS,-0.10029844284057618,2.0,False,True,True,False,0,observed,0.3333333333333333,0.0,1.0,0.7867606248554573,0.7007324373988201
beam_clear,,,LGERCQYRDLN,0.6854405403137207,-0.0604892373085022,2,I1L;K11N,True,PASS,-0.1004892373085022,2.0,False,True,True,False,0,observed,0.3333333333333333,0.0,1.0,0.7864999134423448,0.7005499394096414
beam_clear,,,IGERCQYQNLK,0.6850789785385132,-0.06085079908370972,2,R8Q;D9N,True,PASS,-0.10085079908370972,2.0,False,True,True,False,0,observed,0.3333333333333333,0.0,1.0,0.786005856762576,0.7002040997338032
beam_clear,,,VGERCQYKDLK,0.6840553283691406,-0.061874449253082275,2,I1V;R8K,True,PASS,-0.10187444925308228,2.0,False,True,True,False,0,observed,0.3333333333333333,0.0,1.0,0.7846070883124686,0.6992249618187281
beam_clear,,,IGERCQYHDLE,0.6838447451591492,-0.06208503246307373,2,R8H;K11E,True,PASS,-0.10208503246307374,2.0,False,True,True,False,0,observed,0.3333333333333333,0.0,1.0,0.7843193365403579,0.6990235355782505
beam_clear,,,IGKRCEYRDLK,0.683501660823822,-0.06242811679840088,2,E3K;Q6E,True,PASS,-0.10242811679840089,2.0,False,True,True,False,0,observed,0.3333333333333333,0.0,1.0,0.7838505283885693,0.6986953698719984
beam_clear,,,LGERCQYRDMK,0.6826340556144714,-0.06329572200775146,2,I1L;L10M,True,PASS,-0.10329572200775147,2.0,False,True,True,False,0,observed,0.3333333333333333,0.0,1.0,0.7826649878295987,0.6978654914807191
beam_clear,,,IGNRSQYRDLK,0.6825147271156311,-0.0634150505065918,2,E3N;C5S,True,PASS,-0.1034150505065918,2.0,False,True,True,False,0,observed,0.3333333333333333,0.0,1.0,0.7825019312069648,0.6977513518448754
beam_clear,,,IGDRCQYRDLR,0.6821812987327576,-0.06374847888946533,2,E3D;K11R,True,PASS,-0.10374847888946534,2.0,False,True,True,False,0,observed,0.3333333333333333,0.0,1.0,0.7820463174472174,0.6974324222130521
beam_clear,,,LGERCQYRDLH,0.6821068525314331,-0.0638229250907898,2,I1L;K11H,True,PASS,-0.1038229250907898,2.0,False,True,True,False,0,observed,0.3333333333333333,0.0,1.0,0.7819445903135163,0.6973612132194613
beam_clear,,,IGERCQYQDLK,0.681437075138092,-0.06449270248413086,1,R8Q,True,PASS,-0.08449270248413086,1.0,False,True,True,False,0,observed,0.5,0.0,1.0,0.7810293718976635,0.7217205603283644
beam_clear,,,IGERCQYRNLN,0.6813997626304626,-0.06453001499176025,2,D9N;K11N,True,PASS,-0.10453001499176026,2.0,False,True,True,False,0,observed,0.3333333333333333,0.0,1.0,0.7809783861605162,0.6966848703123613
beam_clear,,,MGERTQYRDLK,0.6809590458869934,-0.06497073173522949,2,I1M;C5T,True,PASS,-0.1049707317352295,2.0,False,True,True,False,0,observed,0.3333333333333333,0.0,1.0,0.7803761680447544,0.6962633176313281
beam_clear,,,FGERCQYKDLK,0.6805190443992615,-0.06541073322296143,2,I1F;R8K,True,PASS,-0.10541073322296143,2.0,False,True,True,False,0,observed,0.3333333333333333,0.0,1.0,0.779774927291366,0.6958424491039562
beam_clear,,,IGDRCQYRDLE,0.6787250638008118,-0.06720471382141113,2,E3D;K11E,True,PASS,-0.10720471382141114,2.0,False,True,True,False,0,observed,0.3333333333333333,0.0,1.0,0.7773235395650746,0.6941264776955522
beam_clear,,,IGERCQYQDLQ,0.6784404516220093,-0.06748932600021362,2,R8Q;K11Q,True,PASS,-0.10748932600021363,2.0,False,True,True,False,0,observed,0.3333333333333333,0.0,1.0,0.7769346307873138,0.6938542415511196
beam_clear,,,LGERCQWRDLK,0.67828369140625,-0.0676460862159729,2,I1L;Y7W,True,PASS,-0.10764608621597291,2.0,False,True,True,False,0,observed,0.3333333333333333,0.0,1.0,0.7767204255338037,0.6937042978736626
beam_clear,,,IGERCQWRDLN,0.6780294179916382,-0.06790035963058472,2,Y7W;K11N,True,PASS,-0.10790035963058472,2.0,False,True,True,False,0,observed,0.3333333333333333,0.0,1.0,0.7763729732100494,0.6934610812470345
beam_clear,,,VGERCEYRDLK,0.6773273944854736,-0.06860238313674927,2,I1V;Q6E,True,PASS,-0.10860238313674928,2.0,False,True,True,False,0,observed,0.3333333333333333,0.0,1.0,0.7754136920405278,0.6927895844283695
beam_clear,,,MGERCQFRDLK,0.6773101687431335,-0.06861960887908936,2,I1M;Y7F,True,PASS,-0.10861960887908936,2.0,False,True,True,False,0,observed,0.3333333333333333,0.0,1.0,0.7753901538967011,0.6927731077276907
beam_clear,,,IGDRCQYRDLK,0.6766864061355591,-0.06924337148666382,1,E3D,True,PASS,-0.08924337148666382,1.0,False,True,True,False,0,observed,0.5,0.0,1.0,0.7745378124602056,0.7171764687221438
beam_clear,,,AGERCQYKDLK,0.6762332916259766,-0.06969648599624634,2,I1A;R8K,True,PASS,-0.10969648599624635,2.0,False,True,True,False,0,observed,0.3333333333333333,0.0,1.0,0.7739186533966377,0.6917430573776464
beam_clear,,,IGERCQYHDLR,0.6743154525756836,-0.0716143250465393,2,R8H;K11R,True,PASS,-0.11161432504653931,2.0,False,True,True,False,0,observed,0.3333333333333333,0.0,1.0,0.7712980190860139,0.6899086133602097
beam_clear,,,IGERCQWRDLH,0.6741117835044861,-0.07181799411773682,2,Y7W;K11H,True,PASS,-0.11181799411773682,2.0,False,True,True,False,0,observed,0.3333333333333333,0.0,1.0,0.7710197151501796,0.6897138006051258
beam_clear,,,IGERCQWRDMK,0.6741108894348145,-0.07181888818740845,2,Y7W;L10M,True,PASS,-0.11181888818740846,2.0,False,False,False,True,1,strong_local_support,0.3333333333333333,1.0,0.5,0.7710184934472128,0.6897129454130491
beam_clear,,,FGERCEYRDLK,0.6737772822380066,-0.07215249538421631,2,I1F;Q6E,True,PASS,-0.11215249538421632,2.0,False,True,True,False,0,observed,0.3333333333333333,0.0,1.0,0.7705626353468722,0.6893938447428105
beam_clear,,,IGERCQYRDMH,0.6736120581626892,-0.07231771945953369,2,L10M;K11H,True,PASS,-0.1123177194595337,2.0,False,True,True,False,0,observed,0.3333333333333333,0.0,1.0,0.7703368646386098,0.6892358052470269
beam_clear,,,MGERCQYRQLK,0.6732912063598633,-0.07263857126235962,2,I1M;D9Q,True,PASS,-0.11263857126235963,2.0,False,False,False,True,1,strong_local_support,0.3333333333333333,1.0,0.5,0.7698984361672621,0.6889289053170835
beam_clear,,,IGQRCQYRDLR,0.6723474860191345,-0.07358229160308838,2,E3Q;K11R,True,PASS,-0.11358229160308839,2.0,False,True,True,False,0,observed,0.3333333333333333,0.0,1.0,0.7686088879623856,0.6880262215736699
beam_clear,,,IGRRCQYRDLR,0.6713260412216187,-0.07460373640060425,2,E3R;K11R,True,PASS,-0.11460373640060426,2.0,False,True,True,False,0,observed,0.3333333333333333,0.0,1.0,0.767213133046263,0.6870491931323841
beam_clear,,,IGERCQFRNLK,0.6706646084785461,-0.07526516914367676,2,Y7F;D9N,True,PASS,-0.11526516914367677,2.0,False,True,True,False,0,observed,0.3333333333333333,0.0,1.0,0.7663093171914336,0.6864165220340035
beam_clear,,,IGERTQYRNLK,0.6705973148345947,-0.07533246278762817,2,C5T;D9N,True,PASS,-0.11533246278762818,2.0,False,True,True,False,0,observed,0.3333333333333333,0.0,1.0,0.7662173636814666,0.6863521545770266
beam_clear,,,IGERSTYRDLK,0.6703264713287354,-0.07560330629348755,2,C5S;Q6T,True,PASS,-0.11560330629348756,2.0,False,True,True,False,0,observed,0.3333333333333333,0.0,1.0,0.7658472691293945,0.6860930883905761
beam_clear,,,IGERCEYHDLK,0.6700911521911621,-0.07583862543106079,2,Q6E;R8H,True,PASS,-0.1158386254310608,2.0,False,False,False,True,1,strong_local_support,0.3333333333333333,1.0,0.5,0.765525716908536,0.6858680018359753
beam_clear,,,IGERCQWRNLK,0.670018196105957,-0.07591158151626587,2,Y7W;D9N,True,PASS,-0.11591158151626588,2.0,False,True,True,False,0,observed,0.3333333333333333,0.0,1.0,0.7654260259464462,0.6857982181625123
beam_clear,,,AGERCEYRDLK,0.6694461107254028,-0.07648366689682007,2,I1A;Q6E,True,PASS,-0.11648366689682008,2.0,False,True,True,False,0,observed,0.3333333333333333,0.0,1.0,0.764644298941431,0.6852510092590017
beam_clear,,,VGERCQYRDLE,0.6690545082092285,-0.07687526941299438,2,I1V;K11E,True,PASS,-0.11687526941299439,2.0,False,True,True,False,0,observed,0.3333333333333333,0.0,1.0,0.7641091930419781,0.6848764351293847
beam_clear,,,IGERCQYHDLK,0.6685398817062378,-0.07738989591598511,1,R8H,True,PASS,-0.09738989591598511,1.0,False,True,True,False,0,observed,0.5,0.0,1.0,0.7634059808142951,0.7093841865700065
beam_clear,,,MGERCQYRDLN,0.6681735515594482,-0.07775622606277466,2,I1M;K11N,True,PASS,-0.11775622606277467,2.0,False,True,True,False,0,observed,0.3333333333333333,0.0,1.0,0.76290540838537,0.684033785869759
beam_clear,,,VGERCQYRDLR,0.6678003668785095,-0.07812941074371338,2,I1V;K11R,True,PASS,-0.11812941074371339,2.0,False,True,True,False,0,observed,0.3333333333333333,0.0,1.0,0.762395469567033,0.683676828696923
beam_clear,,,IGQRCQYRDLE,0.6676658391952515,-0.07826393842697144,2,E3Q;K11E,True,PASS,-0.11826393842697144,2.0,False,True,True,False,0,observed,0.3333333333333333,0.0,1.0,0.7622116439939637,0.6835481507957746
beam_clear,,,IGERCQFQDLK,0.6668888330459595,-0.07904094457626343,2,Y7F;R8Q,True,PASS,-0.11904094457626344,2.0,False,False,False,True,1,strong_local_support,0.3333333333333333,1.0,0.5,0.7611499026689608,0.6828049318682726
beam_clear,,,IGKRCQYRDLR,0.6662305593490601,-0.07969921827316284,2,E3K;K11R,True,PASS,-0.11969921827316285,2.0,False,True,True,False,0,observed,0.3333333333333333,0.0,1.0,0.7602504034979474,0.6821752824485632
beam_clear,,,TGERCQYRNLK,0.6660923957824707,-0.0798373818397522,2,I1T;D9N,True,PASS,-0.1198373818397522,2.0,False,True,True,False,0,observed,0.3333333333333333,0.0,1.0,0.7600616096661464,0.6820431267663025
beam_clear,,,IGRRCQYRDLK,0.6658503413200378,-0.08007943630218506,1,E3R,True,PASS,-0.10007943630218506,1.0,False,True,True,False,0,observed,0.5,0.0,1.0,0.7597308539496048,0.7068115977647232
beam_clear,,,IGERTQYQDLK,0.6658035516738892,-0.08012622594833374,2,C5T;R8Q,True,PASS,-0.12012622594833375,2.0,False,True,True,False,0,observed,0.3333333333333333,0.0,1.0,0.7596669181610096,0.6817668427127067
beam_clear,,,IGERCQYHDLQ,0.6652433276176453,-0.08068645000457764,2,R8H;K11Q,True,PASS,-0.12068645000457764,2.0,False,True,True,False,0,observed,0.3333333333333333,0.0,1.0,0.7589013990820206,0.6812309793574144
beam_clear,,,IGQRCQYRDLK,0.6652045845985413,-0.08072519302368164,1,E3Q,True,PASS,-0.10072519302368164,1.0,False,True,True,False,0,observed,0.5,0.0,1.0,0.7588484586201264,0.7061939210340884
beam_clear,,,IGDRCQYRDLQ,0.6650079488754272,-0.08092182874679565,2,E3D;K11Q,True,PASS,-0.12092182874679566,2.0,False,True,True,False,0,observed,0.3333333333333333,0.0,1.0,0.7585797654142976,0.6810058357900083
beam_clear,,,MGERCQYRDMK,0.6648947596549988,-0.08103501796722412,2,I1M;L10M,True,PASS,-0.12103501796722413,2.0,False,True,True,False,0,observed,0.3333333333333333,0.0,1.0,0.7584250978187023,0.6808975684730916
beam_clear,,,FGERCQYRDLE,0.6645779609680176,-0.08135181665420532,2,I1F;K11E,True,PASS,-0.12135181665420533,2.0,False,True,True,False,0,observed,0.3333333333333333,0.0,1.0,0.7579922077341372,0.6805945454138961
beam_clear,,,FGERCQYRDLR,0.6639524698257446,-0.08197730779647827,2,I1F;K11R,True,PASS,-0.12197730779647828,2.0,False,True,True,False,0,observed,0.3333333333333333,0.0,1.0,0.7571375043385726,0.6799962530370008
beam_clear,,,MGERCQYRDLH,0.6637718081474304,-0.08215796947479248,2,I1M;K11H,True,PASS,-0.12215796947479249,2.0,False,True,True,False,0,observed,0.3333333333333333,0.0,1.0,0.7568906388924171,0.679823447224692
beam_clear,,,IGDRTQYRDLK,0.6624733209609985,-0.08345645666122437,2,E3D;C5T,True,PASS,-0.12345645666122437,2.0,False,False,False,True,1,strong_local_support,0.3333333333333333,1.0,0.5,0.7551163189503193,0.6785814232652236
beam_clear,,,TGERCQYQDLK,0.662209153175354,-0.0837206244468689,2,I1T;R8Q,True,PASS,-0.1237206244468689,2.0,False,True,True,False,0,observed,0.3333333333333333,0.0,1.0,0.7547553464470659,0.6783287425129461
beam_clear,,,IGERCTYRELK,0.6618868708610535,-0.08404290676116943,2,Q6T;D9E,True,PASS,-0.12404290676116944,2.0,False,True,True,False,0,observed,0.3333333333333333,0.0,1.0,0.7543149632509711,0.6780204742756798
beam_clear,,,VGERCQYRDLK,0.6615160703659058,-0.08441370725631714,1,I1V,True,PASS,-0.10441370725631714,1.0,False,True,True,False,0,observed,0.5,0.0,1.0,0.7538082823072121,0.7026657976150483
beam_clear,,,IGRRCQYRDLE,0.6613953113555908,-0.08453446626663208,2,E3R;K11E,True,PASS,-0.12453446626663209,2.0,False,True,True,False,0,observed,0.3333333333333333,0.0,1.0,0.7536432709598313,0.6775502896718819
beam_clear,,,IGNRCQYKDLK,0.6609888672828674,-0.08494091033935547,2,E3N;R8K,True,PASS,-0.12494091033935548,2.0,False,True,True,False,0,observed,0.3333333333333333,0.0,1.0,0.7530878847911298,0.6771615193537908
beam_clear,,,IGKRCQYRDLK,0.6607340574264526,-0.08519572019577026,1,E3K,True,PASS,-0.10519572019577027,1.0,False,True,True,False,0,observed,0.5,0.0,1.0,0.7527396994455953,0.7019177896119165
beam_clear,,,AGERCQYRDLE,0.6599910855293274,-0.08593869209289551,2,I1A;K11E,True,PASS,-0.12593869209289552,2.0,False,True,True,False,0,observed,0.3333333333333333,0.0,1.0,0.7517244642801948,0.6762071249961363
beam_clear,,,IGERCQHRELK,0.6599881052970886,-0.08594167232513428,2,Y7H;D9E,True,PASS,-0.12594167232513429,2.0,False,True,True,False,0,observed,0.3333333333333333,0.0,1.0,0.7517203919369722,0.6762042743558805
beam_clear,,,MGERCQWRDLK,0.6596260666847229,-0.0863037109375,2,I1M;Y7W,True,PASS,-0.1263037109375,2.0,False,True,True,False,0,observed,0.3333333333333333,0.0,1.0,0.7512256836822877,0.6758579785776013
beam_clear,,,AGERCQYRDLR,0.6592187881469727,-0.08671098947525024,2,I1A;K11R,True,PASS,-0.12671098947525025,2.0,False,True,True,False,0,observed,0.3333333333333333,0.0,1.0,0.7506691572574837,0.6754684100802386
beam_clear,,,FGERCQYRDLK,0.6579937934875488,-0.08793598413467407,1,I1F,True,PASS,-0.10793598413467408,1.0,False,True,True,False,0,observed,0.5,0.0,1.0,0.7489952612992559,0.699296682909479
beam_clear,,,LGERCQYRNLK,0.6573427319526672,-0.08858704566955566,2,I1L;D9N,True,PASS,-0.12858704566955567,2.0,False,True,True,False,0,observed,0.3333333333333333,0.0,1.0,0.7481056171988412,0.6736739320391888
beam_clear,,,IGERCQYQDLN,0.6563855409622192,-0.08954423666000366,2,R8Q;K11N,True,PASS,-0.12954423666000367,2.0,False,True,True,False,0,observed,0.3333333333333333,0.0,1.0,0.7467976620025985,0.6727583634018189
beam_clear,,,IGKRCQYRDLE,0.6563408970832825,-0.08958888053894043,2,E3K;K11E,True,PASS,-0.12958888053894044,2.0,False,True,True,False,0,observed,0.3333333333333333,0.0,1.0,0.7467366583011235,0.6727156608107864
beam_clear,,,IGNRCEYRDLK,0.6558126211166382,-0.09011715650558472,2,E3N;Q6E,True,PASS,-0.13011715650558472,2.0,False,True,True,False,0,observed,0.3333333333333333,0.0,1.0,0.7460147947414809,0.6722103563190366
beam_clear,,,IGERCQYRNLH,0.655159592628479,-0.0907701849937439,2,D9N;K11H,True,PASS,-0.1307701849937439,2.0,False,True,True,False,0,observed,0.3333333333333333,0.0,1.0,0.7451224628945393,0.6715857240261776
beam_clear,,,IGERCRYKDLK,0.6540305614471436,-0.09189921617507935,2,Q6R;R8K,True,PASS,-0.13189921617507935,2.0,False,False,False,True,1,strong_local_support,0.3333333333333333,1.0,0.5,0.74357969638808,0.6705057874716561
beam_clear,,,IGERCQYQDMK,0.6530745029449463,-0.09285527467727661,2,R8Q;L10M,True,PASS,-0.13285527467727662,2.0,False,False,False,True,1,strong_local_support,0.3333333333333333,1.0,0.5,0.7422732886822618,0.6695913020775834
beam_clear,,,IGQRCQYRDLQ,0.652947187423706,-0.09298259019851685,2,E3Q;K11Q,True,PASS,-0.13298259019851685,2.0,False,True,True,False,0,observed,0.3333333333333333,0.0,1.0,0.7420993181797912,0.6694695227258539
beam_clear,,,AGERCQYRDLK,0.652508556842804,-0.09342122077941895,1,I1A,True,PASS,-0.11342122077941895,1.0,False,True,True,False,0,observed,0.5,0.0,1.0,0.7414999507042853,0.6940499654929996
beam_clear,,,IGDRCQYRQLK,0.6522604823112488,-0.09366929531097412,2,E3D;D9Q,True,PASS,-0.13366929531097413,2.0,False,True,True,False,0,observed,0.3333333333333333,0.0,1.0,0.7411609688544339,0.6688126781981037
beam_clear,,,IGERTQYHDLK,0.6516100764274597,-0.09431970119476318,2,C5T;R8H,True,PASS,-0.1343197011947632,2.0,False,True,True,False,0,observed,0.3333333333333333,0.0,1.0,0.7402722206695282,0.6681905544686698
beam_clear,,,IGDRCQFRDLK,0.6513066291809082,-0.0946231484413147,2,E3D;Y7F,True,PASS,-0.1346231484413147,2.0,False,True,True,False,0,observed,0.3333333333333333,0.0,1.0,0.7398575746826006,0.6679003022778204
beam_clear,,,IGRRTQYRDLK,0.6512625217437744,-0.09466725587844849,2,E3R;C5T,True,PASS,-0.1346672558784485,2.0,False,True,True,False,0,observed,0.3333333333333333,0.0,1.0,0.7397973040029057,0.667858112802034
beam_clear,,,LGDRCQYRDLK,0.6507260799407959,-0.095203697681427,2,I1L;E3D,True,PASS,-0.135203697681427,2.0,False,True,True,False,0,observed,0.3333333333333333,0.0,1.0,0.7390642822228332,0.6673449975559832
beam_clear,,,TGDRCQYRDLK,0.6494067907333374,-0.0965229868888855,2,I1T;E3D,True,PASS,-0.1365229868888855,2.0,False,True,True,False,0,observed,0.3333333333333333,0.0,1.0,0.7372615373250414,0.6660830761275289
beam_clear,,,IGQRTQYRDLK,0.648897647857666,-0.09703212976455688,2,E3Q;C5T,True,PASS,-0.1370321297645569,2.0,False,True,True,False,0,observed,0.3333333333333333,0.0,1.0,0.7365658182088881,0.6655960727462217
beam_clear,,,IGKRTQYRDLK,0.6483306288719177,-0.09759914875030518,2,E3K;C5T,True,PASS,-0.13759914875030518,2.0,False,True,True,False,0,observed,0.3333333333333333,0.0,1.0,0.7357910141873515,0.665053709931146
beam_clear,,,VGERCQYRDLQ,0.6477311849594116,-0.09819859266281128,2,I1V;K11Q,True,PASS,-0.1381985926628113,2.0,False,True,True,False,0,observed,0.3333333333333333,0.0,1.0,0.7349719030715527,0.6644803321500868
beam_clear,,,LGERCQYQDLK,0.6474617123603821,-0.09846806526184082,2,I1L;R8Q,True,PASS,-0.13846806526184083,2.0,False,True,True,False,0,observed,0.3333333333333333,0.0,1.0,0.7346036817973629,0.664222577258154
beam_clear,,,FGERCQYRDLQ,0.6467227935791016,-0.09920698404312134,2,I1F;K11Q,True,PASS,-0.13920698404312135,2.0,False,True,True,False,0,observed,0.3333333333333333,0.0,1.0,0.7335939850187452,0.6635157895131216
beam_clear,,,IGRRCQYRDLQ,0.6465087532997131,-0.09942102432250977,2,E3R;K11Q,True,PASS,-0.13942102432250977,2.0,False,True,True,False,0,observed,0.3333333333333333,0.0,1.0,0.7333015093284962,0.6633110565299474
beam_clear,,,IGDRCQYRDLN,0.6463106274604797,-0.09961915016174316,2,E3D;K11N,True,PASS,-0.13961915016174317,2.0,False,True,True,False,0,observed,0.3333333333333333,0.0,1.0,0.7330307799510561,0.6631215459657392
beam_clear,,,IGERCQWQDLK,0.6462273597717285,-0.09970241785049438,2,Y7W;R8Q,True,PASS,-0.1397024178504944,2.0,False,False,False,True,1,strong_local_support,0.3333333333333333,1.0,0.5,0.732916998681416,0.6630418990769913
beam_clear,,,IGERCQYQDLH,0.6459144949913025,-0.10001528263092041,2,R8Q;K11H,True,PASS,-0.14001528263092042,2.0,False,True,True,False,0,observed,0.3333333333333333,0.0,1.0,0.7324894840899048,0.6627426388629334
beam_clear,,,VGERTQYRDLK,0.6455973386764526,-0.10033243894577026,2,I1V;C5T,True,PASS,-0.14033243894577027,2.0,False,True,True,False,0,observed,0.3333333333333333,0.0,1.0,0.732056105324153,0.6624392737269071
beam_clear,,,TGERCQYHDLK,0.6450133919715881,-0.10091638565063477,2,I1T;R8H,True,PASS,-0.14091638565063477,2.0,False,True,True,False,0,observed,0.3333333333333333,0.0,1.0,0.7312581703931118,0.6618807192751782
beam_clear,,,MGERCQYRNLK,0.6440989375114441,-0.10183084011077881,2,I1M;D9N,True,PASS,-0.14183084011077882,2.0,False,True,True,False,0,observed,0.3333333333333333,0.0,1.0,0.7300086125986815,0.6610060288190771
beam_clear,,,FGERTQYRDLK,0.6440428495407104,-0.10188692808151245,2,I1F;C5T,True,PASS,-0.14188692808151246,2.0,False,True,True,False,0,observed,0.3333333333333333,0.0,1.0,0.7299319710992317,0.6609523797694622
beam_clear,,,IGERSNYRDLK,0.6438606381416321,-0.10206913948059082,2,C5S;Q6N,True,PASS,-0.14206913948059083,2.0,False,True,True,False,0,observed,0.3333333333333333,0.0,1.0,0.7296829880346004,0.6607780916242203
beam_clear,,,IGRRCQFRDLK,0.6431107521057129,-0.10281902551651001,2,E3R;Y7F,True,PASS,-0.14281902551651002,2.0,False,True,True,False,0,observed,0.3333333333333333,0.0,1.0,0.7286583050329235,0.6600608135230465
beam_clear,,,IGERTRYRDLK,0.6425535082817078,-0.10337626934051514,2,C5T;Q6R,True,PASS,-0.14337626934051514,2.0,False,True,True,False,0,observed,0.3333333333333333,0.0,1.0,0.727896858297157,0.6595278008080099
beam_clear,,,LGQRCQYRDLK,0.6421728134155273,-0.10375696420669556,2,I1L;E3Q,True,PASS,-0.14375696420669556,2.0,False,True,True,False,0,observed,0.3333333333333333,0.0,1.0,0.7273766571738989,0.6591636600217292
beam_clear,,,IGKRCQFRDLK,0.6419105529785156,-0.10401922464370728,2,E3K;Y7F,True,PASS,-0.14401922464370728,2.0,False,True,True,False,0,observed,0.3333333333333333,0.0,1.0,0.7270182909703079,0.6589128036792156
beam_clear,,,IGNRCQYRDLR,0.6416102051734924,-0.10431957244873047,2,E3N;K11R,True,PASS,-0.14431957244873048,2.0,False,True,True,False,0,observed,0.3333333333333333,0.0,1.0,0.7266078802203317,0.6586255161542323
beam_clear,,,IGQRCQFRDLK,0.6414750218391418,-0.10445475578308105,2,E3Q;Y7F,True,PASS,-0.14445475578308106,2.0,False,True,True,False,0,observed,0.3333333333333333,0.0,1.0,0.7264231587317534,0.6584962111122274
beam_clear,,,IGDRCQYRDMK,0.6414362788200378,-0.10449349880218506,2,E3D;L10M,True,PASS,-0.14449349880218507,2.0,False,True,True,False,0,observed,0.3333333333333333,0.0,1.0,0.7263702182698593,0.6584591527889014
beam_clear,,,IGKRCQYRDLQ,0.6412367224693298,-0.10469305515289307,2,E3K;K11Q,True,PASS,-0.14469305515289307,2.0,False,True,True,False,0,observed,0.3333333333333333,0.0,1.0,0.7260975341676723,0.6582682739173706
beam_clear,,,IGDRCQWRDLK,0.6404644846916199,-0.10546529293060303,2,E3D;Y7W,True,PASS,-0.14546529293060304,2.0,False,True,True,False,0,observed,0.3333333333333333,0.0,1.0,0.7250423085918256,0.657529616014278
beam_clear,,,TGRRCQYRDLK,0.6400776505470276,-0.10585212707519531,2,I1T;E3R,True,PASS,-0.14585212707519532,2.0,False,True,True,False,0,observed,0.3333333333333333,0.0,1.0,0.7245137184415289,0.6571596029090703
beam_clear,,,IGERCQYHDLN,0.639333188533783,-0.10659658908843994,2,R8H;K11N,True,PASS,-0.14659658908843995,2.0,False,False,False,True,1,strong_local_support,0.3333333333333333,1.0,0.5,0.7234964471045171,0.6564475129731621
beam_clear,,,IGRRCQYRQLK,0.6386684775352478,-0.1072613000869751,2,E3R;D9Q,True,PASS,-0.1472613000869751,2.0,False,True,True,False,0,observed,0.3333333333333333,0.0,1.0,0.7225881516721429,0.6558117061705
beam_clear,,,IGERCEHRDLK,0.6385508179664612,-0.10737895965576172,2,Q6E;Y7H,True,PASS,-0.14737895965576173,2.0,False,False,False,True,1,strong_local_support,0.3333333333333333,1.0,0.5,0.7224273755617135,0.6556991628931996
beam_clear,,,AGERCQYRDLQ,0.6384261250495911,-0.10750365257263184,2,I1A;K11Q,True,PASS,-0.14750365257263184,2.0,False,True,True,False,0,observed,0.3333333333333333,0.0,1.0,0.722256988721279,0.6555798921048953
beam_clear,,,IGNRCQYRDLK,0.6381756663322449,-0.10775411128997803,1,E3N,True,PASS,-0.12775411128997802,1.0,False,True,True,False,0,observed,0.5,0.0,1.0,0.7219147489968495,0.6803403242977946
beam_clear,,,IGERCQHKDLK,0.6379696130752563,-0.10796016454696655,2,Y7H;R8K,True,PASS,-0.14796016454696656,2.0,False,False,False,True,1,strong_local_support,0.3333333333333333,1.0,0.5,0.7216331871864372,0.6551432310305062
beam_clear,,,VGERCQFRDLK,0.6376880407333374,-0.1082417368888855,2,I1V;Y7F,True,PASS,-0.1482417368888855,2.0,False,True,True,False,0,observed,0.3333333333333333,0.0,1.0,0.7212484321987636,0.6548739025391345
beam_clear,,,IGKRCQYRQLK,0.6371614336967468,-0.10876834392547607,2,E3K;D9Q,True,PASS,-0.14876834392547608,2.0,False,True,True,False,0,observed,0.3333333333333333,0.0,1.0,0.7205288491513258,0.654370194405928
beam_clear,,,IGQRCQYRQLK,0.6365944147109985,-0.10933536291122437,2,E3Q;D9Q,True,PASS,-0.14933536291122437,2.0,False,True,True,False,0,observed,0.3333333333333333,0.0,1.0,0.719754045129789,0.6538278315908523
beam_clear,,,IGERCQYHNLK,0.6365659832954407,-0.10936379432678223,2,R8H;D9N,True,PASS,-0.14936379432678223,2.0,False,True,True,False,0,observed,0.3333333333333333,0.0,1.0,0.7197151949754452,0.6538006364828116
beam_clear,,,VGERCQYRDLN,0.6364678144454956,-0.1094619631767273,2,I1V;K11N,True,PASS,-0.1494619631767273,2.0,False,True,True,False,0,observed,0.3333333333333333,0.0,1.0,0.7195810519896919,0.6537067363927843
beam_clear,,,TGKRCQYRDLK,0.6362946033477783,-0.10963517427444458,2,I1T;E3K,True,PASS,-0.1496351742744446,2.0,False,True,True,False,0,observed,0.3333333333333333,0.0,1.0,0.7193443674015929,0.653541057181115
beam_clear,,,AGERTQYRDLK,0.6362267732620239,-0.10970300436019897,2,I1A;C5T,True,PASS,-0.14970300436019898,2.0,False,False,False,True,1,strong_local_support,0.3333333333333333,1.0,0.5,0.719251680869846,0.6534761766088923
beam_clear,,,IGDRCQYRDLH,0.6346777677536011,-0.11125200986862183,2,E3D;K11H,True,PASS,-0.15125200986862183,2.0,False,True,True,False,0,observed,0.3333333333333333,0.0,1.0,0.7171350397564543,0.6519945278295181
beam_clear,,,IGERSQHRDLK,0.6344040036201477,-0.1115257740020752,2,C5S;Y7H,True,PASS,-0.1515257740020752,2.0,False,True,True,False,0,observed,0.3333333333333333,0.0,1.0,0.716760954308024,0.6517326680156168
beam_clear,,,IGRRCQWRDLK,0.6340581774711609,-0.11187160015106201,2,E3R;Y7W,True,PASS,-0.15187160015106202,2.0,False,True,True,False,0,observed,0.3333333333333333,0.0,1.0,0.7162883996004705,0.6514018797203294
beam_clear,,,IGERCNYRELK,0.6339214444160461,-0.11200833320617676,2,Q6N;D9E,True,PASS,-0.15200833320617677,2.0,False,True,True,False,0,observed,0.3333333333333333,0.0,1.0,0.7161015604934166,0.6512710923453916
beam_clear,,,LGERCQYHDLK,0.6339028477668762,-0.11202692985534668,2,I1L;R8H,True,PASS,-0.1520269298553467,2.0,False,True,True,False,0,observed,0.3333333333333333,0.0,1.0,0.7160761490717074,0.6512533043501951
beam_clear,,,IGKRCQWRDLK,0.6335436105728149,-0.11238616704940796,2,E3K;Y7W,True,PASS,-0.15238616704940797,2.0,False,True,True,False,0,observed,0.3333333333333333,0.0,1.0,0.7155852688196521,0.6509096881737565
beam_clear,,,IGRRCQYRDLN,0.6328809857368469,-0.11304879188537598,2,E3R;K11N,True,PASS,-0.15304879188537598,2.0,False,True,True,False,0,observed,0.3333333333333333,0.0,1.0,0.7146798240275336,0.6502758768192736
beam_clear,,,IGQRCQWRDLK,0.6327128410339355,-0.11321693658828735,2,E3Q;Y7W,True,PASS,-0.15321693658828736,2.0,False,True,True,False,0,observed,0.3333333333333333,0.0,1.0,0.7144500624229131,0.6501150436960391
beam_clear,,,IGNRCQYRDLE,0.6321725845336914,-0.1137571930885315,2,E3N;K11E,True,PASS,-0.1537571930885315,2.0,False,True,True,False,0,observed,0.3333333333333333,0.0,1.0,0.7137118280435156,0.6495982796304609
beam_clear,,,IGQRCQYRDLN,0.6321569085121155,-0.11377286911010742,2,E3Q;K11N,True,PASS,-0.15377286911010743,2.0,False,True,True,False,0,observed,0.3333333333333333,0.0,1.0,0.7136904075181646,0.6495832852627151
beam_clear,,,FGERCQFRDLK,0.632153332233429,-0.11377644538879395,2,I1F;Y7F,True,PASS,-0.15377644538879395,2.0,False,True,True,False,0,observed,0.3333333333333333,0.0,1.0,0.7136855207062974,0.6495798644944082
beam_clear,,,IGDRCQYRNLK,0.6319798827171326,-0.11394989490509033,2,E3D;D9N,True,PASS,-0.15394989490509034,2.0,False,True,True,False,0,observed,0.3333333333333333,0.0,1.0,0.7134485103307406,0.6494139572315184
beam_clear,,,IGERCQYHDMK,0.6317723393440247,-0.11415743827819824,2,R8H;L10M,True,PASS,-0.15415743827819825,2.0,False,False,False,True,1,strong_local_support,0.3333333333333333,1.0,0.5,0.713164912348717,0.649215438644102
beam_clear,,,FGERCQYRDLN,0.6310009956359863,-0.11492878198623657,2,I1F;K11N,True,PASS,-0.15492878198623658,2.0,False,True,True,False,0,observed,0.3333333333333333,0.0,1.0,0.7121109084758371,0.6484776359330859
beam_clear,,,IGKRCQYRDLN,0.6307697296142578,-0.11516004800796509,2,E3K;K11N,True,PASS,-0.1551600480079651,2.0,False,True,True,False,0,observed,0.3333333333333333,0.0,1.0,0.7117948946417615,0.648256426249233
beam_clear,,,TGQRCQYRDLK,0.6300886273384094,-0.11584115028381348,2,I1T;E3Q,True,PASS,-0.15584115028381348,2.0,False,True,True,False,0,observed,0.3333333333333333,0.0,1.0,0.7108642013216627,0.6476049409251639
beam_clear,,,MGDRCQYRDLK,0.6297451853752136,-0.11618459224700928,2,I1M;E3D,True,PASS,-0.15618459224700929,2.0,False,True,True,False,0,observed,0.3333333333333333,0.0,1.0,0.7103949044886874,0.6472764331420812
beam_clear,,,IGRRCQYRDMK,0.6283956170082092,-0.11753416061401367,2,E3R;L10M,True,PASS,-0.15753416061401368,2.0,False,True,True,False,0,observed,0.3333333333333333,0.0,1.0,0.7085507845837538,0.6459855492086276
beam_clear,,,AGERCQFRDLK,0.627991259098053,-0.11793851852416992,2,I1A;Y7F,True,PASS,-0.15793851852416993,2.0,False,True,True,False,0,observed,0.3333333333333333,0.0,1.0,0.707998249055308,0.6455987743387155
beam_clear,,,AGERCQYRDLN,0.6277130842208862,-0.11821669340133667,2,I1A;K11N,True,PASS,-0.15821669340133668,2.0,False,True,True,False,0,observed,0.3333333333333333,0.0,1.0,0.7076181365389081,0.6453326955772357
beam_clear,,,IGNRTQYRDLK,0.6273177266120911,-0.11861205101013184,2,E3N;C5T,True,PASS,-0.15861205101013184,2.0,False,False,False,True,1,strong_local_support,0.3333333333333333,1.0,0.5,0.7070778994869947,0.6449545296408964
beam_clear,,,IGERCQYHDLH,0.6270905137062073,-0.11883926391601562,2,R8H;K11H,True,PASS,-0.15883926391601563,2.0,False,True,True,False,0,observed,0.3333333333333333,0.0,1.0,0.7067674240397017,0.6447371968277912
beam_clear,,,IGKRCQYRDMK,0.6269709467887878,-0.11895883083343506,2,E3K;L10M,True,PASS,-0.15895883083343507,2.0,False,False,False,True,1,strong_local_support,0.3333333333333333,1.0,0.5,0.70660404162961,0.6446228291407271
beam_clear,,,IGQRCQYRDMK,0.6265397667884827,-0.11939001083374023,2,E3Q;L10M,True,PASS,-0.15939001083374024,2.0,False,True,True,False,0,observed,0.3333333333333333,0.0,1.0,0.7060148550121607,0.6442103985085125
beam_clear,,,IGERTTYRDLK,0.6262577772140503,-0.11967200040817261,2,C5T;Q6T,True,PASS,-0.15967200040817262,2.0,False,True,True,False,0,observed,0.3333333333333333,0.0,1.0,0.7056295298964358,0.6439406709275051
beam_clear,,,VGERCQYRQLK,0.6260489821434021,-0.1198807954788208,2,I1V;D9Q,True,PASS,-0.1598807954788208,2.0,False,True,True,False,0,observed,0.3333333333333333,0.0,1.0,0.7053442215302587,0.643740955071181
beam_clear,,,IGERCRYRDLR,0.6255387663841248,-0.12039101123809814,2,Q6R;K11R,True,PASS,-0.16039101123809815,2.0,False,True,True,False,0,observed,0.3333333333333333,0.0,1.0,0.7046470363705453,0.6432529254593816
beam_clear,,,VGERCQYRDMK,0.6252809166908264,-0.12064886093139648,2,I1V;L10M,True,PASS,-0.1606488609313965,2.0,False,True,True,False,0,observed,0.3333333333333333,0.0,1.0,0.7042946972349238,0.6430062880644466
beam_clear,,,IGERCQFHDLK,0.6252509951591492,-0.12067878246307373,2,Y7F;R8H,True,PASS,-0.16067878246307374,2.0,False,False,False,True,1,strong_local_support,0.3333333333333333,1.0,0.5,0.7042538109089685,0.6429776676362781
beam_clear,,,MGERCQYQDLK,0.6248963475227356,-0.1210334300994873,2,I1M;R8Q,True,PASS,-0.1610334300994873,2.0,False,True,True,False,0,observed,0.3333333333333333,0.0,1.0,0.7037692020654762,0.6426384414458333
beam_clear,,,FGERCQYRQLK,0.6247192025184631,-0.12121057510375977,2,I1F;D9Q,True,PASS,-0.16121057510375977,2.0,False,True,True,False,0,observed,0.3333333333333333,0.0,1.0,0.7035271419843233,0.6424689993890262
beam_clear,,,LGRRCQYRDLK,0.62399822473526,-0.12193155288696289,2,I1L;E3R,True,PASS,-0.1619315528869629,2.0,False,True,True,False,0,observed,0.3333333333333333,0.0,1.0,0.7025419607119059,0.641779372498334
beam_clear,,,IGERCQYRDFQ,0.6237766742706299,-0.12215310335159302,2,L10F;K11Q,True,PASS,-0.16215310335159303,2.0,False,True,True,False,0,observed,0.3333333333333333,0.0,1.0,0.7022392227167359,0.641567455901715
beam_clear,,,VGERCQWRDLK,0.6230758428573608,-0.12285393476486206,2,I1V;Y7W,True,PASS,-0.16285393476486207,2.0,False,True,True,False,0,observed,0.3333333333333333,0.0,1.0,0.7012815704845033,0.6408970993391523
beam_clear,,,IGERCRYRDLK,0.6229677796363831,-0.12296199798583984,1,Q6R,True,PASS,-0.14296199798583983,1.0,False,True,True,False,0,observed,0.5,0.0,1.0,0.701133907319251,0.6657937351234756
beam_clear,,,IGERCTYKDLK,0.6210783123970032,-0.12485146522521973,2,Q6T;R8K,True,PASS,-0.16485146522521973,2.0,False,False,False,True,1,strong_local_support,0.3333333333333333,1.0,0.5,0.6985520417161066,0.6389864292012747
beam_clear,,,LGKRCQYRDLK,0.621021568775177,-0.1249082088470459,2,I1L;E3K,True,PASS,-0.1649082088470459,2.0,False,True,True,False,0,observed,0.3333333333333333,0.0,1.0,0.6984745043011479,0.6389321530108035
beam_clear,,,VGERCQYRDLH,0.6205511689186096,-0.12537860870361328,2,I1V;K11H,True,PASS,-0.1653786087036133,2.0,False,True,True,False,0,observed,0.3333333333333333,0.0,1.0,0.6978317256468887,0.6384822079528221
beam_clear,,,IGNRCQFRDLK,0.6195336580276489,-0.12639611959457397,2,E3N;Y7F,True,PASS,-0.16639611959457398,2.0,False,True,True,False,0,observed,0.3333333333333333,0.0,1.0,0.6964413462238199,0.6375089423566739
beam_clear,,,IGNRCQYRDLQ,0.6194899082183838,-0.1264398694038391,2,E3N;K11Q,True,PASS,-0.16643986940383912,2.0,False,True,True,False,0,observed,0.3333333333333333,0.0,1.0,0.6963815642253118,0.6374670949577182
beam_clear,,,MGQRCQYRDLK,0.6194368004798889,-0.12649297714233398,2,I1M;E3Q,True,PASS,-0.166492977142334,2.0,False,True,True,False,0,observed,0.3333333333333333,0.0,1.0,0.6963089950690846,0.6374162965483592
beam_clear,,,FGERCQYRDMK,0.6193290948867798,-0.12660068273544312,2,I1F;L10M,True,PASS,-0.16660068273544312,2.0,False,True,True,False,0,observed,0.3333333333333333,0.0,1.0,0.696161820585019,0.6373132744095132
beam_clear,,,IGRRCQYRNLK,0.6192492842674255,-0.12668049335479736,2,E3R;D9N,True,PASS,-0.16668049335479737,2.0,False,True,True,False,0,observed,0.3333333333333333,0.0,1.0,0.6960527632335171,0.637236934263462
beam_clear,,,IGRRCQYRDLH,0.6187648773193359,-0.12716490030288696,2,E3R;K11H,True,PASS,-0.16716490030288697,2.0,False,False,False,True,1,strong_local_support,0.3333333333333333,1.0,0.5,0.6953908445661116,0.6367735911962782
beam_clear,,,IGERCQYRDME,0.6186320185661316,-0.1272977590560913,2,L10M;K11E,True,PASS,-0.16729775905609132,2.0,False,True,True,False,0,observed,0.3333333333333333,0.0,1.0,0.6952092995052469,0.6366465096536728
beam_clear,,,IGQRCQYRDLH,0.6184502243995667,-0.12747955322265625,2,E3Q;K11H,True,PASS,-0.16747955322265626,2.0,False,True,True,False,0,observed,0.3333333333333333,0.0,1.0,0.6949608865686668,0.6364726205980668
beam_clear,,,IGNRCQYRQLK,0.618069052696228,-0.12786072492599487,2,E3N;D9Q,True,PASS,-0.16786072492599488,2.0,False,True,True,False,0,observed,0.3333333333333333,0.0,1.0,0.694440033870493,0.636108023709345
beam_clear,,,AGERCQYRQLK,0.6178457736968994,-0.1280840039253235,2,I1A;D9Q,True,PASS,-0.1680840039253235,2.0,False,False,False,True,1,strong_local_support,0.3333333333333333,1.0,0.5,0.694134933916254,0.6358944537413779
beam_clear,,,IGKRCQYRNLK,0.6177322864532471,-0.12819749116897583,2,E3K;D9N,True,PASS,-0.16819749116897584,2.0,False,True,True,False,0,observed,0.3333333333333333,0.0,1.0,0.6939798590863364,0.6357859013604354
beam_clear,,,IGQRCQYRNLK,0.6176930665969849,-0.12823671102523804,2,E3Q;D9N,True,PASS,-0.16823671102523804,2.0,False,True,True,False,0,observed,0.3333333333333333,0.0,1.0,0.6939262670495266,0.6357483869346686
beam_clear,,,FGERCQYRDLH,0.6169032454490662,-0.12902653217315674,2,I1F;K11H,True,PASS,-0.16902653217315675,2.0,False,True,True,False,0,observed,0.3333333333333333,0.0,1.0,0.6928470146486665,0.6349929102540665
beam_clear,,,VGERCQYRNLK,0.616435170173645,-0.12949460744857788,2,I1V;D9N,True,PASS,-0.1694946074485779,2.0,False,True,True,False,0,observed,0.3333333333333333,0.0,1.0,0.692207412422121,0.6345451886954847
beam_clear,,,IGKRCQYRDLH,0.6157878041267395,-0.1301419734954834,2,E3K;K11H,True,PASS,-0.1701419734954834,2.0,False,True,True,False,0,observed,0.3333333333333333,0.0,1.0,0.6913228180273023,0.6339259726191115
beam_clear,,,FGERCQWRDLK,0.6156114339828491,-0.13031834363937378,2,I1F;Y7W,True,PASS,-0.1703183436393738,2.0,False,True,True,False,0,observed,0.3333333333333333,0.0,1.0,0.6910818167553874,0.6337572717287712
beam_clear,,,IGNRCQYRDLN,0.6151164770126343,-0.13081330060958862,2,E3N;K11N,True,PASS,-0.17081330060958863,2.0,False,True,True,False,0,observed,0.3333333333333333,0.0,1.0,0.6904054819929738,0.6332838373950817
beam_clear,,,TGNRCQYRDLK,0.6149886250495911,-0.13094115257263184,2,I1T;E3N,True,PASS,-0.17094115257263184,2.0,False,True,True,False,0,observed,0.3333333333333333,0.0,1.0,0.6902307784687232,0.6331615449281062
beam_clear,,,AGERCQWRDLK,0.6144846677780151,-0.13144510984420776,2,I1A;Y7W,True,PASS,-0.17144510984420777,2.0,False,True,True,False,0,observed,0.3333333333333333,0.0,1.0,0.6895421452297773,0.6326795016608441
beam_clear,,,AGERCQYRDMK,0.6141529083251953,-0.1317768692970276,2,I1A;L10M,True,PASS,-0.1717768692970276,2.0,False,True,True,False,0,observed,0.3333333333333333,0.0,1.0,0.6890888119822346,0.6323621683875642
beam_clear,,,IGERTNYRDLK,0.6134729385375977,-0.13245683908462524,2,C5T;Q6N,True,PASS,-0.17245683908462525,2.0,False,True,True,False,0,observed,0.3333333333333333,0.0,1.0,0.6881596661525605,0.6317117663067924
beam_clear,,,IGERSQYRDFK,0.6132805347442627,-0.1326492428779602,2,C5S;L10F,True,PASS,-0.1726492428779602,2.0,False,True,True,False,0,observed,0.3333333333333333,0.0,1.0,0.6878967556741078,0.6315277289718754
beam_clear,,,IGERCRYRDLE,0.6126922965049744,-0.13323748111724854,2,Q6R;K11E,True,PASS,-0.17323748111724854,2.0,False,True,True,False,0,observed,0.3333333333333333,0.0,1.0,0.6870929565688261,0.6309650695981782
beam_clear,,,FGERCQYRNLK,0.6122540235519409,-0.13367575407028198,2,I1F;D9N,True,PASS,-0.173675754070282,2.0,False,True,True,False,0,observed,0.3333333333333333,0.0,1.0,0.6864940777745068,0.6305458544421547
beam_clear,,,MGRRCQYRDLK,0.6117318272590637,-0.13419795036315918,2,I1M;E3R,True,PASS,-0.1741979503631592,2.0,False,True,True,False,0,observed,0.3333333333333333,0.0,1.0,0.6857805217950383,0.6300463652565268
beam_clear,,,IGERCRYQDLK,0.6107056140899658,-0.13522416353225708,2,Q6R;R8Q,True,PASS,-0.1752241635322571,2.0,False,False,False,True,1,strong_local_support,0.3333333333333333,1.0,0.5,0.6843782511297596,0.6290647757908318
beam_clear,,,IGERCRYRDLQ,0.6105047464370728,-0.13542503118515015,2,Q6R;K11Q,True,PASS,-0.17542503118515015,2.0,False,True,True,False,0,observed,0.3333333333333333,0.0,1.0,0.6841037751965547,0.6288726426375882
beam_clear,,,MGERCQYHDLK,0.610277533531189,-0.13565224409103394,2,I1M;R8H,True,PASS,-0.17565224409103394,2.0,False,True,True,False,0,observed,0.3333333333333333,0.0,1.0,0.6837932997492617,0.6286553098244831
beam_clear,,,MGKRCQYRDLK,0.6102728843688965,-0.13565689325332642,2,I1M;E3K,True,PASS,-0.17565689325332642,2.0,False,True,True,False,0,observed,0.3333333333333333,0.0,1.0,0.6837869468938345,0.628650862825684
beam_clear,,,AGERCQYRDLH,0.6101348400115967,-0.13579493761062622,2,I1A;K11H,True,PASS,-0.17579493761062623,2.0,False,True,True,False,0,observed,0.3333333333333333,0.0,1.0,0.6835983159557625,0.6285188211690337
beam_clear,,,TGERCRYRDLK,0.6099990606307983,-0.13593071699142456,2,I1T;Q6R,True,PASS,-0.17593071699142457,2.0,False,True,True,False,0,observed,0.3333333333333333,0.0,1.0,0.6834127799985397,0.6283889459989778
beam_clear,,,LGNRCQYRDLK,0.6090600490570068,-0.13686972856521606,2,I1L;E3N,True,PASS,-0.17686972856521607,2.0,False,True,True,False,0,observed,0.3333333333333333,0.0,1.0,0.6821296660959549,0.6274907662671684
beam_clear,,,IGNRCQWRDLK,0.608997106552124,-0.13693267107009888,2,E3N;Y7W,True,PASS,-0.17693267107009888,2.0,False,True,True,False,0,observed,0.3333333333333333,0.0,1.0,0.6820436582070931,0.6274305607449652
beam_clear,,,AGERCQYRNLK,0.6089535355567932,-0.1369762420654297,2,I1A;D9N,True,PASS,-0.1769762420654297,2.0,False,True,True,False,0,observed,0.3333333333333333,0.0,1.0,0.6819841205491783,0.6273888843844247
beam_clear,,,IGERCRYRQLK,0.6085402369499207,-0.13738954067230225,2,Q6R;D9Q,True,PASS,-0.17738954067230225,2.0,False,True,True,False,0,observed,0.3333333333333333,0.0,1.0,0.6814193679910646,0.6269935575937452
beam_clear,,,IGERCQWHDLK,0.6061812043190002,-0.13974857330322266,2,Y7W;R8H,True,PASS,-0.17974857330322266,2.0,False,False,False,True,1,strong_local_support,0.3333333333333333,1.0,0.5,0.6781958639897634,0.6247371047928344
beam_clear,,,IGNRCQYRDMK,0.6056236624717712,-0.14030611515045166,2,E3N;L10M,True,PASS,-0.18030611515045167,2.0,False,True,True,False,0,observed,0.3333333333333333,0.0,1.0,0.6774340100196747,0.6242038070137723
beam_clear,,,VGDRCQYRDLK,0.604161262512207,-0.14176851511001587,2,I1V;E3D,True,PASS,-0.18176851511001588,2.0,False,True,True,False,0,observed,0.3333333333333333,0.0,1.0,0.6754357112003325,0.6228049978402327
beam_clear,,,IGNRCQYRNLK,0.6022446751594543,-0.14368510246276855,2,E3N;D9N,True,PASS,-0.18368510246276856,2.0,False,True,True,False,0,observed,0.3333333333333333,0.0,1.0,0.6728167872738623,0.6209717510917035
beam_clear,,,IGERCRYRDLN,0.6011611223220825,-0.14476865530014038,2,Q6R;K11N,True,PASS,-0.1847686553001404,2.0,False,False,False,True,1,strong_local_support,0.3333333333333333,1.0,0.5,0.6713361647249803,0.6199353153074862
beam_clear,,,IGNRCQYRDLH,0.6003448963165283,-0.14558488130569458,2,E3N;K11H,True,PASS,-0.1855848813056946,2.0,False,True,True,False,0,observed,0.3333333333333333,0.0,1.0,0.6702208313631676,0.6191545819542172
beam_clear,,,IGERCQYRDMN,0.600082516670227,-0.14584726095199585,2,L10M;K11N,True,PASS,-0.18584726095199586,2.0,False,True,True,False,0,observed,0.3333333333333333,0.0,1.0,0.6698623022658476,0.6189036115860933
beam_clear,,,IGERCQYRQFK,0.5991533994674683,-0.14677637815475464,2,D9Q;L10F,True,PASS,-0.18677637815475465,2.0,False,True,True,False,0,observed,0.3333333333333333,0.0,1.0,0.6685927085427621,0.6180148959799334
beam_clear,,,IGERCNYKDLK,0.5989667177200317,-0.14696305990219116,2,Q6N;R8K,True,PASS,-0.18696305990219117,2.0,False,False,False,True,1,strong_local_support,0.3333333333333333,1.0,0.5,0.6683376169632969,0.6178363318743079
beam_clear,,,IGERCTYRDLR,0.5965505242347717,-0.14937925338745117,2,Q6T;K11R,True,PASS,-0.18937925338745118,2.0,False,True,True,False,0,observed,0.3333333333333333,0.0,1.0,0.6650360054189857,0.6155252037932899
beam_clear,,,IGERCQYREFK,0.5960010886192322,-0.14992868900299072,2,D9E;L10F,True,PASS,-0.18992868900299073,2.0,False,True,True,False,0,observed,0.3333333333333333,0.0,1.0,0.6642852282224625,0.6149996597557237
beam_clear,,,AGDRCQYRDLK,0.5942962765693665,-0.15163350105285645,2,I1A;E3D,True,PASS,-0.19163350105285645,2.0,False,True,True,False,0,observed,0.3333333333333333,0.0,1.0,0.661955685005392,0.6133689795037743
beam_clear,,,IGERCRWRDLK,0.5939331650733948,-0.15199661254882812,2,Q6R;Y7W,True,PASS,-0.19199661254882813,2.0,False,False,False,True,1,strong_local_support,0.3333333333333333,1.0,0.5,0.6614595107071474,0.6130216574950033
beam_clear,,,IGERCTYRDLK,0.5936556458473206,-0.15227413177490234,1,Q6T,True,PASS,-0.17227413177490233,1.0,False,True,True,False,0,observed,0.5,0.0,1.0,0.6610802941062565,0.6377562058743794
beam_clear,,,MGNRCQYRDLK,0.5935962796211243,-0.15233349800109863,2,I1M;E3N,True,PASS,-0.19233349800109864,2.0,False,True,True,False,0,observed,0.3333333333333333,0.0,1.0,0.6609991730292618,0.6126994211204833
beam_clear,,,LGERCRYRDLK,0.5928237438201904,-0.15310603380203247,2,I1L;Q6R,True,PASS,-0.19310603380203248,2.0,False,True,True,False,0,observed,0.3333333333333333,0.0,1.0,0.6599435402190929,0.611960478153365
beam_clear,,,TGERCTYRDLK,0.5924326181411743,-0.15349715948104858,2,I1T;Q6T,True,PASS,-0.1934971594810486,2.0,False,True,True,False,0,observed,0.3333333333333333,0.0,1.0,0.6594090858945556,0.6115863601261888
beam_clear,,,IGERCRYRDMK,0.5909178256988525,-0.15501195192337036,2,Q6R;L10M,True,PASS,-0.19501195192337037,2.0,False,False,False,True,1,strong_local_support,0.3333333333333333,1.0,0.5,0.6573391952813596,0.6101374366969519
beam_clear,,,FGDRCQYRDLK,0.5900982618331909,-0.15583151578903198,2,I1F;E3D,True,PASS,-0.195831515789032,2.0,False,True,True,False,0,observed,0.3333333333333333,0.0,1.0,0.6562193008951377,0.6093535106265964
beam_clear,,,IGERCRYRNLK,0.5895648002624512,-0.15636497735977173,2,Q6R;D9N,True,PASS,-0.19636497735977174,2.0,False,True,True,False,0,observed,0.3333333333333333,0.0,1.0,0.6554903514582878,0.6088432460208014
beam_clear,,,IGERSQTRDLK,0.5895329713821411,-0.1563968062400818,2,C5S;Y7T,True,PASS,-0.1963968062400818,2.0,False,True,True,False,0,observed,0.3333333333333333,0.0,1.0,0.6554468588326702,0.6088128011828691
beam_clear,,,IGERCQTRELK,0.5877711176872253,-0.15815865993499756,2,Y7T;D9E,True,PASS,-0.19815865993499757,2.0,False,True,True,False,0,observed,0.3333333333333333,0.0,1.0,0.6530393709663186,0.607127559676423
beam_clear,,,IGERCRYRDLH,0.5864992141723633,-0.15943056344985962,2,Q6R;K11H,True,PASS,-0.19943056344985963,2.0,False,True,True,False,0,observed,0.3333333333333333,0.0,1.0,0.6513013763257666,0.6059109634280365
beam_clear,,,VGRRCQYRDLK,0.5846922993659973,-0.16123747825622559,2,I1V;E3R,True,PASS,-0.2012374782562256,2.0,False,False,False,True,1,strong_local_support,0.3333333333333333,1.0,0.5,0.648832314629889,0.6041826202409224
beam_clear,,,IGERCQYKDFK,0.5839493870735168,-0.16198039054870605,2,R8K;L10F,True,PASS,-0.20198039054870606,2.0,False,False,False,True,1,strong_local_support,0.3333333333333333,1.0,0.5,0.647817160911353,0.6034720126379471
beam_clear,,,IGERCTYRDLE,0.5829903483390808,-0.1629394292831421,2,Q6T;K11E,True,PASS,-0.2029394292831421,2.0,False,True,True,False,0,observed,0.3333333333333333,0.0,1.0,0.6465066808623121,0.6025546766036184
beam_clear,,,IGDRCQYQDLK,0.5826783180236816,-0.16325145959854126,2,E3D;R8Q,True,PASS,-0.20325145959854127,2.0,False,True,True,False,0,observed,0.3333333333333333,0.0,1.0,0.6460803065269033,0.6022562145688323
beam_clear,,,VGQRCQYRDLK,0.5821545124053955,-0.1637752652168274,2,I1V;E3Q,True,PASS,-0.2037752652168274,2.0,False,True,True,False,0,observed,0.3333333333333333,0.0,1.0,0.6453645514820947,0.6017551860374662
beam_clear,,,MGERCRYRDLK,0.5821330547332764,-0.16379672288894653,2,I1M;Q6R,True,PASS,-0.20379672288894654,2.0,False,True,True,False,0,observed,0.3333333333333333,0.0,1.0,0.6453352306108918,0.6017346614276242
beam_clear,,,VGKRCQYRDLK,0.5819913148880005,-0.1639384627342224,2,I1V;E3K,True,PASS,-0.20393846273422242,2.0,False,True,True,False,0,observed,0.3333333333333333,0.0,1.0,0.6451415499672237,0.6015990849770566
beam_clear,,,IGERCTYRQLK,0.5815544724464417,-0.16437530517578125,2,Q6T;D9Q,True,PASS,-0.20437530517578126,2.0,False,True,True,False,0,observed,0.3333333333333333,0.0,1.0,0.6445446258976514,0.6011812381283559
beam_clear,,,IGDRCQYHDLK,0.5803730487823486,-0.16555672883987427,2,E3D;R8H,True,PASS,-0.20555672883987428,2.0,False,True,True,False,0,observed,0.3333333333333333,0.0,1.0,0.6429302675973383,0.6000511873181368
beam_clear,,,AGRRCQYRDLK,0.5803394913673401,-0.1655902862548828,2,I1A;E3R,True,PASS,-0.20559028625488282,2.0,False,True,True,False,0,observed,0.3333333333333333,0.0,1.0,0.6428844130126515,0.600019089108856
beam_clear,,,IGERCTYRDLQ,0.5799129009246826,-0.16601687669754028,2,Q6T;K11Q,True,PASS,-0.2060168766975403,2.0,False,True,True,False,0,observed,0.3333333333333333,0.0,1.0,0.6423014978037649,0.5996110484626354
beam_clear,,,LGERCTYRDLK,0.5799077749252319,-0.16602200269699097,2,I1L;Q6T,True,PASS,-0.20602200269699097,2.0,False,True,True,False,0,observed,0.3333333333333333,0.0,1.0,0.642294493373422,0.5996061453613953
beam_clear,,,TGERCNYRDLK,0.5786957144737244,-0.16723406314849854,2,I1T;Q6N,True,PASS,-0.20723406314849854,2.0,False,True,True,False,0,observed,0.3333333333333333,0.0,1.0,0.6406382713847804,0.5984467899693462
beam_clear,,,AGKRCQYRDLK,0.5783319473266602,-0.16759783029556274,2,I1A;E3K,True,PASS,-0.20759783029556275,2.0,False,True,True,False,0,observed,0.3333333333333333,0.0,1.0,0.6401412011710267,0.5980988408197186
beam_clear,,,IGERCTYRDLN,0.5777532458305359,-0.168176531791687,2,Q6T;K11N,True,PASS,-0.20817653179168702,2.0,False,True,True,False,0,observed,0.3333333333333333,0.0,1.0,0.6393504335640574,0.5975453034948401
beam_clear,,,IGERCQYRDMQ,0.5772746205329895,-0.1686551570892334,2,L10M;K11Q,True,PASS,-0.2086551570892334,2.0,False,True,True,False,0,observed,0.3333333333333333,0.0,1.0,0.6386964152425038,0.5970874906697526
beam_clear,,,FGRRCQYRDLK,0.5771030783653259,-0.16882669925689697,2,I1F;E3R,True,PASS,-0.20882669925689698,2.0,False,False,False,True,1,strong_local_support,0.3333333333333333,1.0,0.5,0.6384620111666095,0.5969234078166267
beam_clear,,,FGQRCQYRDLK,0.5766753554344177,-0.16925442218780518,2,I1F;E3Q,True,PASS,-0.20925442218780518,2.0,False,True,True,False,0,observed,0.3333333333333333,0.0,1.0,0.6378775484672983,0.5965142839271087
beam_clear,,,AGQRCQYRDLK,0.5762528777122498,-0.16967689990997314,2,I1A;E3Q,True,PASS,-0.20967689990997315,2.0,False,True,True,False,0,observed,0.3333333333333333,0.0,1.0,0.637300253092059,0.5961101771644413
beam_clear,,,FGKRCQYRDLK,0.5759831666946411,-0.1699466109275818,2,I1F;E3K,True,PASS,-0.2099466109275818,2.0,False,False,False,True,1,strong_local_support,0.3333333333333333,1.0,0.5,0.6369317060304114,0.595852194221288
beam_clear,,,IGERCNYRDLR,0.5759353041648865,-0.16999447345733643,2,Q6N;K11R,True,PASS,-0.20999447345733643,2.0,False,True,True,False,0,observed,0.3333333333333333,0.0,1.0,0.636866304198256,0.5958064129387791
beam_clear,,,IGERCEYRDFK,0.5755932927131653,-0.17033648490905762,2,Q6E;L10F,True,PASS,-0.21033648490905762,2.0,False,False,False,True,1,strong_local_support,0.3333333333333333,1.0,0.5,0.6363989620900276,0.5954792734630193
beam_clear,,,VGERCQYHDLK,0.5751491785049438,-0.17078059911727905,2,I1V;R8H,True,PASS,-0.21078059911727906,2.0,False,True,True,False,0,observed,0.3333333333333333,0.0,1.0,0.6357921015029919,0.5950544710520943
beam_clear,,,IGERCRFRDLK,0.5751409530639648,-0.17078882455825806,2,Q6R;Y7F,True,PASS,-0.21078882455825806,2.0,False,False,False,True,1,strong_local_support,0.3333333333333333,1.0,0.5,0.6357808618356975,0.5950466032849883
beam_clear,,,VGNRCQYRDLK,0.5750102996826172,-0.1709194779396057,2,I1V;E3N,True,PASS,-0.21091947793960572,2.0,False,True,True,False,0,observed,0.3333333333333333,0.0,1.0,0.6356023303088176,0.5949216312161723
beam_clear,,,IGERCQYRDFR,0.5746782422065735,-0.17125153541564941,2,L10F;K11R,True,PASS,-0.21125153541564942,2.0,False,True,True,False,0,observed,0.3333333333333333,0.0,1.0,0.6351485898269527,0.5946040128788668
beam_clear,,,IGERCNYRDLK,0.5743695497512817,-0.17156022787094116,1,Q6N,True,PASS,-0.19156022787094115,1.0,False,True,True,False,0,observed,0.5,0.0,1.0,0.6347267765159532,0.6193087435611672
beam_clear,,,IGERCQTKDLK,0.5743067264556885,-0.17162305116653442,2,Y7T;R8K,True,PASS,-0.21162305116653443,2.0,False,False,False,True,1,strong_local_support,0.3333333333333333,1.0,0.5,0.6346409315208202,0.5942486520645742
beam_clear,,,IGERCQHRDLR,0.5722886919975281,-0.17364108562469482,2,Y7H;K11R,True,PASS,-0.21364108562469483,2.0,False,True,True,False,0,observed,0.3333333333333333,0.0,1.0,0.6318833850310518,0.5923183695217362
beam_clear,,,IGERTQHRDLK,0.5722054839134216,-0.17372429370880127,2,C5T;Y7H,True,PASS,-0.21372429370880128,2.0,False,True,True,False,0,observed,0.3333333333333333,0.0,1.0,0.6317696852082761,0.5922387796457933
beam_clear,,,IGERCTYRNLK,0.5717646479606628,-0.17416512966156006,2,Q6T;D9N,True,PASS,-0.21416512966156007,2.0,False,True,True,False,0,observed,0.3333333333333333,0.0,1.0,0.6311673041987854,0.5918171129391497
beam_clear,,,IGERCQYREIK,0.5714368224143982,-0.1744929552078247,2,D9E;L10I,True,PASS,-0.21449295520782471,2.0,False,True,True,False,0,observed,0.3333333333333333,0.0,1.0,0.6307193464442966,0.5915035425110076
beam_clear,,,MGERCTYRDLK,0.5710623860359192,-0.1748673915863037,2,I1M;Q6T,True,PASS,-0.21486739158630372,2.0,False,True,True,False,0,observed,0.3333333333333333,0.0,1.0,0.630207697241806,0.5911453880692642
beam_clear,,,FGERCQYHDLK,0.5706508755683899,-0.175278902053833,2,I1F;R8H,True,PASS,-0.21527890205383302,2.0,False,True,True,False,0,observed,0.3333333333333333,0.0,1.0,0.6296453880896259,0.5907517716627381
beam_clear,,,TGERCQYRDFK,0.5704196095466614,-0.17551016807556152,2,I1T;L10F,True,PASS,-0.21551016807556153,2.0,False,True,True,False,0,observed,0.3333333333333333,0.0,1.0,0.6293293742555502,0.5905305619788851
beam_clear,,,IGERCNYRQLK,0.5700550079345703,-0.1758747696876526,2,Q6N;D9Q,True,PASS,-0.2158747696876526,2.0,False,True,True,False,0,observed,0.3333333333333333,0.0,1.0,0.6288311637856943,0.590181814649986
beam_clear,,,VGERCRYRDLK,0.5700088739395142,-0.17592090368270874,2,I1V;Q6R,True,PASS,-0.21592090368270875,2.0,False,True,True,False,0,observed,0.3333333333333333,0.0,1.0,0.6287681239126081,0.5901376867388256
beam_clear,,,AGNRCQYRDLK,0.5699954032897949,-0.17593437433242798,2,I1A;E3N,True,PASS,-0.215934374332428,2.0,False,True,True,False,0,observed,0.3333333333333333,0.0,1.0,0.6287497169212417,0.5901248018448692
beam_clear,,,AGERCQYHDLK,0.5694147944450378,-0.17651498317718506,2,I1A;R8H,True,PASS,-0.21651498317718507,2.0,False,True,True,False,0,observed,0.3333333333333333,0.0,1.0,0.6279563430146099,0.5895694401102269
beam_clear,,,IGDRCRYRDLK,0.5687689185142517,-0.1771608591079712,2,E3D;Q6R,True,PASS,-0.2171608591079712,2.0,False,True,True,False,0,observed,0.3333333333333333,0.0,1.0,0.6270737847914025,0.5889516493539817
beam_clear,,,IGERCQYRDFK,0.5684730410575867,-0.17745673656463623,1,L10F,True,PASS,-0.19745673656463622,1.0,False,True,True,False,0,observed,0.5,0.0,1.0,0.6266694825562603,0.6136686377893822
beam_clear,,,IGERCTYRDLH,0.5683667659759521,-0.17756301164627075,2,Q6T;K11H,True,PASS,-0.21756301164627076,2.0,False,True,True,False,0,observed,0.3333333333333333,0.0,1.0,0.6265242627969415,0.588566983957859
beam_clear,,,IGERSQYRDIK,0.5679290294647217,-0.17800074815750122,2,C5S;L10I,True,PASS,-0.21800074815750123,2.0,False,True,True,False,0,observed,0.3333333333333333,0.0,1.0,0.6259261170244024,0.5881482819170816
beam_clear,,,IGERCQHRDLK,0.567751944065094,-0.1781778335571289,1,Y7H,True,PASS,-0.1981778335571289,1.0,False,True,True,False,0,observed,0.5,0.0,1.0,0.6256841383901139,0.6129788968730797
beam_clear,,,LGERCNYRDLK,0.5676119327545166,-0.1783178448677063,2,I1L;Q6N,True,PASS,-0.2183178448677063,2.0,False,True,True,False,0,observed,0.3333333333333333,0.0,1.0,0.6254928197055151,0.5878449737938605
beam_clear,,,IGERCTYRDMK,0.5674850344657898,-0.1784447431564331,2,Q6T;L10M,True,PASS,-0.2184447431564331,2.0,False,False,False,True,1,strong_local_support,0.3333333333333333,1.0,0.5,0.6253194193310956,0.587723593531767
beam_clear,,,IGERTQYRDFK,0.5673014521598816,-0.1786283254623413,2,C5T;L10F,True,PASS,-0.21862832546234132,2.0,False,True,True,False,0,observed,0.3333333333333333,0.0,1.0,0.6250685629885819,0.5875479940920073
beam_clear,,,AGERCRYRDLK,0.565852701663971,-0.18007707595825195,2,I1A;Q6R,True,PASS,-0.22007707595825196,2.0,False,True,True,False,0,observed,0.3333333333333333,0.0,1.0,0.6230889155011994,0.5861622408508396
beam_clear,,,IGQRCRYRDLK,0.5656760334968567,-0.1802537441253662,2,E3Q;Q6R,True,PASS,-0.22025374412536622,2.0,False,True,True,False,0,observed,0.3333333333333333,0.0,1.0,0.6228475069949622,0.5859932548964735
beam_clear,,,TGERCQHRDLK,0.5646573305130005,-0.1812724471092224,2,I1T;Y7H,True,PASS,-0.22127244710922242,2.0,False,True,True,False,0,observed,0.3333333333333333,0.0,1.0,0.6214554986346044,0.5850188490442231
beam_clear,,,FGNRCQYRDLK,0.5645869374275208,-0.18134284019470215,2,I1F;E3N,True,PASS,-0.22134284019470216,2.0,False,True,True,False,0,observed,0.3333333333333333,0.0,1.0,0.621359309887686,0.5849515169213801
beam_clear,,,FGERCRYRDLK,0.5644695162773132,-0.18146026134490967,2,I1F;Q6R,True,PASS,-0.22146026134490968,2.0,False,False,False,True,1,strong_local_support,0.3333333333333333,1.0,0.5,0.6211988595647145,0.5848392016953002
beam_clear,,,VGERCQYQDLK,0.5637067556381226,-0.18222302198410034,2,I1V;R8Q,True,PASS,-0.22222302198410035,2.0,False,True,True,False,0,observed,0.3333333333333333,0.0,1.0,0.6201565840403158,0.584109608828221
beam_clear,,,FGERCQYQDLK,0.5634053349494934,-0.1825244426727295,2,I1F;R8Q,True,PASS,-0.2225244426727295,2.0,False,True,True,False,0,observed,0.3333333333333333,0.0,1.0,0.6197447072467795,0.5838212950727456
beam_clear,,,LGERCQYRDFK,0.5623217225074768,-0.1836080551147461,2,I1L;L10F,True,PASS,-0.2236080551147461,2.0,False,True,True,False,0,observed,0.3333333333333333,0.0,1.0,0.618264003251033,0.582784802275723
beam_clear,,,IGERCNYRDLQ,0.5620734095573425,-0.18385636806488037,2,Q6N;K11Q,True,PASS,-0.22385636806488038,2.0,False,True,True,False,0,observed,0.3333333333333333,0.0,1.0,0.6179246956137239,0.5825472869296067
beam_clear,,,IGERCTWRDLK,0.561875581741333,-0.1840541958808899,2,Q6T;Y7W,True,PASS,-0.2240541958808899,2.0,False,False,False,True,1,strong_local_support,0.3333333333333333,1.0,0.5,0.617654373470606,0.5823580614294243
beam_clear,,,IGERCNYRDLN,0.5617934465408325,-0.18413633108139038,2,Q6N;K11N,True,PASS,-0.2241363310813904,2.0,False,True,True,False,0,observed,0.3333333333333333,0.0,1.0,0.6175421396913905,0.5822794977839734
beam_clear,,,IGERCNYRDLE,0.5616012811660767,-0.18432849645614624,2,Q6N;K11E,True,PASS,-0.22432849645614625,2.0,False,True,True,False,0,observed,0.3333333333333333,0.0,1.0,0.6172795550003957,0.5820956885002769
beam_clear,,,IGKRCQYHDLK,0.5605059266090393,-0.1854238510131836,2,E3K;R8H,True,PASS,-0.2254238510131836,2.0,False,False,False,True,1,strong_local_support,0.3333333333333333,1.0,0.5,0.615782805972352,0.5810479641806464
beam_clear,,,MGERCNYRDLK,0.560257613658905,-0.18567216396331787,2,I1M;Q6N,True,PASS,-0.22567216396331788,2.0,False,True,True,False,0,observed,0.3333333333333333,0.0,1.0,0.6154434983350429,0.5808104488345299
beam_clear,,,IGQRCQYHDLK,0.5601730942726135,-0.18575668334960938,2,E3Q;R8H,True,PASS,-0.22575668334960938,2.0,False,True,True,False,0,observed,0.3333333333333333,0.0,1.0,0.6153280066812492,0.5807296046768744
beam_clear,,,IGQRCQYQDLK,0.5599997043609619,-0.185930073261261,2,E3Q;R8Q,True,PASS,-0.225930073261261,2.0,False,True,True,False,0,observed,0.3333333333333333,0.0,1.0,0.6150910777525569,0.5805637544267898
beam_clear,,,IGERCETRDLK,0.5599964261054993,-0.18593335151672363,2,Q6E;Y7T,True,PASS,-0.22593335151672364,2.0,False,False,False,True,1,strong_local_support,0.3333333333333333,1.0,0.5,0.615086598175012,0.5805606187225084
beam_clear,,,IGRRCQYHDLK,0.5598552227020264,-0.18607455492019653,2,E3R;R8H,True,PASS,-0.22607455492019654,2.0,False,True,True,False,0,observed,0.3333333333333333,0.0,1.0,0.614893650553124,0.5804255553871868
beam_clear,,,VGERCTYRDLK,0.5588818192481995,-0.18704795837402344,2,I1V;Q6T,True,PASS,-0.22704795837402345,2.0,False,True,True,False,0,observed,0.3333333333333333,0.0,1.0,0.6135635418097501,0.5794944792668251
beam_clear,,,IGKRCRYRDLK,0.5588104724884033,-0.18711930513381958,2,E3K;Q6R,True,PASS,-0.2271193051338196,2.0,False,True,True,False,0,observed,0.3333333333333333,0.0,1.0,0.6134660499130005,0.5794262349391003
beam_clear,,,IGKRCQYQDLK,0.5587422251701355,-0.1871875524520874,2,E3K;R8Q,True,PASS,-0.2271875524520874,2.0,False,True,True,False,0,observed,0.3333333333333333,0.0,1.0,0.6133727932532024,0.5793609552772416
beam_clear,,,IGERCRYHDLK,0.5571262240409851,-0.1888035535812378,2,Q6R;R8H,True,PASS,-0.2288035535812378,2.0,False,False,False,True,1,strong_local_support,0.3333333333333333,1.0,0.5,0.6111646058641661,0.5778152241049163
beam_clear,,,IGRRCQYQDLK,0.5571017861366272,-0.1888279914855957,2,E3R;R8Q,True,PASS,-0.2288279914855957,2.0,False,False,False,True,1,strong_local_support,0.3333333333333333,1.0,0.5,0.6111312126497406,0.5777918488548184
beam_clear,,,IGERCNYRNLK,0.5567812919616699,-0.18914848566055298,2,Q6N;D9N,True,PASS,-0.229148485660553,2.0,False,True,True,False,0,observed,0.3333333333333333,0.0,1.0,0.6106932728595794,0.5774852910017055
beam_clear,,,AGERCQYQDLK,0.5547842979431152,-0.19114547967910767,2,I1A;R8Q,True,PASS,-0.23114547967910767,2.0,False,True,True,False,0,observed,0.3333333333333333,0.0,1.0,0.6079644771129628,0.5755751339790739
beam_clear,,,IGRRCRYRDLK,0.5547340512275696,-0.19119572639465332,2,E3R;Q6R,True,PASS,-0.23119572639465333,2.0,False,False,False,True,1,strong_local_support,0.3333333333333333,1.0,0.5,0.6078958174062293,0.5755270721843606
beam_clear,,,FGERCTYRDLK,0.5545802712440491,-0.19134950637817383,2,I1F;Q6T,True,PASS,-0.23134950637817384,2.0,False,True,True,False,0,observed,0.3333333333333333,0.0,1.0,0.6076856844959418,0.5753799791471592
beam_clear,,,LGERCQHRDLK,0.5539734959602356,-0.1919562816619873,2,I1L;Y7H,True,PASS,-0.2319562816619873,2.0,False,True,True,False,0,observed,0.3333333333333333,0.0,1.0,0.6068565554158154,0.5747995887910707
beam_clear,,,IGERCQFRDFK,0.5530237555503845,-0.19290602207183838,2,Y7F;L10F,True,PASS,-0.2329060220718384,2.0,False,False,False,True,1,strong_local_support,0.3333333333333333,1.0,0.5,0.6055587810776292,0.5738911467543405
beam_clear,,,AGERCTYRDLK,0.5528157353401184,-0.1931140422821045,2,I1A;Q6T,True,PASS,-0.2331140422821045,2.0,False,True,True,False,0,observed,0.3333333333333333,0.0,1.0,0.6052745315206899,0.5736921720644829
beam_clear,,,IGERCQHRQLK,0.5523343086242676,-0.19359546899795532,2,Y7H;D9Q,True,PASS,-0.23359546899795533,2.0,False,True,True,False,0,observed,0.3333333333333333,0.0,1.0,0.604616685196507,0.5732316796375548
beam_clear,,,MGERCQYRDFK,0.5514413118362427,-0.19448846578598022,2,I1M;L10F,True,PASS,-0.23448846578598023,2.0,False,True,True,False,0,observed,0.3333333333333333,0.0,1.0,0.6033964482732797,0.5723775137912958
beam_clear,,,IGERCNYRDLH,0.5511876940727234,-0.1947420835494995,2,Q6N;K11H,True,PASS,-0.23474208354949952,2.0,False,True,True,False,0,observed,0.3333333333333333,0.0,1.0,0.6030498918650342,0.5721349243055239
beam_clear,,,IGERCNYRDMK,0.5510429739952087,-0.19488680362701416,2,Q6N;L10M,True,PASS,-0.23488680362701417,2.0,False,False,False,True,1,strong_local_support,0.3333333333333333,1.0,0.5,0.6028521388781436,0.5719964972147006
beam_clear,,,IGERCTFRDLK,0.55068439245224,-0.1952453851699829,2,Q6T;Y7F,True,PASS,-0.23524538516998292,2.0,False,False,False,True,1,strong_local_support,0.3333333333333333,1.0,0.5,0.6023621545415973,0.5716535081791181
beam_clear,,,IGDRCTYRDLK,0.5469292402267456,-0.1990005373954773,2,E3D;Q6T,True,PASS,-0.2390005373954773,2.0,False,True,True,False,0,observed,0.3333333333333333,0.0,1.0,0.5972309206342251,0.5680616444439576
beam_clear,,,VGERCNYRDLK,0.5462082028388977,-0.1997215747833252,2,I1V;Q6N,True,PASS,-0.2397215747833252,2.0,False,True,True,False,0,observed,0.3333333333333333,0.0,1.0,0.5962456579149432,0.5673719605404602
beam_clear,,,IGERCQHRDLE,0.543201744556427,-0.2027280330657959,2,Y7H;K11E,True,PASS,-0.2427280330657959,2.0,False,True,True,False,0,observed,0.3333333333333333,0.0,1.0,0.5921374780719588,0.5644962346503711
beam_clear,,,IGNRCRYRDLK,0.5428794622421265,-0.20305031538009644,2,E3N;Q6R,True,PASS,-0.24305031538009644,2.0,False,True,True,False,0,observed,0.3333333333333333,0.0,1.0,0.5916970948758642,0.5641879664131049
beam_clear,,,IGERCQWRDFK,0.5421465039253235,-0.20378327369689941,2,Y7W;L10F,True,PASS,-0.24378327369689942,2.0,False,False,False,True,1,strong_local_support,0.3333333333333333,1.0,0.5,0.5906955427836917,0.5634868799485843
beam_clear,,,IGERCQHRDLQ,0.5419246554374695,-0.20400512218475342,2,Y7H;K11Q,True,PASS,-0.24400512218475343,2.0,False,True,True,False,0,observed,0.3333333333333333,0.0,1.0,0.5903923975541995,0.5632746782879396
beam_clear,,,FGERCNYRDLK,0.540884256362915,-0.20504552125930786,2,I1F;Q6N,True,PASS,-0.24504552125930787,2.0,False,True,True,False,0,observed,0.3333333333333333,0.0,1.0,0.5889707425351811,0.5622795197746268
beam_clear,,,IGKRCTYRDLK,0.5401269197463989,-0.20580285787582397,2,E3K;Q6T,True,PASS,-0.24580285787582398,2.0,False,True,True,False,0,observed,0.3333333333333333,0.0,1.0,0.5879358786754476,0.5615551150728133
beam_clear,,,IGERCQYKDIK,0.53626549243927,-0.20966428518295288,2,R8K;L10I,True,PASS,-0.2496642851829529,2.0,False,False,False,True,1,strong_local_support,0.3333333333333333,1.0,0.5,0.5826594250087566,0.5578615975061296
beam_clear,,,AGERCNYRDLK,0.5359967350959778,-0.20993304252624512,2,I1A;Q6N,True,PASS,-0.24993304252624512,2.0,False,True,True,False,0,observed,0.3333333333333333,0.0,1.0,0.5822921810969403,0.5576045267678581
beam_clear,,,MGERCQHRDLK,0.5359715819358826,-0.20995819568634033,2,I1M;Y7H,True,PASS,-0.24995819568634034,2.0,False,True,True,False,0,observed,0.3333333333333333,0.0,1.0,0.5822578105201413,0.5575804673640988
beam_clear,,,IGNRCQYHDLK,0.5356018543243408,-0.21032792329788208,2,E3N;R8H,True,PASS,-0.25032792329788206,2.0,False,True,True,False,0,observed,0.3333333333333333,0.0,1.0,0.5817525956199424,0.5572268169339597
beam_clear,,,IGRRCTYRDLK,0.5338466763496399,-0.212083101272583,2,E3R;Q6T,True,PASS,-0.252083101272583,2.0,False,True,True,False,0,observed,0.3333333333333333,0.0,1.0,0.5793542298024095,0.5555479608616866
beam_clear,,,IGERCQYRNFK,0.533051609992981,-0.21287816762924194,2,D9N;L10F,True,PASS,-0.2528781676292419,2.0,False,True,True,False,0,observed,0.3333333333333333,0.0,1.0,0.5782678100774775,0.5547874670542342
beam_clear,,,IGERCTYQDLK,0.5320190191268921,-0.2139107584953308,2,Q6T;R8Q,True,PASS,-0.2539107584953308,2.0,False,False,False,True,1,strong_local_support,0.3333333333333333,1.0,0.5,0.5768568245977024,0.5537997772183917
beam_clear,,,VGERCQYRDFK,0.5316145420074463,-0.2143152356147766,2,I1V;L10F,True,PASS,-0.2543152356147766,2.0,False,True,True,False,0,observed,0.3333333333333333,0.0,1.0,0.5763041261755277,0.5534128883228694
beam_clear,,,IGQRCTYRDLK,0.5312910079956055,-0.21463876962661743,2,E3Q;Q6T,True,PASS,-0.2546387696266174,2.0,False,True,True,False,0,observed,0.3333333333333333,0.0,1.0,0.5758620325952795,0.5531034228166956
beam_clear,,,IGERSQYRDTK,0.5305925011634827,-0.21533727645874023,2,C5S;L10T,True,PASS,-0.2553372764587402,2.0,False,True,True,False,0,observed,0.3333333333333333,0.0,1.0,0.5749075567907606,0.5524352897535324
beam_clear,,,IGERCQHQDLK,0.5304957628250122,-0.2154340147972107,2,Y7H;R8Q,True,PASS,-0.2554340147972107,2.0,False,False,False,True,1,strong_local_support,0.3333333333333333,1.0,0.5,0.5747753685297542,0.552342757970828
beam_clear,,,IGERCTYHDLK,0.5294230580329895,-0.2165067195892334,2,Q6T;R8H,True,PASS,-0.2565067195892334,2.0,False,False,False,True,1,strong_local_support,0.3333333333333333,1.0,0.5,0.5733095693102025,0.5513166985171418
beam_clear,,,FGERCQYRDFK,0.5289778709411621,-0.2169519066810608,2,I1F;L10F,True,PASS,-0.25695190668106077,2.0,False,True,True,False,0,observed,0.3333333333333333,0.0,1.0,0.5727012426796068,0.5508908698757247
beam_clear,,,IGERCNWRDLK,0.5261275172233582,-0.21980226039886475,2,Q6N;Y7W,True,PASS,-0.2598022603988647,2.0,False,False,False,True,1,strong_local_support,0.3333333333333333,1.0,0.5,0.5688063721746236,0.5481644605222364
beam_clear,,,IGERCQHRDLN,0.5245643258094788,-0.22136545181274414,2,Y7H;K11N,True,PASS,-0.2613654518127441,2.0,False,True,True,False,0,observed,0.3333333333333333,0.0,1.0,0.5666703467074922,0.5466692426952445
beam_clear,,,IGERTQTRDLK,0.5239582657814026,-0.2219715118408203,2,C5T;Y7T,True,PASS,-0.2619715118408203,2.0,False,True,True,False,0,observed,0.3333333333333333,0.0,1.0,0.5658421949897391,0.5460895364928173
beam_clear,,,IGERCQHRNLK,0.5235633850097656,-0.22236639261245728,2,Y7H;D9N,True,PASS,-0.26236639261245726,2.0,False,True,True,False,0,observed,0.3333333333333333,0.0,1.0,0.5653026095127412,0.5457118266589188
beam_clear,,,IGDRCNYRDLK,0.5226420760154724,-0.2232877016067505,2,E3D;Q6N,True,PASS,-0.26328770160675047,2.0,False,True,True,False,0,observed,0.3333333333333333,0.0,1.0,0.5640436853288989,0.5448305797302292
beam_clear,,,TGERCQTRDLK,0.5224425196647644,-0.2234872579574585,2,I1T;Y7T,True,PASS,-0.2634872579574585,2.0,False,True,True,False,0,observed,0.3333333333333333,0.0,1.0,0.563771001226712,0.5446397008586984
beam_clear,,,IGERCNYQDLK,0.5218412280082703,-0.22408854961395264,2,Q6N;R8Q,True,PASS,-0.2640885496139526,2.0,False,False,False,True,1,strong_local_support,0.3333333333333333,1.0,0.5,0.5629493652581151,0.5440645556806806
beam_clear,,,IGERCQYRETK,0.5217229127883911,-0.2242068648338318,2,D9E;L10T,True,PASS,-0.26420686483383177,2.0,False,True,True,False,0,observed,0.3333333333333333,0.0,1.0,0.5627876932321769,0.5439513852625238
beam_clear,,,IGNRCQYQDLK,0.5216282606124878,-0.2243015170097351,2,E3N;R8Q,True,PASS,-0.2643015170097351,2.0,False,True,True,False,0,observed,0.3333333333333333,0.0,1.0,0.5626583556114263,0.5438608489279984
beam_clear,,,IGKRCNYRDLK,0.5205570459365845,-0.22537273168563843,2,E3K;Q6N,True,PASS,-0.2653727316856384,2.0,False,True,True,False,0,observed,0.3333333333333333,0.0,1.0,0.5611945925634859,0.5428362147944401
beam_clear,,,AGERCQYRDFK,0.5203263163566589,-0.22560346126556396,2,I1A;L10F,True,PASS,-0.26560346126556394,2.0,False,True,True,False,0,observed,0.3333333333333333,0.0,1.0,0.5608793117511902,0.5426155182258331
beam_clear,,,IGERCEYRDIK,0.5200417041778564,-0.22588807344436646,2,Q6E;L10I,True,PASS,-0.26588807344436644,2.0,False,False,False,True,1,strong_local_support,0.3333333333333333,1.0,0.5,0.5604904029734296,0.5423432820814007
beam_clear,,,IGERCNFRDLK,0.5185008645057678,-0.22742891311645508,2,Q6N;Y7F,True,PASS,-0.26742891311645506,2.0,False,False,False,True,1,strong_local_support,0.3333333333333333,1.0,0.5,0.5583849200804679,0.5408694440563275
beam_clear,,,IGERCQHRDLH,0.5183911919593811,-0.2275385856628418,2,Y7H;K11H,True,PASS,-0.2675385856628418,2.0,False,True,True,False,0,observed,0.3333333333333333,0.0,1.0,0.5582350578498753,0.5407645404949126
beam_clear,,,IGNRCTYRDLK,0.5182222127914429,-0.22770756483078003,2,E3N;Q6T,True,PASS,-0.26770756483078,2.0,False,True,True,False,0,observed,0.3333333333333333,0.0,1.0,0.5580041559891524,0.5406029091924067
beam_clear,,,LGERCQTRDLK,0.5174973011016846,-0.22843247652053833,2,I1L;Y7T,True,PASS,-0.2684324765205383,2.0,False,True,True,False,0,observed,0.3333333333333333,0.0,1.0,0.5570135992236811,0.5399095194565767
beam_clear,,,IGERCQYRDIR,0.5156291127204895,-0.2303006649017334,2,L10I;K11R,True,PASS,-0.2703006649017334,2.0,False,True,True,False,0,observed,0.3333333333333333,0.0,1.0,0.5544608101511462,0.5381225671058023
beam_clear,,,IGQRCNYRDLK,0.5154296159744263,-0.23050016164779663,2,E3Q;Q6N,True,PASS,-0.2705001616477966,2.0,False,True,True,False,0,observed,0.3333333333333333,0.0,1.0,0.5541882074958238,0.5379317452470767
beam_clear,,,LGERCQYRDIK,0.5144249200820923,-0.23150485754013062,2,I1L;L10I,True,PASS,-0.2715048575401306,2.0,False,True,True,False,0,observed,0.3333333333333333,0.0,1.0,0.5528153391486124,0.5369707374040287
beam_clear,,,IGRRCNYRDLK,0.5122352838516235,-0.23369449377059937,2,E3R;Q6N,True,PASS,-0.27369449377059935,2.0,False,True,True,False,0,observed,0.3333333333333333,0.0,1.0,0.5498233071360852,0.5348763149952596
beam_clear,,,IGERCQTRQLK,0.5108290910720825,-0.23510068655014038,2,Y7T;D9Q,True,PASS,-0.27510068655014036,2.0,False,True,True,False,0,observed,0.3333333333333333,0.0,1.0,0.5479018127099217,0.5335312688969451
beam_clear,,,IGERCQHRDMK,0.5091782212257385,-0.23675155639648438,2,Y7H;L10M,True,PASS,-0.27675155639648436,2.0,False,False,False,True,1,strong_local_support,0.3333333333333333,1.0,0.5,0.5456459789051806,0.5319521852336264
beam_clear,,,IGERCQTRDLR,0.5074013471603394,-0.23852843046188354,2,Y7T;K11R,True,PASS,-0.2785284304618835,2.0,False,True,True,False,0,observed,0.3333333333333333,0.0,1.0,0.5432179664289871,0.530252576500291
beam_clear,,,IGERCQTRDLK,0.5066676139831543,-0.2392621636390686,1,Y7T,True,PASS,-0.2592621636390686,1.0,False,True,True,False,0,observed,0.5,0.0,1.0,0.5422153555275767,0.5545507488693037
beam_clear,,,VGERCQHRDLK,0.5059150457382202,-0.24001473188400269,2,I1V;Y7H,True,PASS,-0.28001473188400267,2.0,False,True,True,False,0,observed,0.3333333333333333,0.0,1.0,0.5411870074169994,0.5288309051918996
beam_clear,,,IGDRCQYRDFK,0.5054914951324463,-0.2404382824897766,2,E3D;L10F,True,PASS,-0.2804382824897766,2.0,False,True,True,False,0,observed,0.3333333333333333,0.0,1.0,0.5406082459981999,0.5284257721987399
beam_clear,,,FGERCQHRDLK,0.5029053092002869,-0.24302446842193604,2,I1F;Y7H,True,PASS,-0.283024468421936,2.0,False,True,True,False,0,observed,0.3333333333333333,0.0,1.0,0.5370743479964702,0.5259520435975291
beam_clear,,,TGERCQYRDIK,0.5017490983009338,-0.24418067932128906,2,I1T;L10I,True,PASS,-0.28418067932128904,2.0,False,True,True,False,0,observed,0.3333333333333333,0.0,1.0,0.5354944417198206,0.5248461092038744
beam_clear,,,IGERCQHHDLK,0.5004698634147644,-0.2454599142074585,2,Y7H;R8H,True,PASS,-0.2854599142074585,2.0,False,False,False,True,1,strong_local_support,0.3333333333333333,1.0,0.5,0.533746429114941,0.5236225003804587
beam_clear,,,IGERCQYRDIK,0.49747127294540405,-0.24845850467681885,1,L10I,True,PASS,-0.26845850467681887,1.0,False,True,True,False,0,observed,0.5,0.0,1.0,0.5296490002580644,0.5457543001806451
beam_clear,,,IGKRCQYRDFK,0.49727511405944824,-0.24865466356277466,2,E3K;L10F,True,PASS,-0.28865466356277464,2.0,False,False,False,True,1,strong_local_support,0.3333333333333333,1.0,0.5,0.5293809586271512,0.5205666710390058
beam_clear,,,IGERCQYKDTK,0.4966129958629608,-0.24931678175926208,2,R8K;L10T,True,PASS,-0.28931678175926206,2.0,False,False,False,True,1,strong_local_support,0.3333333333333333,1.0,0.5,0.5284762061333805,0.5199333442933664
beam_clear,,,IGERCQYRDIQ,0.49614667892456055,-0.24978309869766235,2,L10I;K11Q,True,PASS,-0.28978309869766233,2.0,False,True,True,False,0,observed,0.3333333333333333,0.0,1.0,0.5278390065893364,0.5194873046125354
beam_clear,,,IGNRCNYRDLK,0.49592331051826477,-0.25000646710395813,2,E3N;Q6N,True,PASS,-0.2900064671039581,2.0,False,True,True,False,0,observed,0.3333333333333333,0.0,1.0,0.5275337844648006,0.5192736491253603
beam_clear,,,IGERTQYRDIK,0.4936549961566925,-0.2522747814655304,2,C5T;L10I,True,PASS,-0.2922747814655304,2.0,False,False,False,True,1,strong_local_support,0.3333333333333333,1.0,0.5,0.5244342425911962,0.5171039698138373
beam_clear,,,TGERCQYRDTK,0.4905976951122284,-0.2553320825099945,2,I1T;L10T,True,PASS,-0.2953320825099945,2.0,False,True,True,False,0,observed,0.3333333333333333,0.0,1.0,0.5202565885728339,0.5141796120009837
beam_clear,,,AGERCQHRDLK,0.49034976959228516,-0.25558000802993774,2,I1A;Y7H,True,PASS,-0.2955800080299377,2.0,False,True,True,False,0,observed,0.3333333333333333,0.0,1.0,0.5199178103401437,0.5139424672381006
beam_clear,,,MGERCQTRDLK,0.48889967799186707,-0.25703009963035583,2,I1M;Y7T,True,PASS,-0.2970300996303558,2.0,False,True,True,False,0,observed,0.3333333333333333,0.0,1.0,0.517936330298311,0.5125554312088176
beam_clear,,,IGRRCQYRDFK,0.4887685179710388,-0.2571612596511841,2,E3R;L10F,True,PASS,-0.29716125965118406,2.0,False,True,True,False,0,observed,0.3333333333333333,0.0,1.0,0.5177571064730833,0.5124299745311582
beam_clear,,,MGERCQYRDIK,0.48847222328186035,-0.25745755434036255,2,I1M;L10I,True,PASS,-0.29745755434036253,2.0,False,True,True,False,0,observed,0.3333333333333333,0.0,1.0,0.5173522341098898,0.5121465638769228
beam_clear,,,LGERCQYRDTK,0.48744913935661316,-0.25848063826560974,2,I1L;L10T,True,PASS,-0.2984806382656097,2.0,False,True,True,False,0,observed,0.3333333333333333,0.0,1.0,0.5159542394049949,0.5111679675834964
beam_clear,,,IGERCQYRDTR,0.4867245554924011,-0.2592052221298218,2,L10T;K11R,True,PASS,-0.29920522212982176,2.0,False,True,True,False,0,observed,0.3333333333333333,0.0,1.0,0.514964130597278,0.5104748914180945
beam_clear,,,IGERCNYHDLK,0.48661884665489197,-0.25931093096733093,2,Q6N;R8H,True,PASS,-0.2993109309673309,2.0,False,False,False,True,1,strong_local_support,0.3333333333333333,1.0,0.5,0.5148196845831714,0.5103737792082199
beam_clear,,,IGERCRYRDFK,0.4855954349040985,-0.2603343427181244,2,Q6R;L10F,True,PASS,-0.30033434271812437,2.0,False,False,False,True,1,strong_local_support,0.3333333333333333,1.0,0.5,0.513421241920522,0.5093948693443654
beam_clear,,,IGQRCQYRDFK,0.4824616312980652,-0.2634681463241577,2,E3Q;L10F,True,PASS,-0.3034681463241577,2.0,False,True,True,False,0,observed,0.3333333333333333,0.0,1.0,0.5091390508516349,0.5063973355961444
beam_clear,,,IGERCEYRDTK,0.48097580671310425,-0.26495397090911865,2,Q6E;L10T,True,PASS,-0.30495397090911863,2.0,False,False,False,True,1,strong_local_support,0.3333333333333333,1.0,0.5,0.5071087434145629,0.504976120390194
beam_clear,,,IGERCQYQDFK,0.4806392788887024,-0.2652904987335205,2,R8Q;L10F,True,PASS,-0.3052904987335205,2.0,False,False,False,True,1,strong_local_support,0.3333333333333333,1.0,0.5,0.506648894417864,0.5046542260925048
beam_clear,,,IGERCQTRDLQ,0.47991621494293213,-0.26601356267929077,2,Y7T;K11Q,True,PASS,-0.30601356267929075,2.0,False,True,True,False,0,observed,0.3333333333333333,0.0,1.0,0.5056608625051907,0.5039626037536334
beam_clear,,,IGERTQYRDTK,0.4790402054786682,-0.2668895721435547,2,C5T;L10T,True,PASS,-0.30688957214355467,2.0,False,True,True,False,0,observed,0.3333333333333333,0.0,1.0,0.5044638379383323,0.5031246865568325
beam_clear,,,IGERCQFRDIK,0.47861653566360474,-0.26731324195861816,2,Y7F;L10I,True,PASS,-0.30731324195861814,2.0,False,False,False,True,1,strong_local_support,0.3333333333333333,1.0,0.5,0.5038849136258039,0.5027194395380628
beam_clear,,,IGERCQTRNLK,0.4786040186882019,-0.267325758934021,2,Y7T;D9N,True,PASS,-0.307325758934021,2.0,False,True,True,False,0,observed,0.3333333333333333,0.0,1.0,0.5038678097842688,0.5027074668489881
beam_clear,,,IGNRCQYRDFK,0.4759412705898285,-0.2699885070323944,2,E3N;L10F,True,PASS,-0.3099885070323944,2.0,False,True,True,False,0,observed,0.3333333333333333,0.0,1.0,0.5002292932851499,0.5001605052996049
beam_clear,,,IGERCQTRDLE,0.47304680943489075,-0.27288296818733215,2,Y7T;K11E,True,PASS,-0.31288296818733213,2.0,False,True,True,False,0,observed,0.3333333333333333,0.0,1.0,0.4962741521004719,0.49739190647033027
beam_clear,,,IGERCQTQDLK,0.4723590016365051,-0.2735707759857178,2,Y7T;R8Q,True,PASS,-0.31357077598571775,2.0,False,False,False,True,1,strong_local_support,0.3333333333333333,1.0,0.5,0.49533429600812223,0.4967340072056855
beam_clear,,,IGERCQYRDTK,0.4694218933582306,-0.2765078842639923,1,L10T,True,PASS,-0.2965078842639923,1.0,False,True,True,False,0,observed,0.5,0.0,1.0,0.4913208795919284,0.5189246157143499
beam_clear,,,IGERCQYRQTK,0.4676530063152313,-0.2782767713069916,2,D9Q;L10T,True,PASS,-0.31827677130699156,2.0,False,True,True,False,0,observed,0.3333333333333333,0.0,1.0,0.48890378099557147,0.49223264669690003
beam_clear,,,IGERCQYRDTQ,0.46703675389289856,-0.27889302372932434,2,L10T;K11Q,True,PASS,-0.3188930237293243,2.0,False,True,True,False,0,observed,0.3333333333333333,0.0,1.0,0.488061701863997,0.49164319130479783
beam_clear,,,IGERCQWRDIK,0.46649059653282166,-0.27943918108940125,2,Y7W;L10I,True,PASS,-0.3194391810894012,2.0,False,False,False,True,1,strong_local_support,0.3333333333333333,1.0,0.5,0.48731540424501874,0.49112078297151307
beam_clear,,,MGERCQYRDTK,0.46572017669677734,-0.28020960092544556,2,I1M;L10T,True,PASS,-0.32020960092544554,2.0,False,True,True,False,0,observed,0.3333333333333333,0.0,1.0,0.48626266279853786,0.4903838639589765
beam_clear,,,IGERCQTRDLN,0.464874804019928,-0.2810549736022949,2,Y7T;K11N,True,PASS,-0.3210549736022949,2.0,False,True,True,False,0,observed,0.3333333333333333,0.0,1.0,0.485107501920008,0.4895752513440056
beam_clear,,,IGERCQYRDTN,0.4636104702949524,-0.2823193073272705,2,L10T;K11N,True,PASS,-0.3223193073272705,2.0,False,True,True,False,0,observed,0.3333333333333333,0.0,1.0,0.48337985103124154,0.48836589572186906
beam_clear,,,IGDRCQHRDLK,0.46018078923225403,-0.28574898838996887,2,E3D;Y7H,True,PASS,-0.32574898838996885,2.0,False,True,True,False,0,observed,0.3333333333333333,0.0,1.0,0.4786933577272122,0.48508535040904854
beam_clear,,,IGERCQYRDFN,0.45944055914878845,-0.28648921847343445,2,L10F;K11N,True,PASS,-0.32648921847343443,2.0,False,True,True,False,0,observed,0.3333333333333333,0.0,1.0,0.4776818691175766,0.48437730838230364
beam_clear,,,IGERCQTRDLH,0.4583755135536194,-0.2875542640686035,2,Y7T;K11H,True,PASS,-0.3275542640686035,2.0,False,True,True,False,0,observed,0.3333333333333333,0.0,1.0,0.476226535820107,0.48335857507407487
beam_clear,,,IGERCQYHDFK,0.4582459330558777,-0.2876838445663452,2,R8H;L10F,True,PASS,-0.3276838445663452,2.0,False,False,False,True,1,strong_local_support,0.3333333333333333,1.0,0.5,0.47604947033678724,0.483234629235751
beam_clear,,,IGERCQTHDLK,0.45795199275016785,-0.28797778487205505,2,Y7T;R8H,True,PASS,-0.32797778487205503,2.0,False,False,False,True,1,strong_local_support,0.3333333333333333,1.0,0.5,0.47564781512473975,0.48295347058731775
beam_clear,,,IGQRCQHRDLK,0.4566138982772827,-0.2893158793449402,2,E3Q;Y7H,True,PASS,-0.32931587934494017,2.0,False,True,True,False,0,observed,0.3333333333333333,0.0,1.0,0.47381937374121325,0.4816735616188492
beam_clear,,,FGERCQTRDLK,0.4543689489364624,-0.2915608286857605,2,I1F;Y7T,True,PASS,-0.3315608286857605,2.0,False,True,True,False,0,observed,0.3333333333333333,0.0,1.0,0.47075175903847416,0.47952623132693184
beam_clear,,,VGERCQTRDLK,0.4540344774723053,-0.2918953001499176,2,I1V;Y7T,True,PASS,-0.3318953001499176,2.0,False,True,True,False,0,observed,0.3333333333333333,0.0,1.0,0.47029471995859895,0.47920630397101927
beam_clear,,,IGERCQTRDMK,0.453909307718277,-0.2920204699039459,2,Y7T;L10M,True,PASS,-0.3320204699039459,2.0,False,False,False,True,1,strong_local_support,0.3333333333333333,1.0,0.5,0.4701236815432487,0.479086577080274
beam_clear,,,IGKRCQHRDLK,0.4525684416294098,-0.2933613359928131,2,E3K;Y7H,True,PASS,-0.3333613359928131,2.0,False,True,True,False,0,observed,0.3333333333333333,0.0,1.0,0.46829145288052515,0.47780401701636754
beam_clear,,,IGERCTYRDFK,0.4504111111164093,-0.2955186665058136,2,Q6T;L10F,True,PASS,-0.3355186665058136,2.0,False,False,False,True,1,strong_local_support,0.3333333333333333,1.0,0.5,0.46534356506853125,0.4757404955479718
beam_clear,,,IGERCRHRDLK,0.44802823662757874,-0.29790154099464417,2,Q6R;Y7H,True,PASS,-0.33790154099464415,2.0,False,False,False,True,1,strong_local_support,0.3333333333333333,1.0,0.5,0.46208748232144903,0.47346123762501424
beam_clear,,,IGERCQFRDTK,0.44663873314857483,-0.29929104447364807,2,Y7F;L10T,True,PASS,-0.33929104447364805,2.0,False,False,False,True,1,strong_local_support,0.3333333333333333,1.0,0.5,0.46018879301733223,0.4721321551121325
beam_clear,,,FGERCQYRDIK,0.44640782475471497,-0.29952195286750793,2,I1F;L10I,True,PASS,-0.3395219528675079,2.0,False,True,True,False,0,observed,0.3333333333333333,0.0,1.0,0.45987326786444327,0.47191128750511024
beam_clear,,,IGERCQYRDTE,0.44534623622894287,-0.30058354139328003,2,L10T;K11E,True,PASS,-0.34058354139328,2.0,False,True,True,False,0,observed,0.3333333333333333,0.0,1.0,0.45842265848511193,0.47089586093957836
beam_clear,,,IGRRCQHRDLK,0.4446268677711487,-0.3013029098510742,2,E3R;Y7H,True,PASS,-0.3413029098510742,2.0,False,True,True,False,0,observed,0.3333333333333333,0.0,1.0,0.45743967627803467,0.4702077733946243
beam_clear,,,VGERCQYRDIK,0.4443511664867401,-0.3015786111354828,2,I1V;L10I,True,PASS,-0.34157861113548277,2.0,False,True,True,False,0,observed,0.3333333333333333,0.0,1.0,0.45706294380650964,0.46994406066455674
beam_clear,,,IGERCQYREVK,0.44068944454193115,-0.30524033308029175,2,D9E;L10V,True,PASS,-0.34524033308029173,2.0,False,True,True,False,0,observed,0.3333333333333333,0.0,1.0,0.4520593778591667,0.4664415645014167
beam_clear,,,AGERCQTRDLK,0.43967992067337036,-0.30624985694885254,2,I1A;Y7T,True,PASS,-0.3462498569488525,2.0,False,True,True,False,0,observed,0.3333333333333333,0.0,1.0,0.4506799123159347,0.4654759386211542
beam_clear,,,IGERCQYRDFH,0.4363107681274414,-0.3096190094947815,2,L10F;K11H,True,PASS,-0.3496190094947815,2.0,False,True,True,False,0,observed,0.3333333333333333,0.0,1.0,0.4460761283027569,0.4622532898119298
beam_clear,,,IGERCNYRDFK,0.43549370765686035,-0.31043606996536255,2,Q6N;L10F,True,PASS,-0.35043606996536253,2.0,False,False,False,True,1,strong_local_support,0.3333333333333333,1.0,0.5,0.44495965468484194,0.4614717582793893
beam_clear,,,IGERCQWRDTK,0.43522825837135315,-0.31070151925086975,2,Y7W;L10T,True,PASS,-0.35070151925086973,2.0,False,False,False,True,1,strong_local_support,0.3333333333333333,1.0,0.5,0.4445969310740027,0.46121785175180186
beam_clear,,,IGERCQYRDTH,0.43252289295196533,-0.31340688467025757,2,L10T;K11H,True,PASS,-0.35340688467025755,2.0,False,True,True,False,0,observed,0.3333333333333333,0.0,1.0,0.44090018006680026,0.4586301260467601
beam_clear,,,FGERCQYRDTK,0.43204212188720703,-0.31388765573501587,2,I1F;L10T,True,PASS,-0.35388765573501585,2.0,False,True,True,False,0,observed,0.3333333333333333,0.0,1.0,0.4402432296581264,0.45817026076068845
beam_clear,,,VGERCQYRDTK,0.43003031611442566,-0.31589946150779724,2,I1V;L10T,True,PASS,-0.3558994615077972,2.0,False,True,True,False,0,observed,0.3333333333333333,0.0,1.0,0.43749419436569326,0.4562459360559853
beam_clear,,,AGERCQYRDIK,0.4272768795490265,-0.3186528980731964,2,I1A;L10I,True,PASS,-0.3586528980731964,2.0,False,True,True,False,0,observed,0.3333333333333333,0.0,1.0,0.4337317564623098,0.4536122295236169
beam_clear,,,IGERCTHRDLK,0.42684656381607056,-0.31908321380615234,2,Q6T;Y7H,True,PASS,-0.3590832138061523,2.0,False,False,False,True,1,strong_local_support,0.3333333333333333,1.0,0.5,0.433143750824395,0.45320062557707647
beam_clear,,,IGNRCQHRDLK,0.42486733198165894,-0.32106244564056396,2,E3N;Y7H,True,PASS,-0.36106244564056394,2.0,False,True,True,False,0,observed,0.3333333333333333,0.0,1.0,0.43043922624338515,0.45130745837036956
beam_clear,,,AGERCQYRDTK,0.4176008105278015,-0.3283289670944214,2,I1A;L10T,True,PASS,-0.36832896709442137,2.0,False,True,True,False,0,observed,0.3333333333333333,0.0,1.0,0.4205098761042515,0.444356913272976
beam_clear,,,IGDRCQYRDIK,0.41677117347717285,-0.32915860414505005,2,E3D;L10I,True,PASS,-0.36915860414505003,2.0,False,True,True,False,0,observed,0.3333333333333333,0.0,1.0,0.4193762171979371,0.4435633520385559
beam_clear,,,IGERCRTRDLK,0.4167538583278656,-0.3291759192943573,2,Q6R;Y7T,True,PASS,-0.3691759192943573,2.0,False,False,False,True,1,strong_local_support,0.3333333333333333,1.0,0.5,0.4193525568838136,0.44354678981866946
beam_clear,,,IGERCQYRDFE,0.41527533531188965,-0.33065444231033325,2,L10F;K11E,True,PASS,-0.37065444231033323,2.0,False,True,True,False,0,observed,0.3333333333333333,0.0,1.0,0.4173322266876371,0.44213255868134593
beam_clear,,,IGDRCQTRDLK,0.4116937220096588,-0.3342360556125641,2,E3D;Y7T,True,PASS,-0.37423605561256407,2.0,False,True,True,False,0,observed,0.3333333333333333,0.0,1.0,0.41243812532611834,0.4387066877282828
beam_clear,,,IGERCTTRDLK,0.41167664527893066,-0.33425313234329224,2,Q6T;Y7T,True,PASS,-0.3742531323432922,2.0,False,False,False,True,1,strong_local_support,0.3333333333333333,1.0,0.5,0.4124147907994527,0.43869035355961683
beam_clear,,,IGKRCQYRDIK,0.4087037742137909,-0.337226003408432,2,E3K;L10I,True,PASS,-0.377226003408432,2.0,False,True,True,False,0,observed,0.3333333333333333,0.0,1.0,0.4083525062645874,0.43584675438521114
beam_clear,,,IGERCQYQDIK,0.40743568539619446,-0.33849409222602844,2,R8Q;L10I,True,PASS,-0.3784940922260284,2.0,False,False,False,True,1,strong_local_support,0.3333333333333333,1.0,0.5,0.40661972422336035,0.4346338069563522
beam_clear,,,IGQRCQTRDLK,0.4038064181804657,-0.3421233594417572,2,E3Q;Y7T,True,PASS,-0.3821233594417572,2.0,False,True,True,False,0,observed,0.3333333333333333,0.0,1.0,0.40166050609371184,0.43116235426559824
beam_clear,,,IGERCQYRDIN,0.4034297466278076,-0.3425000309944153,2,L10I;K11N,True,PASS,-0.38250003099441526,2.0,False,False,False,True,1,strong_local_support,0.3333333333333333,1.0,0.5,0.4011458026338043,0.43080206184366293
beam_clear,,,IGERCQYQDTK,0.4004775285720825,-0.3454522490501404,2,R8Q;L10T,True,PASS,-0.38545224905014036,2.0,False,False,False,True,1,strong_local_support,0.3333333333333333,1.0,0.5,0.39711173943747174,0.42797821760623017
beam_clear,,,IGRRCQYRDIK,0.39995449781417847,-0.34597527980804443,2,E3R;L10I,True,PASS,-0.3859752798080444,2.0,False,False,False,True,1,strong_local_support,0.3333333333333333,1.0,0.5,0.39639704320190106,0.4274779302413307
beam_clear,,,IGERCRYRDIK,0.39842689037323,-0.3475028872489929,2,Q6R;L10I,True,PASS,-0.3875028872489929,2.0,False,False,False,True,1,strong_local_support,0.3333333333333333,1.0,0.5,0.3943096415128478,0.4260167490589934
beam_clear,,,IGKRCQTRDLK,0.3981046974658966,-0.3478250801563263,2,E3K;Y7T,True,PASS,-0.3878250801563263,2.0,False,False,False,True,1,strong_local_support,0.3333333333333333,1.0,0.5,0.3938693804870498,0.4257085663409348
beam_clear,,,IGERCQYHDTK,0.39542704820632935,-0.35050272941589355,2,R8H;L10T,True,PASS,-0.39050272941589353,2.0,False,False,False,True,1,strong_local_support,0.3333333333333333,1.0,0.5,0.39021050227181775,0.4231473515902724
beam_clear,,,IGQRCQYRDIK,0.39369842410087585,-0.35223135352134705,2,E3Q;L10I,True,PASS,-0.392231353521347,2.0,False,True,True,False,0,observed,0.3333333333333333,0.0,1.0,0.38784842103239847,0.42149389472267895
beam_clear,,,IGDRCQYRDTK,0.39275696873664856,-0.35317280888557434,2,E3D;L10T,True,PASS,-0.3931728088855743,2.0,False,True,True,False,0,observed,0.3333333333333333,0.0,1.0,0.38656196780837115,0.4205933774658598
beam_clear,,,IGRRCQTRDLK,0.39174970984458923,-0.35418006777763367,2,E3R;Y7T,True,PASS,-0.39418006777763365,2.0,False,True,True,False,0,observed,0.3333333333333333,0.0,1.0,0.38518559724598833,0.41962991807219185
beam_clear,,,IGERCNTRDLK,0.39032095670700073,-0.35560882091522217,2,Q6N;Y7T,True,PASS,-0.39560882091522215,2.0,False,False,False,True,1,strong_local_support,0.3333333333333333,1.0,0.5,0.3832332751816296,0.4182632926271407
beam_clear,,,IGERCNHRDLK,0.3902164399623871,-0.3557133376598358,2,Q6N;Y7H,True,PASS,-0.3957133376598358,2.0,False,False,False,True,1,strong_local_support,0.3333333333333333,1.0,0.5,0.38309045810481207,0.4181633206733684
beam_clear,,,IGQRCQYRDTK,0.38465094566345215,-0.36127883195877075,2,E3Q;L10T,True,PASS,-0.40127883195877073,2.0,False,True,True,False,0,observed,0.3333333333333333,0.0,1.0,0.3754854793068562,0.4128398355147993
beam_clear,,,IGNRCQYRDIK,0.38395771384239197,-0.36197206377983093,2,E3N;L10I,True,PASS,-0.4019720637798309,2.0,False,True,True,False,0,observed,0.3333333333333333,0.0,1.0,0.3745382115498414,0.4121767480848889
beam_clear,,,IGERSQYRDVK,0.38214316964149475,-0.36378660798072815,2,C5S;L10V,True,PASS,-0.40378660798072813,2.0,False,True,True,False,0,observed,0.3333333333333333,0.0,1.0,0.3720587246553138,0.41044110725871963
beam_clear,,,IGNRCQTRDLK,0.3817305564880371,-0.3641992211341858,2,E3N;Y7T,True,PASS,-0.40419922113418577,2.0,False,True,True,False,0,observed,0.3333333333333333,0.0,1.0,0.3714949087361414,0.4100464361152989
beam_clear,,,IGERCQYRQIK,0.37877121567726135,-0.36715856194496155,2,D9Q;L10I,True,PASS,-0.40715856194496153,2.0,False,True,True,False,0,observed,0.3333333333333333,0.0,1.0,0.36745111263950675,0.4072157788476547
beam_clear,,,IGERCQHRDFK,0.3783388137817383,-0.3675909638404846,2,Y7H;L10F,True,PASS,-0.4075909638404846,2.0,False,False,False,True,1,strong_local_support,0.3333333333333333,1.0,0.5,0.36686025636133607,0.4068021794529352
beam_clear,,,IGKRCQYRDTK,0.3779580295085907,-0.3679717481136322,2,E3K;L10T,True,PASS,-0.4079717481136322,2.0,False,False,False,True,1,strong_local_support,0.3333333333333333,1.0,0.5,0.3663399330677813,0.40643795314744685
beam_clear,,,IGERCQYREAK,0.3768118917942047,-0.3691178858280182,2,D9E;L10A,True,PASS,-0.40911788582801817,2.0,False,True,True,False,0,observed,0.3333333333333333,0.0,1.0,0.36477379131122406,0.4053416539178568
beam_clear,,,IGERCQYHDIK,0.3765816390514374,-0.3693481385707855,2,R8H;L10I,True,PASS,-0.4093481385707855,2.0,False,False,False,True,1,strong_local_support,0.3333333333333333,1.0,0.5,0.36445916207384405,0.4051214134516908
beam_clear,,,IGERCQYRDIE,0.37628987431526184,-0.36963990330696106,2,L10I;K11E,True,PASS,-0.40963990330696104,2.0,False,True,True,False,0,observed,0.3333333333333333,0.0,1.0,0.36406047967234906,0.4048423357706443
beam_clear,,,IGRRCQYRDTK,0.3717094957828522,-0.3742202818393707,2,E3R;L10T,True,PASS,-0.4142202818393707,2.0,False,False,False,True,1,strong_local_support,0.3333333333333333,1.0,0.5,0.35780161392663196,0.40046112974864234
beam_clear,,,IGERCRYRDTK,0.36740460991859436,-0.37852516770362854,2,Q6R;L10T,True,PASS,-0.4185251677036285,2.0,False,False,False,True,1,strong_local_support,0.3333333333333333,1.0,0.5,0.3519191955884143,0.39634343691188995
beam_clear,,,IGERCQYKDVK,0.3653321862220764,-0.3805975914001465,2,R8K;L10V,True,PASS,-0.42059759140014646,2.0,False,False,False,True,1,strong_local_support,0.3333333333333333,1.0,0.5,0.34908732883483296,0.394361130184383
beam_clear,,,IGERCQYRDVQ,0.3641843795776367,-0.3817453980445862,2,L10V;K11Q,True,PASS,-0.42174539804458616,2.0,False,True,True,False,0,observed,0.3333333333333333,0.0,1.0,0.3475189065660711,0.3932632345962498
beam_clear,,,IGNRCQYRDTK,0.362891286611557,-0.3830384910106659,2,E3N;L10T,True,PASS,-0.4230384910106659,2.0,False,True,True,False,0,observed,0.3333333333333333,0.0,1.0,0.34575195756520627,0.39202637029564436
beam_clear,,,LGERCQYRDVK,0.3620944321155548,-0.3838353455066681,2,I1L;L10V,True,PASS,-0.42383534550666807,2.0,False,True,True,False,0,observed,0.3333333333333333,0.0,1.0,0.34466309443434073,0.39126416610403847
beam_clear,,,IGERCTYRDIK,0.3581043779850006,-0.3878253996372223,2,Q6T;L10I,True,PASS,-0.42782539963722227,2.0,False,False,False,True,1,strong_local_support,0.3333333333333333,1.0,0.5,0.3392108784341612,0.38744761490391283
beam_clear,,,IGERSQYRDAK,0.3580932319164276,-0.3878365457057953,2,C5S;L10A,True,PASS,-0.42783654570579527,2.0,False,True,True,False,0,observed,0.3333333333333333,0.0,1.0,0.3391956478705086,0.38743695350935603
beam_clear,,,TGERCQYRDVK,0.3535374402999878,-0.3923923373222351,2,I1T;L10V,True,PASS,-0.4323923373222351,2.0,False,True,True,False,0,observed,0.3333333333333333,0.0,1.0,0.33297037895637815,0.3830792652694647
beam_clear,,,IGERCTYRDTK,0.34850776195526123,-0.39742201566696167,2,Q6T;L10T,True,PASS,-0.43742201566696165,2.0,False,False,False,True,1,strong_local_support,0.3333333333333333,1.0,0.5,0.3260975667464181,0.3782682967224926
beam_clear,,,IGERCQYRDVN,0.3484426438808441,-0.3974871337413788,2,L10V;K11N,True,PASS,-0.43748713374137876,2.0,False,True,True,False,0,observed,0.3333333333333333,0.0,1.0,0.3260085860470037,0.37820601023290257
beam_clear,,,IGERCNYRDIK,0.34578025341033936,-0.40014952421188354,2,Q6N;L10I,True,PASS,-0.4401495242118835,2.0,False,False,False,True,1,strong_local_support,0.3333333333333333,1.0,0.5,0.3223705582290715,0.37565939076035004
beam_clear,,,IGERTQYRDVK,0.3448888063430786,-0.4010409712791443,2,C5T;L10V,True,PASS,-0.44104097127914427,2.0,False,True,True,False,0,observed,0.3333333333333333,0.0,1.0,0.3211524389243199,0.3748067072470239
beam_clear,,,IGERCQYRDVR,0.3439861536026001,-0.4019436240196228,2,L10V;K11R,True,PASS,-0.4419436240196228,2.0,False,True,True,False,0,observed,0.3333333333333333,0.0,1.0,0.3199190076090511,0.3739433053263358
beam_clear,,,IGERCEYRDVK,0.34388360381126404,-0.40204617381095886,2,Q6E;L10V,True,PASS,-0.44204617381095884,2.0,False,False,False,True,1,strong_local_support,0.3333333333333333,1.0,0.5,0.3197788782787606,0.3738452147951324
beam_clear,,,IGERCQYRNTK,0.34284707903862,-0.4030826985836029,2,D9N;L10T,True,PASS,-0.4430826985836029,2.0,False,True,True,False,0,observed,0.3333333333333333,0.0,1.0,0.31836251730593157,0.3728537621141521
beam_clear,,,IGERCQTRDFK,0.3412562608718872,-0.4046735167503357,2,Y7T;L10F,True,PASS,-0.4446735167503357,2.0,False,False,False,True,1,strong_local_support,0.3333333333333333,1.0,0.5,0.3161887412171265,0.3713321188519885
beam_clear,,,MGERCQYRDVK,0.33880528807640076,-0.40712448954582214,2,I1M;L10V,True,PASS,-0.4471244895458221,2.0,False,True,True,False,0,observed,0.3333333333333333,0.0,1.0,0.3128396054274073,0.3689877237991851
beam_clear,,,IGERCQYRDAQ,0.33875060081481934,-0.40717917680740356,2,L10A;K11Q,True,PASS,-0.44717917680740354,2.0,False,True,True,False,0,observed,0.3333333333333333,0.0,1.0,0.3127648779292721,0.3689354145504905
beam_clear,,,IGERCQYKDAK,0.3370482325553894,-0.4088815450668335,2,R8K;L10A,True,PASS,-0.4488815450668335,2.0,False,False,False,True,1,strong_local_support,0.3333333333333333,1.0,0.5,0.31043867403364417,0.3673070718235509
beam_clear,,,LGERCQYRDAK,0.33572497963905334,-0.41020479798316956,2,I1L;L10A,True,PASS,-0.45020479798316954,2.0,False,True,True,False,0,observed,0.3333333333333333,0.0,1.0,0.30863051291936633,0.3660413590435564
beam_clear,,,IGERCQYRDVK,0.33170637488365173,-0.41422340273857117,1,L10V,True,PASS,-0.4342234027385712,1.0,False,True,True,False,0,observed,0.5,0.0,1.0,0.3031392838711141,0.3871974987097798
beam_clear,,,IGERCQYRDVE,0.3310455083847046,-0.4148842692375183,2,L10V;K11E,True,PASS,-0.4548842692375183,2.0,False,True,True,False,0,observed,0.3333333333333333,0.0,1.0,0.30223624176149694,0.36156536923304783
beam_clear,,,TGERCQYRDAK,0.32986781001091003,-0.41606196761131287,2,I1T;L10A,True,PASS,-0.45606196761131285,2.0,False,True,True,False,0,observed,0.3333333333333333,0.0,1.0,0.30062697389021215,0.36043888172314853
beam_clear,,,IGERCQYRNIK,0.329388290643692,-0.4165414869785309,2,D9N;L10I,True,PASS,-0.45654148697853086,2.0,False,True,True,False,0,observed,0.3333333333333333,0.0,1.0,0.29997173386569176,0.3599802137059842
beam_clear,,,IGERCNYRDTK,0.32587406039237976,-0.42005571722984314,2,Q6N;L10T,True,PASS,-0.4600557172298431,2.0,False,False,False,True,1,strong_local_support,0.3333333333333333,1.0,0.5,0.2951697081844366,0.3566187957291056
beam_clear,,,IGERCQYRDAR,0.32252562046051025,-0.42340415716171265,2,L10A;K11R,True,PASS,-0.4634041571617126,2.0,False,True,True,False,0,observed,0.3333333333333333,0.0,1.0,0.29059422695665604,0.35341595886965926
beam_clear,,,IGERTQYRDAK,0.3218282163143158,-0.4241015613079071,2,C5T;L10A,True,PASS,-0.4641015613079071,2.0,False,True,True,False,0,observed,0.3333333333333333,0.0,1.0,0.28964125791912954,0.3527488805433907
beam_clear,,,IGERCEYRDAK,0.31779032945632935,-0.42813944816589355,2,Q6E;L10A,True,PASS,-0.46813944816589353,2.0,False,False,False,True,1,strong_local_support,0.3333333333333333,1.0,0.5,0.2841236808102269,0.34888657656715877
beam_clear,,,IGERCQFRDVK,0.3160201609134674,-0.4299096167087555,2,Y7F;L10V,True,PASS,-0.4699096167087555,2.0,False,False,False,True,1,strong_local_support,0.3333333333333333,1.0,0.5,0.2817048311062842,0.3471933817743989
beam_clear,,,IGERCQYRDIH,0.3150390684604645,-0.4308907091617584,2,L10I;K11H,True,PASS,-0.4708907091617584,2.0,False,True,True,False,0,observed,0.3333333333333333,0.0,1.0,0.280364215717396,0.3462549510021772
beam_clear,,,MGERCQYRDAK,0.31474563479423523,-0.43118414282798767,2,I1M;L10A,True,PASS,-0.47118414282798765,2.0,False,True,True,False,0,observed,0.3333333333333333,0.0,1.0,0.2799632528036963,0.3459742769625874
beam_clear,,,IGERCQYQDVK,0.31214889883995056,-0.43378087878227234,2,R8Q;L10V,True,PASS,-0.4737808787822723,2.0,False,False,False,True,1,strong_local_support,0.3333333333333333,1.0,0.5,0.27641493870695855,0.34349045709487097
beam_clear,,,IGERCQWRDVK,0.30839478969573975,-0.43753498792648315,2,Y7W;L10V,True,PASS,-0.47753498792648313,2.0,False,False,False,True,1,strong_local_support,0.3333333333333333,1.0,0.5,0.2712851301197143,0.33989959108379997
beam_clear,,,IGERCQYRDAE,0.30738136172294617,-0.43854841589927673,2,L10A;K11E,True,PASS,-0.4785484158992767,2.0,False,True,True,False,0,observed,0.3333333333333333,0.0,1.0,0.2699003298068606,0.3389302308648024
beam_clear,,,IGERCQYRDAK,0.30714911222457886,-0.43878066539764404,1,L10A,True,PASS,-0.45878066539764406,1.0,False,True,True,False,0,observed,0.5,0.0,1.0,0.26958297209952137,0.36370808046966496
beam_clear,,,FGERCQYRDVK,0.3052065372467041,-0.4407232403755188,2,I1F;L10V,True,PASS,-0.4807232403755188,2.0,False,False,False,True,1,strong_local_support,0.3333333333333333,1.0,0.5,0.2669285373401498,0.33684997613810486
beam_clear,,,VGERCQYRDVK,0.3049715757369995,-0.4409582018852234,2,I1V;L10V,True,PASS,-0.48095820188522337,2.0,False,True,True,False,0,observed,0.3333333333333333,0.0,1.0,0.26660747380047806,0.33662523166033465
beam_clear,,,IGERCQYRDAN,0.301474928855896,-0.4444548487663269,2,L10A;K11N,True,PASS,-0.4844548487663269,2.0,False,True,True,False,0,observed,0.3333333333333333,0.0,1.0,0.26182947494423636,0.3332806324609654
beam_clear,,,IGERCQHRDIK,0.29521018266677856,-0.45071959495544434,2,Y7H;L10I,True,PASS,-0.4907195949554443,2.0,False,False,False,True,1,strong_local_support,0.3333333333333333,1.0,0.5,0.253269002255956,0.32728830157916916
beam_clear,,,IGERCQHRDTK,0.29236486554145813,-0.45356491208076477,2,Y7H;L10T,True,PASS,-0.49356491208076475,2.0,False,False,False,True,1,strong_local_support,0.3333333333333333,1.0,0.5,0.24938101401101903,0.3245667098077133
beam_clear,,,AGERCQYRDVK,0.2914052903652191,-0.4545244872570038,2,I1A;L10V,True,PASS,-0.49452448725700376,2.0,False,True,True,False,0,observed,0.3333333333333333,0.0,1.0,0.24806980094019818,0.3236488606581387
beam_clear,,,IGERCQFRDAK,0.2900259494781494,-0.4559038281440735,2,Y7F;L10A,True,PASS,-0.49590382814407347,2.0,False,False,False,True,1,strong_local_support,0.3333333333333333,1.0,0.5,0.24618499832647056,0.32232949882852935
beam_clear,,,IGERCQYQDAK,0.28908276557922363,-0.45684701204299927,2,R8Q;L10A,True,PASS,-0.49684701204299925,2.0,False,False,False,True,1,strong_local_support,0.3333333333333333,1.0,0.5,0.24489618314337414,0.32142732820036185
beam_clear,,,IGERCQWRDAK,0.2847385108470917,-0.4611912667751312,2,Y7W;L10A,True,PASS,-0.5011912667751313,2.0,False,False,False,True,1,strong_local_support,0.3333333333333333,1.0,0.5,0.23895996915118561,0.3172719784058299
beam_clear,,,IGERCQYRDVH,0.2809755802154541,-0.4649541974067688,2,L10V;K11H,True,PASS,-0.5049541974067688,2.0,False,True,True,False,0,observed,0.3333333333333333,0.0,1.0,0.23381810642800238,0.3136726744996017
beam_clear,,,FGERCQYRDAK,0.2808268070220947,-0.4651029706001282,2,I1F;L10A,True,PASS,-0.5051029706001282,2.0,False,True,True,False,0,observed,0.3333333333333333,0.0,1.0,0.23361481505432893,0.31353037053803023
beam_clear,,,VGERCQYRDAK,0.2799837589263916,-0.4659460186958313,2,I1V;L10A,True,PASS,-0.5059460186958313,2.0,False,True,True,False,0,observed,0.3333333333333333,0.0,1.0,0.23246283060351272,0.3127239814224589
beam_clear,,,IGERCQYRQVK,0.2773502469062805,-0.4685795307159424,2,D9Q;L10V,True,PASS,-0.5085795307159424,2.0,False,True,True,False,0,observed,0.3333333333333333,0.0,1.0,0.22886426379140773,0.3102049846539854
beam_clear,,,IGERCQYHDVK,0.2695940434932709,-0.476335734128952,2,R8H;L10V,True,PASS,-0.5163357341289521,2.0,False,False,False,True,1,strong_local_support,0.3333333333333333,1.0,0.5,0.21826578693736456,0.3027860508561552
beam_clear,,,IGDRCQYRDVK,0.26806265115737915,-0.47786712646484375,2,E3D;L10V,True,PASS,-0.5178671264648438,2.0,False,True,True,False,0,observed,0.3333333333333333,0.0,1.0,0.2161732133724186,0.30132124936069304
beam_clear,,,AGERCQYRDAK,0.26665323972702026,-0.47927653789520264,2,I1A;L10A,True,PASS,-0.5192765378952027,2.0,False,True,True,False,0,observed,0.3333333333333333,0.0,1.0,0.21424732081557468,0.29997312457090225
beam_clear,,,IGERCQYRNVK,0.2661125957965851,-0.4798171818256378,2,D9N;L10V,True,PASS,-0.5198171818256379,2.0,False,True,True,False,0,observed,0.3333333333333333,0.0,1.0,0.21350855703155824,0.29945598992209077
beam_clear,,,IGERCQYRDAH,0.26355358958244324,-0.48237618803977966,2,L10A;K11H,True,PASS,-0.5223761880397797,2.0,False,True,True,False,0,observed,0.3333333333333333,0.0,1.0,0.2100117988000189,0.2970082591600132
beam_clear,,,IGERCQTRDIK,0.258094847202301,-0.4878349304199219,2,Y7T;L10I,True,PASS,-0.5278349304199219,2.0,False,False,False,True,1,strong_local_support,0.3333333333333333,1.0,0.5,0.2025526913362975,0.2917868839354082
beam_clear,,,IGQRCQYRDVK,0.2580503523349762,-0.4878794252872467,2,E3Q;L10V,True,PASS,-0.5278794252872467,2.0,False,True,True,False,0,observed,0.3333333333333333,0.0,1.0,0.2024918912519837,0.2917443238763886
beam_clear,,,IGERCQTRDTK,0.2558812201023102,-0.4900485575199127,2,Y7T;L10T,True,PASS,-0.5300485575199128,2.0,False,False,False,True,1,strong_local_support,0.3333333333333333,1.0,0.5,0.19952787696082816,0.28966951387257966
beam_clear,,,IGKRCQYRDVK,0.25408926606178284,-0.49184051156044006,2,E3K;L10V,True,PASS,-0.5318405115604401,2.0,False,True,True,False,0,observed,0.3333333333333333,0.0,1.0,0.1970792584279281,0.28795548089954964
beam_clear,,,IGRRCQYRDVK,0.2471282184123993,-0.4988015592098236,2,E3R;L10V,True,PASS,-0.5388015592098236,2.0,False,False,False,True,1,strong_local_support,0.3333333333333333,1.0,0.5,0.18756732346911353,0.28129712642837945
beam_clear,,,IGERCQYRQAK,0.24563351273536682,-0.5002962648868561,2,D9Q;L10A,True,PASS,-0.5402962648868561,2.0,False,True,True,False,0,observed,0.3333333333333333,0.0,1.0,0.1855248804492381,0.27986741631446665
beam_clear,,,IGDRCQYRDAK,0.24454793334007263,-0.5013818442821503,2,E3D;L10A,True,PASS,-0.5413818442821503,2.0,False,True,True,False,0,observed,0.3333333333333333,0.0,1.0,0.18404148870696466,0.27882904209487525
beam_clear,,,IGERCRYRDVK,0.24212145805358887,-0.503808319568634,2,Q6R;L10V,True,PASS,-0.5438083195686341,2.0,False,False,False,True,1,strong_local_support,0.3333333333333333,1.0,0.5,0.18072582757853545,0.2765080793049748
beam_clear,,,IGERCQYHDAK,0.23896977305412292,-0.5069600045681,2,R8H;L10A,True,PASS,-0.5469600045681,2.0,False,False,False,True,1,strong_local_support,0.3333333333333333,1.0,0.5,0.17641920245031262,0.27349344171521883
beam_clear,,,IGNRCQYRDVK,0.23831772804260254,-0.5076120495796204,2,E3N;L10V,True,PASS,-0.5476120495796204,2.0,False,True,True,False,0,observed,0.3333333333333333,0.0,1.0,0.17552821447663447,0.2728697501336441
beam_clear,,,IGQRCQYRDAK,0.23478123545646667,-0.5111485421657562,2,E3Q;L10A,True,PASS,-0.5511485421657563,2.0,False,True,True,False,0,observed,0.3333333333333333,0.0,1.0,0.17069576839150627,0.26948703787405437
beam_clear,,,IGKRCQYRDAK,0.23007714748382568,-0.5158526301383972,2,E3K;L10A,True,PASS,-0.5558526301383973,2.0,False,False,False,True,1,strong_local_support,0.3333333333333333,1.0,0.5,0.164267859678618,0.2649875017750326
beam_clear,,,IGERCQYRNAK,0.22925326228141785,-0.516676515340805,2,D9N;L10A,True,PASS,-0.5566765153408051,2.0,False,True,True,False,0,observed,0.3333333333333333,0.0,1.0,0.16314206039472326,0.26419944227630626
beam_clear,,,IGRRCQYRDAK,0.22355908155441284,-0.5223706960678101,2,E3R;L10A,True,PASS,-0.5623706960678101,2.0,False,True,True,False,0,observed,0.3333333333333333,0.0,1.0,0.15536123781641445,0.2587528664714901
beam_clear,,,IGERCTYRDVK,0.2199515700340271,-0.5259782075881958,2,Q6T;L10V,True,PASS,-0.5659782075881958,2.0,False,False,False,True,1,strong_local_support,0.3333333333333333,1.0,0.5,0.1504317477922911,0.25530222345460374
beam_clear,,,IGERCRYRDAK,0.21487727761268616,-0.5310525000095367,2,Q6R;L10A,True,PASS,-0.5710525000095368,2.0,False,False,False,True,1,strong_local_support,0.3333333333333333,1.0,0.5,0.14349797260428834,0.2504485808230018
beam_clear,,,IGNRCQYRDAK,0.2148030400276184,-0.5311267375946045,2,E3N;L10A,True,PASS,-0.5711267375946045,2.0,False,True,True,False,0,observed,0.3333333333333333,0.0,1.0,0.14339653053461274,0.2503775713742289
beam_clear,,,IGERCNYRDVK,0.19863715767860413,-0.5472926199436188,2,Q6N;L10V,True,PASS,-0.5872926199436188,2.0,False,False,False,True,1,strong_local_support,0.3333333333333333,1.0,0.5,0.12130663412810135,0.23491464388967093
beam_clear,,,IGERCTYRDAK,0.1945461630821228,-0.5513836145401001,2,Q6T;L10A,True,PASS,-0.5913836145401001,2.0,False,False,False,True,1,strong_local_support,0.3333333333333333,1.0,0.5,0.11571648786297152,0.23100154150408003
beam_clear,,,IGERCNYRDAK,0.17309728264808655,-0.5728324949741364,2,Q6N;L10A,True,PASS,-0.6128324949741364,2.0,False,False,False,True,1,strong_local_support,0.3333333333333333,1.0,0.5,0.08640763007257689,0.2104853410508038
beam_clear,,,IGERCQHRDVK,0.16548487544059753,-0.5804449021816254,2,Y7H;L10V,True,PASS,-0.6204449021816254,2.0,False,False,False,True,1,strong_local_support,0.3333333333333333,1.0,0.5,0.07600564377902537,0.20320395064531777
beam_clear,,,IGERCQHRDAK,0.14277440309524536,-0.6031553745269775,2,Y7H;L10A,True,PASS,-0.6431553745269776,2.0,False,False,False,True,1,strong_local_support,0.3333333333333333,1.0,0.5,0.04497288165562906,0.18148101715894033
beam_clear,,,IGERCQTRDVK,0.13189750909805298,-0.6140322685241699,2,Y7T;L10V,True,PASS,-0.65403226852417,2.0,False,False,False,True,1,strong_local_support,0.3333333333333333,1.0,0.5,0.030110132042878355,0.17107709243001484
beam_clear,,,IGERCQTRDAK,0.10986223816871643,-0.6360675394535065,2,Y7T;L10A,True,PASS,-0.6760675394535065,2.0,False,False,False,True,1,strong_local_support,0.3333333333333333,1.0,0.5,0.0,0.15000000000000002
