time_ps,RMSD_conformation_A,heavy_geometric_radius_A,series,included
2.0,0.9227628,5.2148514,bound_09h_1ns,False
4.0,0.874188,5.126831,bound_09h_1ns,False
6.0,0.94891524,5.131697,bound_09h_1ns,False
8.0,0.88760525,5.08069,bound_09h_1ns,False
10.0,0.9940188,5.040658,bound_09h_1ns,False
12.0,1.0794396,4.9851685,bound_09h_1ns,False
14.0,0.89277256,5.183588,bound_09h_1ns,False
16.0,0.9219753,5.150442,bound_09h_1ns,False
18.0,0.9095672,5.1083875,bound_09h_1ns,False
20.0,1.1260476,5.0275187,bound_09h_1ns,False
22.0,0.9964543,5.143848,bound_09h_1ns,False
24.0,0.8667692,5.149817,bound_09h_1ns,False
26.0,0.99043536,5.058809,bound_09h_1ns,False
28.0,0.89704937,5.1026206,bound_09h_1ns,False
30.0,1.2956314,4.8290296,bound_09h_1ns,False
32.0,1.066236,5.097185,bound_09h_1ns,False
34.0,1.1898563,4.9777102,bound_09h_1ns,False
36.0,0.963023,5.0735908,bound_09h_1ns,False
38.0,1.1739199,4.889342,bound_09h_1ns,False
40.0,0.89210284,5.1416464,bound_09h_1ns,False
42.0,1.0053804,4.9218054,bound_09h_1ns,False
44.0,1.022463,5.0401325,bound_09h_1ns,False
46.0,0.94248146,5.028507,bound_09h_1ns,False
48.0,0.93267596,4.984501,bound_09h_1ns,False
50.0,0.91016287,5.1090355,bound_09h_1ns,False
52.0,0.8684381,5.0720243,bound_09h_1ns,False
54.0,0.8899855,5.0823684,bound_09h_1ns,False
56.0,0.9227732,5.133353,bound_09h_1ns,False
58.0,0.7471905,5.1656904,bound_09h_1ns,False
60.0,0.8374994,5.110834,bound_09h_1ns,False
62.0,0.8796492,5.0299745,bound_09h_1ns,False
64.0,0.6936688,5.1368246,bound_09h_1ns,False
66.0,0.8066666,5.1906815,bound_09h_1ns,False
68.0,0.7986088,5.139756,bound_09h_1ns,False
70.0,0.82032025,5.134699,bound_09h_1ns,False
72.0,0.8338609,5.034278,bound_09h_1ns,False
74.0,0.97718567,5.0252957,bound_09h_1ns,False
76.0,1.0003531,4.9775786,bound_09h_1ns,False
78.0,1.0754447,4.9243937,bound_09h_1ns,False
80.0,1.2143049,4.8826647,bound_09h_1ns,False
82.0,1.1050298,4.9518895,bound_09h_1ns,False
84.0,1.0096463,5.0698786,bound_09h_1ns,False
86.0,0.77114433,5.1362076,bound_09h_1ns,False
88.0,0.94226724,5.0619025,bound_09h_1ns,False
90.0,0.839751,5.0096564,bound_09h_1ns,False
92.0,0.85675204,5.138671,bound_09h_1ns,False
94.0,1.029538,4.9993615,bound_09h_1ns,False
96.0,1.2072711,4.8702044,bound_09h_1ns,False
98.0,1.2010502,4.8852835,bound_09h_1ns,False
100.0,1.02522,4.9500027,bound_09h_1ns,False
102.0,0.98694193,4.957147,bound_09h_1ns,False
104.0,1.0216714,4.8999786,bound_09h_1ns,False
106.0,1.1214904,4.880219,bound_09h_1ns,False
108.0,1.1005993,4.9243274,bound_09h_1ns,False
110.0,1.0347401,5.00469,bound_09h_1ns,False
112.0,0.8370837,5.096874,bound_09h_1ns,False
114.0,0.8256372,5.078687,bound_09h_1ns,False
116.0,0.9013889,5.1270475,bound_09h_1ns,False
118.0,0.9483607,5.033305,bound_09h_1ns,False
120.0,0.81954294,5.048814,bound_09h_1ns,False
122.0,0.86143667,5.0618863,bound_09h_1ns,False
124.0,0.9716216,4.951801,bound_09h_1ns,False
126.0,0.99091023,4.9210978,bound_09h_1ns,False
128.0,0.9623593,4.9825964,bound_09h_1ns,False
130.0,0.9497223,5.1159945,bound_09h_1ns,False
132.0,0.80480045,5.145767,bound_09h_1ns,False
134.0,0.890423,5.094168,bound_09h_1ns,False
136.0,0.72210395,5.110082,bound_09h_1ns,False
138.0,0.93147206,5.2579045,bound_09h_1ns,False
140.0,1.185724,5.1998167,bound_09h_1ns,False
142.0,0.95635676,5.241077,bound_09h_1ns,False
144.0,0.8017533,5.251273,bound_09h_1ns,False
146.0,1.1729826,5.1494083,bound_09h_1ns,False
148.0,0.9333949,5.211543,bound_09h_1ns,False
150.0,1.2643688,5.203082,bound_09h_1ns,False
152.0,1.0560896,5.124983,bound_09h_1ns,False
154.0,1.0120709,5.21597,bound_09h_1ns,False
156.0,1.1229818,5.2521377,bound_09h_1ns,False
158.0,1.1489732,5.151057,bound_09h_1ns,False
160.0,1.0658275,5.216727,bound_09h_1ns,False
162.0,1.209218,5.209524,bound_09h_1ns,False
164.0,1.2201927,5.1203256,bound_09h_1ns,False
166.0,1.0374906,5.269708,bound_09h_1ns,False
168.0,0.970859,5.1822577,bound_09h_1ns,False
170.0,0.9273505,5.2151747,bound_09h_1ns,False
172.0,1.068684,5.173177,bound_09h_1ns,False
174.0,0.9530486,5.1972704,bound_09h_1ns,False
176.0,1.150871,5.132207,bound_09h_1ns,False
178.0,1.1399264,5.1092772,bound_09h_1ns,False
180.0,1.174594,5.189128,bound_09h_1ns,False
182.0,1.1800106,5.2053685,bound_09h_1ns,False
184.0,1.0103073,5.204092,bound_09h_1ns,False
186.0,1.0999551,5.304328,bound_09h_1ns,False
188.0,1.1562228,5.2436347,bound_09h_1ns,False
190.0,1.1450211,5.23408,bound_09h_1ns,False
192.0,1.1301181,5.273406,bound_09h_1ns,False
194.0,1.3463287,5.2867537,bound_09h_1ns,False
196.0,1.1046615,5.2510495,bound_09h_1ns,False
198.0,1.2720591,5.2172766,bound_09h_1ns,False
200.0,1.1519741,5.315589,bound_09h_1ns,False
202.0,1.1033658,5.254951,bound_09h_1ns,True
204.0,1.1434264,5.2342706,bound_09h_1ns,True
206.0,1.1900393,5.234317,bound_09h_1ns,True
208.0,1.1380229,5.24842,bound_09h_1ns,True
210.0,1.1580017,5.306585,bound_09h_1ns,True
212.0,1.0296507,5.275014,bound_09h_1ns,True
214.0,1.059607,5.26575,bound_09h_1ns,True
216.0,1.0117301,5.3457537,bound_09h_1ns,True
218.0,1.0874306,5.3540382,bound_09h_1ns,True
220.0,1.0961583,5.216558,bound_09h_1ns,True
222.0,1.3737808,5.1832814,bound_09h_1ns,True
224.0,1.0636002,5.214379,bound_09h_1ns,True
226.0,1.1431191,5.2367883,bound_09h_1ns,True
228.0,1.1095314,5.3179336,bound_09h_1ns,True
230.0,1.1394131,5.245502,bound_09h_1ns,True
232.0,1.0980895,5.3329916,bound_09h_1ns,True
234.0,1.138841,5.3956413,bound_09h_1ns,True
236.0,1.0550942,5.3086596,bound_09h_1ns,True
238.0,1.0327735,5.3744802,bound_09h_1ns,True
240.0,1.0210972,5.270996,bound_09h_1ns,True
242.0,0.97238034,5.3142,bound_09h_1ns,True
244.0,1.1422999,5.2705026,bound_09h_1ns,True
246.0,1.0344127,5.2727346,bound_09h_1ns,True
248.0,1.0608723,5.21004,bound_09h_1ns,True
250.0,1.0837733,5.2129736,bound_09h_1ns,True
252.0,1.1380062,5.259145,bound_09h_1ns,True
254.0,1.1084279,5.2532244,bound_09h_1ns,True
256.0,1.1213387,5.2861476,bound_09h_1ns,True
258.0,1.1209446,5.2891803,bound_09h_1ns,True
260.0,0.90136594,5.2133565,bound_09h_1ns,True
262.0,1.2866794,5.2504663,bound_09h_1ns,True
264.0,1.2413514,5.079935,bound_09h_1ns,True
266.0,0.9211267,5.140836,bound_09h_1ns,True
268.0,1.0571065,5.2205906,bound_09h_1ns,True
270.0,1.0649219,5.235999,bound_09h_1ns,True
272.0,1.0744436,5.333522,bound_09h_1ns,True
274.0,1.0362397,5.28633,bound_09h_1ns,True
276.0,1.0652531,5.2431555,bound_09h_1ns,True
278.0,0.93885195,5.3092422,bound_09h_1ns,True
280.0,1.0332043,5.255624,bound_09h_1ns,True
282.0,1.0355647,5.2562103,bound_09h_1ns,True
284.0,0.8450473,5.317727,bound_09h_1ns,True
286.0,1.0959915,5.2316813,bound_09h_1ns,True
288.0,1.1389834,5.332242,bound_09h_1ns,True
290.0,1.0405929,5.282509,bound_09h_1ns,True
292.0,1.1115681,5.199308,bound_09h_1ns,True
294.0,0.958684,5.329935,bound_09h_1ns,True
296.0,0.9471079,5.271251,bound_09h_1ns,True
298.0,0.8961311,5.346339,bound_09h_1ns,True
300.0,0.9558314,5.3280444,bound_09h_1ns,True
302.0,1.0084916,5.305463,bound_09h_1ns,True
304.0,1.2902026,5.261261,bound_09h_1ns,True
306.0,1.2819109,5.193404,bound_09h_1ns,True
308.0,0.9650707,5.196443,bound_09h_1ns,True
310.0,0.9582263,5.304016,bound_09h_1ns,True
312.0,1.0489179,5.236615,bound_09h_1ns,True
314.0,1.0027035,5.3789425,bound_09h_1ns,True
316.0,1.1452737,5.271642,bound_09h_1ns,True
318.0,1.1029682,5.2625265,bound_09h_1ns,True
320.0,1.1008449,5.331226,bound_09h_1ns,True
322.0,1.2034061,5.2021413,bound_09h_1ns,True
324.0,1.1191665,5.229044,bound_09h_1ns,True
326.0,1.016623,5.3433557,bound_09h_1ns,True
328.0,1.0225251,5.2671857,bound_09h_1ns,True
330.0,1.11275,5.2867155,bound_09h_1ns,True
332.0,1.1759586,5.3538375,bound_09h_1ns,True
334.0,1.0807154,5.301031,bound_09h_1ns,True
336.0,1.1386261,5.3128123,bound_09h_1ns,True
338.0,1.0003515,5.3328233,bound_09h_1ns,True
340.0,1.175031,5.2643704,bound_09h_1ns,True
342.0,0.9548831,5.3117294,bound_09h_1ns,True
344.0,1.0117332,5.283177,bound_09h_1ns,True
346.0,1.0277472,5.3179235,bound_09h_1ns,True
348.0,0.9367163,5.333088,bound_09h_1ns,True
350.0,1.0555221,5.292136,bound_09h_1ns,True
352.0,0.9288678,5.2011833,bound_09h_1ns,True
354.0,0.9054127,5.336626,bound_09h_1ns,True
356.0,0.6874612,5.191678,bound_09h_1ns,True
358.0,0.813315,5.273414,bound_09h_1ns,True
360.0,1.021234,5.2523327,bound_09h_1ns,True
362.0,1.0666891,5.1815023,bound_09h_1ns,True
364.0,1.0941728,5.174448,bound_09h_1ns,True
366.0,0.958286,5.152502,bound_09h_1ns,True
368.0,0.7234674,5.1612086,bound_09h_1ns,True
370.0,0.9000177,5.2691565,bound_09h_1ns,True
372.0,1.0322177,5.228072,bound_09h_1ns,True
374.0,0.90512466,5.159455,bound_09h_1ns,True
376.0,0.9715153,5.143531,bound_09h_1ns,True
378.0,1.0263188,5.2031326,bound_09h_1ns,True
380.0,1.0212699,5.1447105,bound_09h_1ns,True
382.0,1.0445735,5.1703143,bound_09h_1ns,True
384.0,1.1606724,5.211217,bound_09h_1ns,True
386.0,1.1034422,5.1867275,bound_09h_1ns,True
388.0,1.1266699,5.206819,bound_09h_1ns,True
390.0,0.7487163,5.3027773,bound_09h_1ns,True
392.0,0.76484233,5.2100706,bound_09h_1ns,True
394.0,0.74159193,5.228657,bound_09h_1ns,True
396.0,0.79572767,5.302188,bound_09h_1ns,True
398.0,0.8218341,5.2516704,bound_09h_1ns,True
400.0,0.7484445,5.2929473,bound_09h_1ns,True
402.0,0.9099306,5.2442594,bound_09h_1ns,True
404.0,0.9531137,5.247056,bound_09h_1ns,True
406.0,1.163367,5.382725,bound_09h_1ns,True
408.0,1.1683241,5.3221564,bound_09h_1ns,True
410.0,0.8108841,5.2552357,bound_09h_1ns,True
412.0,0.8459985,5.2160025,bound_09h_1ns,True
414.0,0.8721346,5.2001023,bound_09h_1ns,True
416.0,0.96402764,5.222196,bound_09h_1ns,True
418.0,0.80446863,5.3323607,bound_09h_1ns,True
420.0,1.107214,5.1906166,bound_09h_1ns,True
422.0,0.84176064,5.325798,bound_09h_1ns,True
424.0,1.1324561,5.294661,bound_09h_1ns,True
426.0,1.0483965,5.317955,bound_09h_1ns,True
428.0,1.1465166,5.2427664,bound_09h_1ns,True
430.0,1.0188735,5.1477094,bound_09h_1ns,True
432.0,0.9035992,5.239796,bound_09h_1ns,True
434.0,0.97954303,5.248562,bound_09h_1ns,True
436.0,0.91622525,5.271721,bound_09h_1ns,True
438.0,1.0043697,5.1750035,bound_09h_1ns,True
440.0,0.9080001,5.2434893,bound_09h_1ns,True
442.0,1.0728596,5.257351,bound_09h_1ns,True
444.0,0.98689365,5.171881,bound_09h_1ns,True
446.0,1.0293018,5.295582,bound_09h_1ns,True
448.0,1.0048349,5.3564954,bound_09h_1ns,True
450.0,1.0735823,5.3853674,bound_09h_1ns,True
452.0,1.1863098,5.4048305,bound_09h_1ns,True
454.0,1.1586603,5.273494,bound_09h_1ns,True
456.0,1.2213762,5.148905,bound_09h_1ns,True
458.0,1.0685635,5.2969303,bound_09h_1ns,True
460.0,1.1757396,5.269962,bound_09h_1ns,True
462.0,1.1483644,5.233693,bound_09h_1ns,True
464.0,1.0796854,5.156532,bound_09h_1ns,True
466.0,1.0169122,5.201597,bound_09h_1ns,True
468.0,1.0634552,5.2565246,bound_09h_1ns,True
470.0,0.92063135,5.317612,bound_09h_1ns,True
472.0,1.0980808,5.2484617,bound_09h_1ns,True
474.0,0.9114787,5.1554146,bound_09h_1ns,True
476.0,1.040098,5.2630596,bound_09h_1ns,True
478.0,1.0940087,5.343954,bound_09h_1ns,True
480.0,1.0913147,5.2257376,bound_09h_1ns,True
482.0,1.0858948,5.26877,bound_09h_1ns,True
484.0,1.0416708,5.284685,bound_09h_1ns,True
486.0,0.9465069,5.3676643,bound_09h_1ns,True
488.0,1.0055116,5.273227,bound_09h_1ns,True
490.0,0.9263868,5.219885,bound_09h_1ns,True
492.0,0.895865,5.2184553,bound_09h_1ns,True
494.0,1.2107419,5.1816487,bound_09h_1ns,True
496.0,0.97138596,5.2883797,bound_09h_1ns,True
498.0,0.95932543,5.1994085,bound_09h_1ns,True
500.0,1.0581781,5.238481,bound_09h_1ns,True
502.0,0.92615,5.254617,bound_09h_1ns,True
504.0,1.0792819,5.239642,bound_09h_1ns,True
506.0,1.1464472,5.2537975,bound_09h_1ns,True
508.0,0.8450323,5.2551985,bound_09h_1ns,True
510.0,0.90791607,5.2900343,bound_09h_1ns,True
512.0,0.7930585,5.224432,bound_09h_1ns,True
514.0,0.8545712,5.2370205,bound_09h_1ns,True
516.0,0.89482474,5.2616653,bound_09h_1ns,True
518.0,0.86317116,5.192642,bound_09h_1ns,True
520.0,0.94622815,5.228228,bound_09h_1ns,True
522.0,0.832346,5.258637,bound_09h_1ns,True
524.0,0.86579853,5.25728,bound_09h_1ns,True
526.0,1.0081102,5.3171196,bound_09h_1ns,True
528.0,1.0062101,5.294448,bound_09h_1ns,True
530.0,1.0364437,5.229354,bound_09h_1ns,True
532.0,0.81266975,5.202569,bound_09h_1ns,True
534.0,0.7986028,5.119,bound_09h_1ns,True
536.0,0.9071963,5.1479316,bound_09h_1ns,True
538.0,0.78352535,5.2199316,bound_09h_1ns,True
540.0,0.8762946,5.1472654,bound_09h_1ns,True
542.0,0.7210797,5.241692,bound_09h_1ns,True
544.0,0.7898574,5.223312,bound_09h_1ns,True
546.0,0.91118044,5.2419972,bound_09h_1ns,True
548.0,0.8558499,5.2224135,bound_09h_1ns,True
550.0,0.8811206,5.194419,bound_09h_1ns,True
552.0,0.8133345,5.1420994,bound_09h_1ns,True
554.0,0.9105697,5.19624,bound_09h_1ns,True
556.0,1.0429791,5.2442555,bound_09h_1ns,True
558.0,0.90637064,5.355564,bound_09h_1ns,True
560.0,1.0138142,5.3125553,bound_09h_1ns,True
562.0,1.05672,5.3698897,bound_09h_1ns,True
564.0,0.8913293,5.234277,bound_09h_1ns,True
566.0,1.1349698,5.2253113,bound_09h_1ns,True
568.0,1.0191526,5.3418913,bound_09h_1ns,True
570.0,1.0747764,5.2074156,bound_09h_1ns,True
572.0,1.1662366,5.2394366,bound_09h_1ns,True
574.0,1.0793688,5.1240053,bound_09h_1ns,True
576.0,0.9166675,5.1330047,bound_09h_1ns,True
578.0,0.97116345,5.325043,bound_09h_1ns,True
580.0,0.86513007,5.2778854,bound_09h_1ns,True
582.0,0.7674729,5.280917,bound_09h_1ns,True
584.0,0.8625061,5.3128695,bound_09h_1ns,True
586.0,0.95445013,5.0909896,bound_09h_1ns,True
588.0,0.84748894,5.3323174,bound_09h_1ns,True
590.0,0.89197284,5.1642294,bound_09h_1ns,True
592.0,0.7488522,5.2669497,bound_09h_1ns,True
594.0,0.83497334,5.288007,bound_09h_1ns,True
596.0,0.8884143,5.3890367,bound_09h_1ns,True
598.0,0.9516282,5.3443384,bound_09h_1ns,True
600.0,0.829561,5.279108,bound_09h_1ns,True
602.0,1.0740175,5.3440566,bound_09h_1ns,True
604.0,0.9376729,5.2924995,bound_09h_1ns,True
606.0,0.977376,5.27478,bound_09h_1ns,True
608.0,1.139957,5.360727,bound_09h_1ns,True
610.0,1.4738482,5.350208,bound_09h_1ns,True
612.0,1.3123198,5.3234377,bound_09h_1ns,True
614.0,1.0776106,5.320596,bound_09h_1ns,True
616.0,0.74088424,5.2899737,bound_09h_1ns,True
618.0,0.97878647,5.2149563,bound_09h_1ns,True
620.0,0.9048647,5.250127,bound_09h_1ns,True
622.0,0.95165163,5.376373,bound_09h_1ns,True
624.0,1.0980489,5.223866,bound_09h_1ns,True
626.0,1.0653219,5.2532487,bound_09h_1ns,True
628.0,1.0681589,5.0783577,bound_09h_1ns,True
630.0,0.80274785,5.3079104,bound_09h_1ns,True
632.0,1.1832429,5.256013,bound_09h_1ns,True
634.0,1.0561874,5.2672033,bound_09h_1ns,True
636.0,1.1155633,5.1748056,bound_09h_1ns,True
638.0,1.0805228,5.1465797,bound_09h_1ns,True
640.0,0.94820315,5.184694,bound_09h_1ns,True
642.0,0.9101018,5.2444935,bound_09h_1ns,True
644.0,1.0125734,5.154309,bound_09h_1ns,True
646.0,0.966588,5.2117147,bound_09h_1ns,True
648.0,1.0256386,5.159301,bound_09h_1ns,True
650.0,0.8354871,5.175912,bound_09h_1ns,True
652.0,1.0544223,5.2467256,bound_09h_1ns,True
654.0,1.0636226,5.2401786,bound_09h_1ns,True
656.0,1.117229,5.3185196,bound_09h_1ns,True
658.0,1.0478945,5.2208652,bound_09h_1ns,True
660.0,1.0235723,5.3215637,bound_09h_1ns,True
662.0,1.1159365,5.2732034,bound_09h_1ns,True
664.0,1.0878193,5.2672977,bound_09h_1ns,True
666.0,0.9028143,5.260101,bound_09h_1ns,True
668.0,0.8418324,5.2618027,bound_09h_1ns,True
670.0,0.7082783,5.214458,bound_09h_1ns,True
672.0,0.8362763,5.1752663,bound_09h_1ns,True
674.0,0.9458181,5.217054,bound_09h_1ns,True
676.0,1.0214396,5.3072634,bound_09h_1ns,True
678.0,1.0795779,5.148987,bound_09h_1ns,True
680.0,0.98710454,5.2282195,bound_09h_1ns,True
682.0,0.96566844,5.290888,bound_09h_1ns,True
684.0,0.9707559,5.2072897,bound_09h_1ns,True
686.0,1.0859592,5.137953,bound_09h_1ns,True
688.0,0.762653,5.196121,bound_09h_1ns,True
690.0,0.7296693,5.182472,bound_09h_1ns,True
692.0,0.9892149,5.176535,bound_09h_1ns,True
694.0,0.9079056,5.24822,bound_09h_1ns,True
696.0,1.1058064,5.1957316,bound_09h_1ns,True
698.0,0.79503626,5.3342433,bound_09h_1ns,True
700.0,0.9052371,5.277151,bound_09h_1ns,True
702.0,0.79311466,5.2146683,bound_09h_1ns,True
704.0,1.0212653,5.355041,bound_09h_1ns,True
706.0,1.1088895,5.2129793,bound_09h_1ns,True
708.0,1.0762928,5.1532497,bound_09h_1ns,True
710.0,1.0726389,5.2254934,bound_09h_1ns,True
712.0,0.75811696,5.2681484,bound_09h_1ns,True
714.0,1.1104136,5.2367077,bound_09h_1ns,True
716.0,0.85051066,5.350718,bound_09h_1ns,True
718.0,1.1151357,5.378568,bound_09h_1ns,True
720.0,0.8684527,5.268627,bound_09h_1ns,True
722.0,0.90158814,5.2207575,bound_09h_1ns,True
724.0,0.9011331,5.269861,bound_09h_1ns,True
726.0,1.2078713,5.2387266,bound_09h_1ns,True
728.0,1.0213368,5.2295833,bound_09h_1ns,True
730.0,1.2366588,5.2983875,bound_09h_1ns,True
732.0,1.1041722,5.3030224,bound_09h_1ns,True
734.0,1.3961611,5.049312,bound_09h_1ns,True
736.0,1.3545853,5.1511626,bound_09h_1ns,True
738.0,1.4503603,5.2076426,bound_09h_1ns,True
740.0,1.474396,5.2318006,bound_09h_1ns,True
742.0,1.042973,5.2221403,bound_09h_1ns,True
744.0,1.2146817,5.194559,bound_09h_1ns,True
746.0,1.1846217,5.105538,bound_09h_1ns,True
748.0,1.1152825,5.109635,bound_09h_1ns,True
750.0,1.1106297,5.2089305,bound_09h_1ns,True
752.0,1.1044515,5.228075,bound_09h_1ns,True
754.0,0.9454719,5.164227,bound_09h_1ns,True
756.0,1.0088651,5.1847224,bound_09h_1ns,True
758.0,1.0874014,5.0989084,bound_09h_1ns,True
760.0,0.9916446,5.2264013,bound_09h_1ns,True
762.0,0.91200346,5.262355,bound_09h_1ns,True
764.0,1.060628,5.197855,bound_09h_1ns,True
766.0,0.9602975,5.2332683,bound_09h_1ns,True
768.0,0.9231038,5.2474623,bound_09h_1ns,True
770.0,1.0741906,5.231888,bound_09h_1ns,True
772.0,0.9551227,5.251547,bound_09h_1ns,True
774.0,1.1007192,5.179877,bound_09h_1ns,True
776.0,1.0746182,5.2085752,bound_09h_1ns,True
778.0,1.0312426,5.220771,bound_09h_1ns,True
780.0,0.9703022,5.273673,bound_09h_1ns,True
782.0,1.203628,5.2087793,bound_09h_1ns,True
784.0,0.88610697,5.3426113,bound_09h_1ns,True
786.0,1.3650188,5.1830997,bound_09h_1ns,True
788.0,1.3330954,5.1836033,bound_09h_1ns,True
790.0,1.3262353,5.2349815,bound_09h_1ns,True
792.0,1.3576268,5.2386947,bound_09h_1ns,True
794.0,1.3573669,5.1605296,bound_09h_1ns,True
796.0,1.2547352,5.237952,bound_09h_1ns,True
798.0,1.346252,5.3293777,bound_09h_1ns,True
800.0,1.0899724,5.227955,bound_09h_1ns,True
802.0,1.0241001,5.187326,bound_09h_1ns,True
804.0,1.1614336,5.1602974,bound_09h_1ns,True
806.0,1.0942628,5.212778,bound_09h_1ns,True
808.0,1.0833331,5.175753,bound_09h_1ns,True
810.0,1.05032,5.175416,bound_09h_1ns,True
812.0,1.3806224,5.273341,bound_09h_1ns,True
814.0,1.0919902,5.2584715,bound_09h_1ns,True
816.0,1.2358255,5.3564353,bound_09h_1ns,True
818.0,0.9510302,5.1827583,bound_09h_1ns,True
820.0,1.3030432,5.2937756,bound_09h_1ns,True
822.0,1.0092322,5.254767,bound_09h_1ns,True
824.0,1.0666087,5.222374,bound_09h_1ns,True
826.0,0.94853336,5.2953663,bound_09h_1ns,True
828.0,1.2049583,5.198951,bound_09h_1ns,True
830.0,0.8616395,5.2040477,bound_09h_1ns,True
832.0,1.0012822,5.2805347,bound_09h_1ns,True
834.0,1.502447,5.296781,bound_09h_1ns,True
836.0,1.2696439,5.2767363,bound_09h_1ns,True
838.0,1.1568727,5.288726,bound_09h_1ns,True
840.0,1.6090685,5.2579107,bound_09h_1ns,True
842.0,1.7436285,5.231359,bound_09h_1ns,True
844.0,1.4091835,5.2854786,bound_09h_1ns,True
846.0,1.6529436,5.268522,bound_09h_1ns,True
848.0,1.6940973,5.2536464,bound_09h_1ns,True
850.0,1.8116958,5.3126745,bound_09h_1ns,True
852.0,1.7791234,5.278717,bound_09h_1ns,True
854.0,1.3423668,5.2310014,bound_09h_1ns,True
856.0,1.8146683,5.297161,bound_09h_1ns,True
858.0,1.4296665,5.2671123,bound_09h_1ns,True
860.0,1.4955271,5.2414174,bound_09h_1ns,True
862.0,1.3791492,5.3423834,bound_09h_1ns,True
864.0,1.6156714,5.2788773,bound_09h_1ns,True
866.0,1.8349606,5.2452955,bound_09h_1ns,True
868.0,1.7782897,5.24506,bound_09h_1ns,True
870.0,1.4388669,5.2844315,bound_09h_1ns,True
872.0,1.4552343,5.3250957,bound_09h_1ns,True
874.0,1.3293917,5.2624702,bound_09h_1ns,True
876.0,1.4635248,5.3023286,bound_09h_1ns,True
878.0,1.622362,5.182249,bound_09h_1ns,True
880.0,1.6214389,5.174511,bound_09h_1ns,True
882.0,1.6022104,5.1898956,bound_09h_1ns,True
884.0,1.4439955,5.253625,bound_09h_1ns,True
886.0,1.4047799,5.2387385,bound_09h_1ns,True
888.0,1.3510063,5.207539,bound_09h_1ns,True
890.0,1.5424712,5.345254,bound_09h_1ns,True
892.0,1.6230379,5.25957,bound_09h_1ns,True
894.0,1.3247375,5.266457,bound_09h_1ns,True
896.0,1.364327,5.344658,bound_09h_1ns,True
898.0,1.6123892,5.3234367,bound_09h_1ns,True
900.0,1.4283864,5.2554393,bound_09h_1ns,True
902.0,1.4650879,5.2455616,bound_09h_1ns,True
904.0,1.5477443,5.221212,bound_09h_1ns,True
906.0,1.6697668,5.1995077,bound_09h_1ns,True
908.0,1.6195124,5.1438894,bound_09h_1ns,True
910.0,1.7035581,5.2658005,bound_09h_1ns,True
912.0,1.6904991,5.1644077,bound_09h_1ns,True
914.0,1.5067719,5.240405,bound_09h_1ns,True
916.0,1.5653346,5.252078,bound_09h_1ns,True
918.0,1.5349355,5.22824,bound_09h_1ns,True
920.0,1.5702881,5.0565195,bound_09h_1ns,True
922.0,1.8371198,5.1390405,bound_09h_1ns,True
924.0,1.8255093,5.231767,bound_09h_1ns,True
926.0,2.0441642,5.1869307,bound_09h_1ns,True
928.0,1.8684298,5.309163,bound_09h_1ns,True
930.0,1.5131383,5.2675695,bound_09h_1ns,True
932.0,1.6090963,5.2189465,bound_09h_1ns,True
934.0,1.7052395,5.2217746,bound_09h_1ns,True
936.0,1.6532369,5.3072906,bound_09h_1ns,True
938.0,1.501034,5.2294154,bound_09h_1ns,True
940.0,1.601232,5.3240275,bound_09h_1ns,True
942.0,1.4467261,5.396273,bound_09h_1ns,True
944.0,1.3619249,5.330894,bound_09h_1ns,True
946.0,1.4620036,5.293749,bound_09h_1ns,True
948.0,1.3552387,5.2724752,bound_09h_1ns,True
950.0,1.1355284,5.2729397,bound_09h_1ns,True
952.0,1.2119898,5.1837587,bound_09h_1ns,True
954.0,1.4075774,5.247589,bound_09h_1ns,True
956.0,1.5842801,5.3257174,bound_09h_1ns,True
958.0,1.3695525,5.222914,bound_09h_1ns,True
960.0,1.5123166,5.2491665,bound_09h_1ns,True
962.0,1.489492,5.0856457,bound_09h_1ns,True
964.0,1.4708071,5.2256403,bound_09h_1ns,True
966.0,1.5419012,5.3056936,bound_09h_1ns,True
968.0,1.6528206,5.289285,bound_09h_1ns,True
970.0,1.5013115,5.2768235,bound_09h_1ns,True
972.0,1.6774423,5.3439617,bound_09h_1ns,True
974.0,1.447754,5.3552103,bound_09h_1ns,True
976.0,1.731754,5.2377076,bound_09h_1ns,True
978.0,1.7129594,5.2209606,bound_09h_1ns,True
980.0,1.4820065,5.1536827,bound_09h_1ns,True
982.0,1.459663,5.2337675,bound_09h_1ns,True
984.0,1.4644064,5.1843376,bound_09h_1ns,True
986.0,1.5807366,5.196823,bound_09h_1ns,True
988.0,1.4458348,5.2303166,bound_09h_1ns,True
990.0,1.4752624,5.1885176,bound_09h_1ns,True
992.0,1.3578973,5.2356205,bound_09h_1ns,True
994.0,1.5278735,5.211652,bound_09h_1ns,True
996.0,1.3790777,5.2033,bound_09h_1ns,True
998.0,1.4505422,5.260728,bound_09h_1ns,True
1000.0,1.3070065,5.269414,bound_09h_1ns,True
10.0,1.4179606,5.1896877,replica_01_seed20260921,False
20.0,1.7114342,5.2722254,replica_01_seed20260921,False
30.0,1.298554,5.294149,replica_01_seed20260921,False
40.0,2.0565472,5.19561,replica_01_seed20260921,False
50.0,2.4400537,5.2028112,replica_01_seed20260921,False
60.0,2.6096234,5.2915926,replica_01_seed20260921,False
70.0,2.3807178,5.2346854,replica_01_seed20260921,False
80.0,1.8260534,5.364197,replica_01_seed20260921,False
90.0,2.2611558,5.3050303,replica_01_seed20260921,False
100.0,1.3731362,5.2575445,replica_01_seed20260921,False
110.0,1.3743557,5.261158,replica_01_seed20260921,False
120.0,1.2921685,5.3027687,replica_01_seed20260921,False
130.0,0.7305923,5.1515627,replica_01_seed20260921,False
140.0,1.1102647,5.2997184,replica_01_seed20260921,False
150.0,0.73167497,5.3185406,replica_01_seed20260921,False
160.0,1.2129153,5.250059,replica_01_seed20260921,False
170.0,1.5340571,5.189578,replica_01_seed20260921,False
180.0,1.661188,5.32193,replica_01_seed20260921,False
190.0,1.3014907,5.3213286,replica_01_seed20260921,False
200.0,2.2407992,5.357285,replica_01_seed20260921,False
210.0,1.2447336,5.171508,replica_01_seed20260921,False
220.0,1.3613015,5.393115,replica_01_seed20260921,False
230.0,0.87140536,5.3756647,replica_01_seed20260921,False
240.0,0.90073097,5.2157974,replica_01_seed20260921,False
250.0,1.4323368,5.386614,replica_01_seed20260921,False
260.0,1.4665734,5.277495,replica_01_seed20260921,False
270.0,1.1176529,5.4327374,replica_01_seed20260921,False
280.0,1.0759692,5.2756767,replica_01_seed20260921,False
290.0,1.1672162,5.356149,replica_01_seed20260921,False
300.0,0.7810384,5.2222295,replica_01_seed20260921,False
310.0,1.0302356,5.203452,replica_01_seed20260921,False
320.0,0.87448245,5.2839093,replica_01_seed20260921,False
330.0,1.2587836,5.28425,replica_01_seed20260921,False
340.0,1.457294,5.2694483,replica_01_seed20260921,False
350.0,1.33451,5.2849216,replica_01_seed20260921,False
360.0,1.1254673,5.286121,replica_01_seed20260921,False
370.0,1.4669971,5.2078104,replica_01_seed20260921,False
380.0,2.0292096,5.311358,replica_01_seed20260921,False
390.0,2.0234451,5.267329,replica_01_seed20260921,False
400.0,1.8653817,5.2464705,replica_01_seed20260921,False
410.0,1.4466513,5.3173313,replica_01_seed20260921,False
420.0,1.9020393,5.2792473,replica_01_seed20260921,False
430.0,1.740962,5.4326625,replica_01_seed20260921,False
440.0,2.1798236,5.2940035,replica_01_seed20260921,False
450.0,1.3793924,5.277151,replica_01_seed20260921,False
460.0,1.7305981,5.3798037,replica_01_seed20260921,False
470.0,1.930857,5.3027015,replica_01_seed20260921,False
480.0,2.3208406,5.2982874,replica_01_seed20260921,False
490.0,1.9038295,5.3402467,replica_01_seed20260921,False
500.0,1.0601919,5.256479,replica_01_seed20260921,False
510.0,1.030996,5.3650885,replica_01_seed20260921,False
520.0,0.6212836,5.1518846,replica_01_seed20260921,False
530.0,1.1172774,5.4092007,replica_01_seed20260921,False
540.0,1.260134,5.3584003,replica_01_seed20260921,False
550.0,1.0961192,5.4451847,replica_01_seed20260921,False
560.0,1.3169963,5.4649067,replica_01_seed20260921,False
570.0,1.1814818,5.356778,replica_01_seed20260921,False
580.0,1.3481586,5.4261546,replica_01_seed20260921,False
590.0,1.6165851,5.391864,replica_01_seed20260921,False
600.0,1.7647479,5.3405147,replica_01_seed20260921,False
610.0,1.5509009,5.3537703,replica_01_seed20260921,False
620.0,1.9984605,5.388812,replica_01_seed20260921,False
630.0,1.8406498,5.3685718,replica_01_seed20260921,False
640.0,1.8764262,5.404017,replica_01_seed20260921,False
650.0,2.1270964,5.385236,replica_01_seed20260921,False
660.0,2.1879141,5.2558146,replica_01_seed20260921,False
670.0,2.1929564,5.2120447,replica_01_seed20260921,False
680.0,2.4525604,5.3604994,replica_01_seed20260921,False
690.0,2.6769228,5.0864296,replica_01_seed20260921,False
700.0,2.3088202,5.2619495,replica_01_seed20260921,False
710.0,2.4922614,5.0902724,replica_01_seed20260921,False
720.0,2.5672457,5.154789,replica_01_seed20260921,False
730.0,2.361087,5.243348,replica_01_seed20260921,False
740.0,2.724713,5.189481,replica_01_seed20260921,False
750.0,2.6710987,5.2028866,replica_01_seed20260921,False
760.0,2.4395254,5.2858286,replica_01_seed20260921,False
770.0,2.4815161,5.4143906,replica_01_seed20260921,False
780.0,2.5061476,5.145731,replica_01_seed20260921,False
790.0,2.1185472,5.3097305,replica_01_seed20260921,False
800.0,1.9141381,5.279288,replica_01_seed20260921,False
810.0,2.1194181,5.260441,replica_01_seed20260921,False
820.0,1.1501347,5.3589687,replica_01_seed20260921,False
830.0,1.3269876,5.296071,replica_01_seed20260921,False
840.0,0.897494,5.138438,replica_01_seed20260921,False
850.0,1.0720681,5.389408,replica_01_seed20260921,False
860.0,0.93965745,5.2684493,replica_01_seed20260921,False
870.0,1.3992269,5.2017026,replica_01_seed20260921,False
880.0,1.7605286,5.2116303,replica_01_seed20260921,False
890.0,1.9116745,5.3935223,replica_01_seed20260921,False
900.0,2.4287498,5.1655397,replica_01_seed20260921,False
910.0,2.5718493,5.2844267,replica_01_seed20260921,False
920.0,2.2968078,5.3213606,replica_01_seed20260921,False
930.0,2.5458267,5.240552,replica_01_seed20260921,False
940.0,2.580718,5.154832,replica_01_seed20260921,False
950.0,2.3554013,5.3289604,replica_01_seed20260921,False
960.0,2.527318,5.1714983,replica_01_seed20260921,False
970.0,2.553913,5.1727047,replica_01_seed20260921,False
980.0,2.4962506,5.277008,replica_01_seed20260921,False
990.0,2.7025013,5.2280865,replica_01_seed20260921,False
1000.0,2.376624,5.302868,replica_01_seed20260921,False
1010.0,2.7059927,5.0011597,replica_01_seed20260921,False
1020.0,1.9254303,5.2014465,replica_01_seed20260921,False
1030.0,1.4221166,5.285111,replica_01_seed20260921,False
1040.0,1.0334351,5.100184,replica_01_seed20260921,False
1050.0,1.6476203,5.154571,replica_01_seed20260921,False
1060.0,1.2469764,5.163631,replica_01_seed20260921,False
1070.0,1.0277781,5.233304,replica_01_seed20260921,False
1080.0,1.4090018,5.259197,replica_01_seed20260921,False
1090.0,1.3942267,5.258922,replica_01_seed20260921,False
1100.0,1.1006802,5.263824,replica_01_seed20260921,False
1110.0,0.90222603,5.379631,replica_01_seed20260921,False
1120.0,2.0801384,5.317724,replica_01_seed20260921,False
1130.0,2.662494,5.246689,replica_01_seed20260921,False
1140.0,2.5457418,5.346013,replica_01_seed20260921,False
1150.0,1.978441,5.3335385,replica_01_seed20260921,False
1160.0,2.055277,5.3032155,replica_01_seed20260921,False
1170.0,1.6998445,5.229978,replica_01_seed20260921,False
1180.0,1.4234617,5.165331,replica_01_seed20260921,False
1190.0,0.46488202,5.186739,replica_01_seed20260921,False
1200.0,1.071782,5.2223053,replica_01_seed20260921,False
1210.0,0.9268756,5.1575165,replica_01_seed20260921,False
1220.0,0.8677203,5.2704535,replica_01_seed20260921,False
1230.0,1.4903349,5.3064556,replica_01_seed20260921,False
1240.0,1.798303,5.3393574,replica_01_seed20260921,False
1250.0,1.5434045,5.169177,replica_01_seed20260921,False
1260.0,1.3226674,5.1737785,replica_01_seed20260921,False
1270.0,2.4876628,5.2239985,replica_01_seed20260921,False
1280.0,2.272897,5.4006824,replica_01_seed20260921,False
1290.0,2.6279137,5.2462454,replica_01_seed20260921,False
1300.0,2.3976555,5.2816343,replica_01_seed20260921,False
1310.0,2.5843728,5.2426243,replica_01_seed20260921,False
1320.0,2.6185105,5.2919636,replica_01_seed20260921,False
1330.0,1.9850676,5.3094745,replica_01_seed20260921,False
1340.0,1.5081341,5.277812,replica_01_seed20260921,False
1350.0,1.7451776,5.3281603,replica_01_seed20260921,False
1360.0,1.9615113,4.9821577,replica_01_seed20260921,False
1370.0,1.4646311,5.308037,replica_01_seed20260921,False
1380.0,1.7929387,5.3038006,replica_01_seed20260921,False
1390.0,1.724828,5.1041775,replica_01_seed20260921,False
1400.0,1.1251113,5.368839,replica_01_seed20260921,False
1410.0,1.4626958,5.351943,replica_01_seed20260921,False
1420.0,1.1932992,5.236738,replica_01_seed20260921,False
1430.0,1.1775308,5.1801085,replica_01_seed20260921,False
1440.0,0.57346755,5.170684,replica_01_seed20260921,False
1450.0,0.6069318,5.1261134,replica_01_seed20260921,False
1460.0,0.7566795,5.1768804,replica_01_seed20260921,False
1470.0,0.7233993,5.254075,replica_01_seed20260921,False
1480.0,1.059937,5.224486,replica_01_seed20260921,False
1490.0,1.0185816,5.2398844,replica_01_seed20260921,False
1500.0,1.6057699,5.292963,replica_01_seed20260921,False
1510.0,1.9204642,5.24369,replica_01_seed20260921,False
1520.0,0.88609254,5.3255205,replica_01_seed20260921,False
1530.0,0.9903583,4.949544,replica_01_seed20260921,False
1540.0,1.2401267,5.309201,replica_01_seed20260921,False
1550.0,1.7408853,5.210299,replica_01_seed20260921,False
1560.0,1.4431201,5.1827245,replica_01_seed20260921,False
1570.0,1.7911072,5.3413687,replica_01_seed20260921,False
1580.0,1.9100815,5.1700115,replica_01_seed20260921,False
1590.0,1.4761962,5.1980963,replica_01_seed20260921,False
1600.0,2.2062519,5.3181486,replica_01_seed20260921,False
1610.0,1.1324519,5.142005,replica_01_seed20260921,False
1620.0,1.204127,5.300817,replica_01_seed20260921,False
1630.0,1.3843406,5.246756,replica_01_seed20260921,False
1640.0,0.99352777,5.3171735,replica_01_seed20260921,False
1650.0,0.8354681,5.2491817,replica_01_seed20260921,False
1660.0,1.0873809,4.9742727,replica_01_seed20260921,False
1670.0,0.61268693,5.329772,replica_01_seed20260921,False
1680.0,1.1642056,5.2337193,replica_01_seed20260921,False
1690.0,1.7487787,5.330614,replica_01_seed20260921,False
1700.0,1.3934228,5.274166,replica_01_seed20260921,False
1710.0,2.512221,5.345996,replica_01_seed20260921,False
1720.0,2.5083373,5.178566,replica_01_seed20260921,False
1730.0,2.5714388,5.201483,replica_01_seed20260921,False
1740.0,2.6187358,5.1311493,replica_01_seed20260921,False
1750.0,2.5301576,5.2593684,replica_01_seed20260921,False
1760.0,2.508367,5.0919285,replica_01_seed20260921,False
1770.0,2.4793158,5.3652005,replica_01_seed20260921,False
1780.0,2.5433707,5.37565,replica_01_seed20260921,False
1790.0,2.6066172,5.3161583,replica_01_seed20260921,False
1800.0,2.64063,5.2902803,replica_01_seed20260921,False
1810.0,2.5732067,5.237506,replica_01_seed20260921,False
1820.0,2.5455334,5.190029,replica_01_seed20260921,False
1830.0,2.7365172,5.153976,replica_01_seed20260921,False
1840.0,2.3943472,5.264969,replica_01_seed20260921,False
1850.0,1.7883043,5.332771,replica_01_seed20260921,False
1860.0,1.2299312,5.290261,replica_01_seed20260921,False
1870.0,1.2370391,5.2465672,replica_01_seed20260921,False
1880.0,1.8199625,5.2359095,replica_01_seed20260921,False
1890.0,2.169737,5.312043,replica_01_seed20260921,False
1900.0,1.4340069,5.2927437,replica_01_seed20260921,False
1910.0,1.6574484,5.2499638,replica_01_seed20260921,False
1920.0,2.4758186,5.3925304,replica_01_seed20260921,False
1930.0,1.7454315,5.3189855,replica_01_seed20260921,False
1940.0,1.5407008,5.271968,replica_01_seed20260921,False
1950.0,1.0364406,5.2238197,replica_01_seed20260921,False
1960.0,1.4471052,5.231173,replica_01_seed20260921,False
1970.0,1.4446669,5.2909937,replica_01_seed20260921,False
1980.0,1.1316108,5.34155,replica_01_seed20260921,False
1990.0,1.2014179,5.2007847,replica_01_seed20260921,False
2000.0,1.7458414,5.235698,replica_01_seed20260921,False
2010.0,1.6432242,5.170107,replica_01_seed20260921,True
2020.0,1.9239389,5.329025,replica_01_seed20260921,True
2030.0,1.6374792,5.414827,replica_01_seed20260921,True
2040.0,1.8503665,5.266118,replica_01_seed20260921,True
2050.0,2.2700448,5.3667393,replica_01_seed20260921,True
2060.0,1.4020878,5.2227263,replica_01_seed20260921,True
2070.0,1.2252312,5.3191414,replica_01_seed20260921,True
2080.0,1.2753322,5.372489,replica_01_seed20260921,True
2090.0,1.0657246,5.3864784,replica_01_seed20260921,True
2100.0,0.88217705,5.3098254,replica_01_seed20260921,True
2110.0,1.2500889,5.4350815,replica_01_seed20260921,True
2120.0,1.7508651,5.124531,replica_01_seed20260921,True
2130.0,1.8787863,5.4153633,replica_01_seed20260921,True
2140.0,1.7087593,5.4233117,replica_01_seed20260921,True
2150.0,1.5858656,5.2884746,replica_01_seed20260921,True
2160.0,2.1129286,5.4184465,replica_01_seed20260921,True
2170.0,2.2347925,5.357992,replica_01_seed20260921,True
2180.0,1.8209238,5.421102,replica_01_seed20260921,True
2190.0,1.9355024,5.385756,replica_01_seed20260921,True
2200.0,1.5259936,5.314653,replica_01_seed20260921,True
2210.0,1.0365956,5.419721,replica_01_seed20260921,True
2220.0,1.1126829,5.2260523,replica_01_seed20260921,True
2230.0,1.0103465,5.291935,replica_01_seed20260921,True
2240.0,1.0335182,5.3558702,replica_01_seed20260921,True
2250.0,1.2881423,5.301268,replica_01_seed20260921,True
2260.0,1.3035141,5.4251285,replica_01_seed20260921,True
2270.0,1.0199134,5.261512,replica_01_seed20260921,True
2280.0,1.3349364,5.434065,replica_01_seed20260921,True
2290.0,1.0610971,5.3815966,replica_01_seed20260921,True
2300.0,1.1137694,5.3885717,replica_01_seed20260921,True
2310.0,1.0537134,5.4313593,replica_01_seed20260921,True
2320.0,1.0318404,5.3451614,replica_01_seed20260921,True
2330.0,1.096499,5.3492885,replica_01_seed20260921,True
2340.0,1.7856119,5.317588,replica_01_seed20260921,True
2350.0,1.275701,5.164279,replica_01_seed20260921,True
2360.0,1.3183714,5.374502,replica_01_seed20260921,True
2370.0,1.5665424,5.2642846,replica_01_seed20260921,True
2380.0,1.8379623,5.4075947,replica_01_seed20260921,True
2390.0,2.2710023,5.3080516,replica_01_seed20260921,True
2400.0,2.0485356,5.2629185,replica_01_seed20260921,True
2410.0,1.9221188,5.341842,replica_01_seed20260921,True
2420.0,1.5995873,5.10956,replica_01_seed20260921,True
2430.0,1.7790127,5.3029733,replica_01_seed20260921,True
2440.0,1.4912081,5.3851776,replica_01_seed20260921,True
2450.0,1.3134772,5.38342,replica_01_seed20260921,True
2460.0,1.2728685,5.2498474,replica_01_seed20260921,True
2470.0,1.2360134,5.3937645,replica_01_seed20260921,True
2480.0,1.4621611,5.332541,replica_01_seed20260921,True
2490.0,2.0208726,5.3770456,replica_01_seed20260921,True
2500.0,1.2015476,5.291339,replica_01_seed20260921,True
2510.0,1.3848813,5.493241,replica_01_seed20260921,True
2520.0,1.2814718,5.351178,replica_01_seed20260921,True
2530.0,1.2731619,5.3597164,replica_01_seed20260921,True
2540.0,1.2333511,5.4142494,replica_01_seed20260921,True
2550.0,1.2467711,5.369712,replica_01_seed20260921,True
2560.0,0.9359015,5.2830105,replica_01_seed20260921,True
2570.0,1.0961307,5.3241844,replica_01_seed20260921,True
2580.0,1.4078734,5.301743,replica_01_seed20260921,True
2590.0,1.7458105,5.2875214,replica_01_seed20260921,True
2600.0,1.780088,5.3522863,replica_01_seed20260921,True
2610.0,1.7901237,5.338021,replica_01_seed20260921,True
2620.0,1.9806677,5.3951497,replica_01_seed20260921,True
2630.0,2.3285294,5.4441733,replica_01_seed20260921,True
2640.0,2.2588217,5.3079276,replica_01_seed20260921,True
2650.0,1.8175381,5.2905393,replica_01_seed20260921,True
2660.0,2.0026953,5.3718038,replica_01_seed20260921,True
2670.0,2.056491,5.375275,replica_01_seed20260921,True
2680.0,2.0304956,5.581016,replica_01_seed20260921,True
2690.0,2.355893,5.5425787,replica_01_seed20260921,True
2700.0,2.1711051,5.49226,replica_01_seed20260921,True
2710.0,2.43039,5.562279,replica_01_seed20260921,True
2720.0,2.1816633,5.475872,replica_01_seed20260921,True
2730.0,2.1073833,5.610178,replica_01_seed20260921,True
2740.0,2.240189,5.5842543,replica_01_seed20260921,True
2750.0,1.8582147,5.6814404,replica_01_seed20260921,True
2760.0,2.0367124,5.533721,replica_01_seed20260921,True
2770.0,1.8917942,5.706549,replica_01_seed20260921,True
2780.0,1.852312,5.611964,replica_01_seed20260921,True
2790.0,1.9392132,5.602193,replica_01_seed20260921,True
2800.0,1.8961598,5.664518,replica_01_seed20260921,True
2810.0,1.8204741,5.543268,replica_01_seed20260921,True
2820.0,1.7873691,5.629807,replica_01_seed20260921,True
2830.0,1.8932774,5.647356,replica_01_seed20260921,True
2840.0,2.0458226,5.635071,replica_01_seed20260921,True
2850.0,1.8177027,5.5415936,replica_01_seed20260921,True
2860.0,2.035913,5.611546,replica_01_seed20260921,True
2870.0,2.0441656,5.7341976,replica_01_seed20260921,True
2880.0,1.8357921,5.6090474,replica_01_seed20260921,True
2890.0,1.9224991,5.6227236,replica_01_seed20260921,True
2900.0,2.14272,5.623501,replica_01_seed20260921,True
2910.0,2.3077855,5.522276,replica_01_seed20260921,True
2920.0,2.1820889,5.605449,replica_01_seed20260921,True
2930.0,1.7319679,5.6517034,replica_01_seed20260921,True
2940.0,1.8203223,5.675001,replica_01_seed20260921,True
2950.0,1.542095,5.4741087,replica_01_seed20260921,True
2960.0,1.8556058,5.6249166,replica_01_seed20260921,True
2970.0,1.6308398,5.486535,replica_01_seed20260921,True
2980.0,1.8660028,5.7036614,replica_01_seed20260921,True
2990.0,1.9353472,5.6816883,replica_01_seed20260921,True
3000.0,1.8860049,5.7013135,replica_01_seed20260921,True
3010.0,1.8552871,5.605503,replica_01_seed20260921,True
3020.0,2.1128247,5.597829,replica_01_seed20260921,True
3030.0,1.8585382,5.6559362,replica_01_seed20260921,True
3040.0,1.9065592,5.6153183,replica_01_seed20260921,True
3050.0,1.9563662,5.597863,replica_01_seed20260921,True
3060.0,1.908016,5.552393,replica_01_seed20260921,True
3070.0,1.9131738,5.611889,replica_01_seed20260921,True
3080.0,1.7620014,5.702824,replica_01_seed20260921,True
3090.0,1.4885623,5.511674,replica_01_seed20260921,True
3100.0,1.641549,5.57477,replica_01_seed20260921,True
3110.0,1.9687817,5.6019363,replica_01_seed20260921,True
3120.0,2.01233,5.641803,replica_01_seed20260921,True
3130.0,2.082638,5.641,replica_01_seed20260921,True
3140.0,1.5183249,5.6181984,replica_01_seed20260921,True
3150.0,1.874169,5.590453,replica_01_seed20260921,True
3160.0,1.7814082,5.6095266,replica_01_seed20260921,True
3170.0,1.8016595,5.6509037,replica_01_seed20260921,True
3180.0,2.349803,5.5366063,replica_01_seed20260921,True
3190.0,1.9896791,5.527763,replica_01_seed20260921,True
3200.0,1.3929539,5.4793406,replica_01_seed20260921,True
3210.0,2.361991,5.549407,replica_01_seed20260921,True
3220.0,1.7046596,5.680886,replica_01_seed20260921,True
3230.0,1.4899881,5.5955462,replica_01_seed20260921,True
3240.0,1.6757939,5.615466,replica_01_seed20260921,True
3250.0,1.7958293,5.6447787,replica_01_seed20260921,True
3260.0,1.6500959,5.5310745,replica_01_seed20260921,True
3270.0,1.4840602,5.59071,replica_01_seed20260921,True
3280.0,1.6561936,5.6816425,replica_01_seed20260921,True
3290.0,2.079942,5.632515,replica_01_seed20260921,True
3300.0,1.9254236,5.5989523,replica_01_seed20260921,True
3310.0,1.6472017,5.5829806,replica_01_seed20260921,True
3320.0,1.918901,5.599698,replica_01_seed20260921,True
3330.0,1.748854,5.588853,replica_01_seed20260921,True
3340.0,1.9167926,5.6974463,replica_01_seed20260921,True
3350.0,1.9819969,5.5991483,replica_01_seed20260921,True
3360.0,1.8856103,5.567938,replica_01_seed20260921,True
3370.0,1.7903528,5.6652904,replica_01_seed20260921,True
3380.0,1.5791351,5.606122,replica_01_seed20260921,True
3390.0,1.9211743,5.5519953,replica_01_seed20260921,True
3400.0,2.0095258,5.565112,replica_01_seed20260921,True
3410.0,2.0204706,5.5080433,replica_01_seed20260921,True
3420.0,2.2048273,5.532057,replica_01_seed20260921,True
3430.0,1.8833754,5.4571347,replica_01_seed20260921,True
3440.0,1.5732883,5.424634,replica_01_seed20260921,True
3450.0,1.6369219,5.524375,replica_01_seed20260921,True
3460.0,1.512613,5.5888267,replica_01_seed20260921,True
3470.0,1.5908561,5.531189,replica_01_seed20260921,True
3480.0,1.5327387,5.5645494,replica_01_seed20260921,True
3490.0,1.6856914,5.5797715,replica_01_seed20260921,True
3500.0,1.6191571,5.6190705,replica_01_seed20260921,True
3510.0,1.500622,5.5077076,replica_01_seed20260921,True
3520.0,1.6460202,5.4700537,replica_01_seed20260921,True
3530.0,1.9932897,5.5214396,replica_01_seed20260921,True
3540.0,1.9807166,5.53704,replica_01_seed20260921,True
3550.0,2.3449554,5.4550977,replica_01_seed20260921,True
3560.0,2.7727675,5.425639,replica_01_seed20260921,True
3570.0,1.7880536,5.475991,replica_01_seed20260921,True
3580.0,1.5773928,5.460692,replica_01_seed20260921,True
3590.0,1.6228713,5.5116644,replica_01_seed20260921,True
3600.0,1.7487996,5.5697517,replica_01_seed20260921,True
3610.0,1.7562511,5.4993486,replica_01_seed20260921,True
3620.0,2.0640929,5.493479,replica_01_seed20260921,True
3630.0,2.286487,5.657783,replica_01_seed20260921,True
3640.0,2.0044856,5.5922565,replica_01_seed20260921,True
3650.0,2.0377297,5.4898286,replica_01_seed20260921,True
3660.0,1.8286405,5.3642755,replica_01_seed20260921,True
3670.0,1.8348204,5.4047775,replica_01_seed20260921,True
3680.0,2.6412795,5.488479,replica_01_seed20260921,True
3690.0,2.7537892,5.45418,replica_01_seed20260921,True
3700.0,2.5625863,5.6156073,replica_01_seed20260921,True
3710.0,1.9851508,5.6373796,replica_01_seed20260921,True
3720.0,1.7608625,5.474512,replica_01_seed20260921,True
3730.0,1.6872313,5.548953,replica_01_seed20260921,True
3740.0,1.9761646,5.4564853,replica_01_seed20260921,True
3750.0,2.613758,5.348511,replica_01_seed20260921,True
3760.0,1.9715457,5.5979548,replica_01_seed20260921,True
3770.0,2.0038164,5.4983425,replica_01_seed20260921,True
3780.0,2.0607188,5.5183554,replica_01_seed20260921,True
3790.0,1.6375976,5.504114,replica_01_seed20260921,True
3800.0,1.7894409,5.285617,replica_01_seed20260921,True
3810.0,2.0924494,5.624959,replica_01_seed20260921,True
3820.0,1.563033,5.5000076,replica_01_seed20260921,True
3830.0,1.6492616,5.4901867,replica_01_seed20260921,True
3840.0,1.5583727,5.5259986,replica_01_seed20260921,True
3850.0,2.3590066,5.533716,replica_01_seed20260921,True
3860.0,2.4160821,5.5480814,replica_01_seed20260921,True
3870.0,2.3762057,5.5476875,replica_01_seed20260921,True
3880.0,2.321961,5.537718,replica_01_seed20260921,True
3890.0,2.591825,5.4933696,replica_01_seed20260921,True
3900.0,2.4170182,5.4290075,replica_01_seed20260921,True
3910.0,2.2445688,5.5820723,replica_01_seed20260921,True
3920.0,2.6449964,5.5917683,replica_01_seed20260921,True
3930.0,2.5278857,5.564334,replica_01_seed20260921,True
3940.0,2.3387847,5.501659,replica_01_seed20260921,True
3950.0,2.6313596,5.5774713,replica_01_seed20260921,True
3960.0,2.5262008,5.463744,replica_01_seed20260921,True
3970.0,2.7489352,5.499092,replica_01_seed20260921,True
3980.0,2.4301584,5.4598856,replica_01_seed20260921,True
3990.0,2.0660164,5.6708913,replica_01_seed20260921,True
4000.0,2.0748763,5.5006647,replica_01_seed20260921,True
4010.0,2.3161542,5.460802,replica_01_seed20260921,True
4020.0,1.6266984,5.655904,replica_01_seed20260921,True
4030.0,1.524908,5.577591,replica_01_seed20260921,True
4040.0,1.4823669,5.6060295,replica_01_seed20260921,True
4050.0,2.0598865,5.669593,replica_01_seed20260921,True
4060.0,1.816639,5.6386585,replica_01_seed20260921,True
4070.0,1.432683,5.508055,replica_01_seed20260921,True
4080.0,1.5001284,5.5709534,replica_01_seed20260921,True
4090.0,1.8660846,5.649073,replica_01_seed20260921,True
4100.0,1.7282755,5.406034,replica_01_seed20260921,True
4110.0,1.6585298,5.640061,replica_01_seed20260921,True
4120.0,1.6422226,5.56816,replica_01_seed20260921,True
4130.0,1.9452821,5.6902466,replica_01_seed20260921,True
4140.0,2.2116714,5.6211357,replica_01_seed20260921,True
4150.0,1.9517541,5.7003236,replica_01_seed20260921,True
4160.0,1.7680312,5.633626,replica_01_seed20260921,True
4170.0,1.7055061,5.5949554,replica_01_seed20260921,True
4180.0,2.1142087,5.6077003,replica_01_seed20260921,True
4190.0,2.229764,5.6651497,replica_01_seed20260921,True
4200.0,1.9954226,5.558202,replica_01_seed20260921,True
4210.0,2.3576329,5.531122,replica_01_seed20260921,True
4220.0,2.2798529,5.6392193,replica_01_seed20260921,True
4230.0,2.265883,5.490866,replica_01_seed20260921,True
4240.0,2.3495533,5.723526,replica_01_seed20260921,True
4250.0,2.6835558,5.45704,replica_01_seed20260921,True
4260.0,2.2698102,5.5148964,replica_01_seed20260921,True
4270.0,2.2527153,5.478217,replica_01_seed20260921,True
4280.0,2.6955566,5.4806967,replica_01_seed20260921,True
4290.0,2.031225,5.435458,replica_01_seed20260921,True
4300.0,1.8137968,5.395912,replica_01_seed20260921,True
4310.0,2.0031548,5.538149,replica_01_seed20260921,True
4320.0,2.258146,5.378233,replica_01_seed20260921,True
4330.0,1.6218759,5.449642,replica_01_seed20260921,True
4340.0,1.5925695,5.28773,replica_01_seed20260921,True
4350.0,1.7776227,5.5719805,replica_01_seed20260921,True
4360.0,1.8811274,5.4908257,replica_01_seed20260921,True
4370.0,2.0964594,5.527046,replica_01_seed20260921,True
4380.0,2.0206523,5.5771294,replica_01_seed20260921,True
4390.0,2.0786312,5.5191016,replica_01_seed20260921,True
4400.0,2.1523077,5.559156,replica_01_seed20260921,True
4410.0,1.9097078,5.6407285,replica_01_seed20260921,True
4420.0,2.1323721,5.6191435,replica_01_seed20260921,True
4430.0,1.9792073,5.719655,replica_01_seed20260921,True
4440.0,2.1104476,5.6563253,replica_01_seed20260921,True
4450.0,2.187,5.6120567,replica_01_seed20260921,True
4460.0,1.8987013,5.6606436,replica_01_seed20260921,True
4470.0,1.7655284,5.6787724,replica_01_seed20260921,True
4480.0,1.8089881,5.4407215,replica_01_seed20260921,True
4490.0,1.981214,5.585767,replica_01_seed20260921,True
4500.0,1.828404,5.636976,replica_01_seed20260921,True
4510.0,1.7813171,5.624697,replica_01_seed20260921,True
4520.0,2.2097733,5.6265097,replica_01_seed20260921,True
4530.0,2.2237232,5.4918647,replica_01_seed20260921,True
4540.0,2.4749956,5.375472,replica_01_seed20260921,True
4550.0,2.1597507,5.531178,replica_01_seed20260921,True
4560.0,2.3356183,5.363732,replica_01_seed20260921,True
4570.0,2.1987321,5.4613643,replica_01_seed20260921,True
4580.0,2.4213605,5.3873563,replica_01_seed20260921,True
4590.0,2.4702399,5.56274,replica_01_seed20260921,True
4600.0,2.575736,5.5384927,replica_01_seed20260921,True
4610.0,2.7555182,5.476313,replica_01_seed20260921,True
4620.0,2.5491288,5.5109987,replica_01_seed20260921,True
4630.0,2.351599,5.5792975,replica_01_seed20260921,True
4640.0,2.071714,5.5217366,replica_01_seed20260921,True
4650.0,2.2113805,5.515724,replica_01_seed20260921,True
4660.0,1.8279848,5.524421,replica_01_seed20260921,True
4670.0,2.1369336,5.3938575,replica_01_seed20260921,True
4680.0,2.0830715,5.593023,replica_01_seed20260921,True
4690.0,2.0142267,5.5432405,replica_01_seed20260921,True
4700.0,2.487165,5.503725,replica_01_seed20260921,True
4710.0,2.448537,5.4195232,replica_01_seed20260921,True
4720.0,2.0028088,5.537241,replica_01_seed20260921,True
4730.0,2.06419,5.470399,replica_01_seed20260921,True
4740.0,2.147862,5.5721784,replica_01_seed20260921,True
4750.0,2.2841558,5.5355525,replica_01_seed20260921,True
4760.0,2.3657007,5.582316,replica_01_seed20260921,True
4770.0,2.3938818,5.6407614,replica_01_seed20260921,True
4780.0,2.5513122,5.449254,replica_01_seed20260921,True
4790.0,2.5261095,5.570491,replica_01_seed20260921,True
4800.0,2.4926746,5.4491143,replica_01_seed20260921,True
4810.0,2.432526,5.5084867,replica_01_seed20260921,True
4820.0,2.444847,5.481169,replica_01_seed20260921,True
4830.0,2.198641,5.409351,replica_01_seed20260921,True
4840.0,2.5026975,5.410113,replica_01_seed20260921,True
4850.0,2.2861729,5.3116264,replica_01_seed20260921,True
4860.0,2.454239,5.5927224,replica_01_seed20260921,True
4870.0,2.5317037,5.467491,replica_01_seed20260921,True
4880.0,2.5093553,5.543974,replica_01_seed20260921,True
4890.0,2.592526,5.5221815,replica_01_seed20260921,True
4900.0,2.3378105,5.509047,replica_01_seed20260921,True
4910.0,2.1229565,5.514986,replica_01_seed20260921,True
4920.0,2.217587,5.631168,replica_01_seed20260921,True
4930.0,2.3238652,5.5736837,replica_01_seed20260921,True
4940.0,2.4318936,5.52343,replica_01_seed20260921,True
4950.0,2.0884635,5.5371485,replica_01_seed20260921,True
4960.0,2.054198,5.474967,replica_01_seed20260921,True
4970.0,1.8360016,5.456499,replica_01_seed20260921,True
4980.0,1.7653844,5.4750013,replica_01_seed20260921,True
4990.0,2.0572875,5.5491996,replica_01_seed20260921,True
5000.0,2.5287578,5.5417895,replica_01_seed20260921,True
5010.0,2.508918,5.407207,replica_01_seed20260921,True
5020.0,1.9717746,5.5868506,replica_01_seed20260921,True
5030.0,2.3900516,5.43868,replica_01_seed20260921,True
5040.0,1.9402473,5.528872,replica_01_seed20260921,True
5050.0,2.017253,5.5682,replica_01_seed20260921,True
5060.0,1.7921603,5.3787975,replica_01_seed20260921,True
5070.0,2.0264335,5.5876403,replica_01_seed20260921,True
5080.0,1.8566351,5.4765997,replica_01_seed20260921,True
5090.0,1.743015,5.5306053,replica_01_seed20260921,True
5100.0,2.058555,5.4787164,replica_01_seed20260921,True
5110.0,1.9477416,5.5352173,replica_01_seed20260921,True
5120.0,2.3995275,5.4403954,replica_01_seed20260921,True
5130.0,2.3310971,5.4972625,replica_01_seed20260921,True
5140.0,2.3245606,5.615019,replica_01_seed20260921,True
5150.0,2.5719476,5.5450277,replica_01_seed20260921,True
5160.0,2.3199358,5.5077286,replica_01_seed20260921,True
5170.0,2.3043694,5.5196238,replica_01_seed20260921,True
5180.0,2.2227578,5.517573,replica_01_seed20260921,True
5190.0,2.3686342,5.5420914,replica_01_seed20260921,True
5200.0,2.652607,5.4943333,replica_01_seed20260921,True
5210.0,2.636456,5.5932446,replica_01_seed20260921,True
5220.0,2.5630763,5.577031,replica_01_seed20260921,True
5230.0,2.5148275,5.611834,replica_01_seed20260921,True
5240.0,2.4829032,5.4982705,replica_01_seed20260921,True
5250.0,2.4795575,5.4449377,replica_01_seed20260921,True
5260.0,2.5590405,5.491477,replica_01_seed20260921,True
5270.0,2.5309339,5.5312376,replica_01_seed20260921,True
5280.0,2.500055,5.5158186,replica_01_seed20260921,True
5290.0,2.3540194,5.580043,replica_01_seed20260921,True
5300.0,2.4496787,5.573437,replica_01_seed20260921,True
5310.0,2.3296218,5.642243,replica_01_seed20260921,True
5320.0,1.8276066,5.4405236,replica_01_seed20260921,True
5330.0,1.9325775,5.522931,replica_01_seed20260921,True
5340.0,1.9445171,5.4987955,replica_01_seed20260921,True
5350.0,2.5087593,5.482959,replica_01_seed20260921,True
5360.0,1.7549981,5.5181603,replica_01_seed20260921,True
5370.0,1.7009802,5.471838,replica_01_seed20260921,True
5380.0,1.5981369,5.454735,replica_01_seed20260921,True
5390.0,2.0091083,5.573474,replica_01_seed20260921,True
5400.0,1.7901096,5.510864,replica_01_seed20260921,True
5410.0,1.6847104,5.447597,replica_01_seed20260921,True
5420.0,1.9440789,5.3754826,replica_01_seed20260921,True
5430.0,1.9714973,5.5370426,replica_01_seed20260921,True
5440.0,1.9848514,5.4617786,replica_01_seed20260921,True
5450.0,2.166631,5.605102,replica_01_seed20260921,True
5460.0,2.375269,5.595458,replica_01_seed20260921,True
5470.0,2.571733,5.534773,replica_01_seed20260921,True
5480.0,2.5337071,5.5727606,replica_01_seed20260921,True
5490.0,2.3072186,5.4853253,replica_01_seed20260921,True
5500.0,2.1038074,5.4593143,replica_01_seed20260921,True
5510.0,1.5903963,5.449059,replica_01_seed20260921,True
5520.0,1.6574771,5.4206614,replica_01_seed20260921,True
5530.0,1.6350935,5.5556927,replica_01_seed20260921,True
5540.0,1.2291298,5.414549,replica_01_seed20260921,True
5550.0,1.3860812,5.4466143,replica_01_seed20260921,True
5560.0,1.5475255,5.459354,replica_01_seed20260921,True
5570.0,1.3688722,5.4473186,replica_01_seed20260921,True
5580.0,1.7437881,5.5286226,replica_01_seed20260921,True
5590.0,1.6884518,5.5000978,replica_01_seed20260921,True
5600.0,1.603223,5.472446,replica_01_seed20260921,True
5610.0,1.8918521,5.4579215,replica_01_seed20260921,True
5620.0,1.6241148,5.4730964,replica_01_seed20260921,True
5630.0,1.6294359,5.510003,replica_01_seed20260921,True
5640.0,1.6690935,5.4251003,replica_01_seed20260921,True
5650.0,1.6529408,5.4003906,replica_01_seed20260921,True
5660.0,1.8271899,5.373919,replica_01_seed20260921,True
5670.0,2.1109343,5.4941883,replica_01_seed20260921,True
5680.0,2.0968442,5.5515423,replica_01_seed20260921,True
5690.0,1.9065666,5.391015,replica_01_seed20260921,True
5700.0,2.5347314,5.4433446,replica_01_seed20260921,True
5710.0,2.2033603,5.4236355,replica_01_seed20260921,True
5720.0,2.4873974,5.265308,replica_01_seed20260921,True
5730.0,2.6082902,5.4360337,replica_01_seed20260921,True
5740.0,2.696043,5.401334,replica_01_seed20260921,True
5750.0,2.6924963,5.1644487,replica_01_seed20260921,True
5760.0,2.541223,5.4670734,replica_01_seed20260921,True
5770.0,2.7329473,5.384614,replica_01_seed20260921,True
5780.0,2.5069916,5.4821415,replica_01_seed20260921,True
5790.0,2.5679278,5.510375,replica_01_seed20260921,True
5800.0,2.5746732,5.3311057,replica_01_seed20260921,True
5810.0,2.5643778,5.3112435,replica_01_seed20260921,True
5820.0,2.5517225,5.487982,replica_01_seed20260921,True
5830.0,2.0776453,5.4187813,replica_01_seed20260921,True
5840.0,2.6255326,5.4899926,replica_01_seed20260921,True
5850.0,2.589157,5.3646317,replica_01_seed20260921,True
5860.0,2.3680732,5.4484515,replica_01_seed20260921,True
5870.0,2.5799248,5.375592,replica_01_seed20260921,True
5880.0,2.4304867,5.40889,replica_01_seed20260921,True
5890.0,2.5900793,5.3654623,replica_01_seed20260921,True
5900.0,2.3928878,5.4622526,replica_01_seed20260921,True
5910.0,2.5366864,5.4801393,replica_01_seed20260921,True
5920.0,2.5912032,5.3652616,replica_01_seed20260921,True
5930.0,2.5920992,5.2618456,replica_01_seed20260921,True
5940.0,2.3535311,5.5246077,replica_01_seed20260921,True
5950.0,2.2523258,5.5428295,replica_01_seed20260921,True
5960.0,2.0738986,5.388379,replica_01_seed20260921,True
5970.0,2.3747482,5.374792,replica_01_seed20260921,True
5980.0,1.9949279,5.334629,replica_01_seed20260921,True
5990.0,1.7907451,5.4950466,replica_01_seed20260921,True
6000.0,2.4013274,5.5351834,replica_01_seed20260921,True
6010.0,1.7305089,5.3272557,replica_01_seed20260921,True
6020.0,2.3344114,5.455787,replica_01_seed20260921,True
6030.0,2.3325546,5.451899,replica_01_seed20260921,True
6040.0,2.1927752,5.4219465,replica_01_seed20260921,True
6050.0,2.0896735,5.5601573,replica_01_seed20260921,True
6060.0,1.2839575,5.371089,replica_01_seed20260921,True
6070.0,1.3571408,5.445361,replica_01_seed20260921,True
6080.0,1.5805104,5.3526907,replica_01_seed20260921,True
6090.0,1.8624474,5.516202,replica_01_seed20260921,True
6100.0,1.6546295,5.3327007,replica_01_seed20260921,True
6110.0,1.5930626,5.464445,replica_01_seed20260921,True
6120.0,2.3596406,5.440605,replica_01_seed20260921,True
6130.0,2.4594555,5.422518,replica_01_seed20260921,True
6140.0,2.6650586,5.4485517,replica_01_seed20260921,True
6150.0,2.2321515,5.492925,replica_01_seed20260921,True
6160.0,2.4692101,5.3948016,replica_01_seed20260921,True
6170.0,2.2803214,5.3996305,replica_01_seed20260921,True
6180.0,1.4942098,5.292974,replica_01_seed20260921,True
6190.0,2.00865,5.499141,replica_01_seed20260921,True
6200.0,2.4670954,5.462989,replica_01_seed20260921,True
6210.0,2.5442529,5.2958765,replica_01_seed20260921,True
6220.0,2.6193347,5.284386,replica_01_seed20260921,True
6230.0,2.6000295,5.36584,replica_01_seed20260921,True
6240.0,2.5247588,5.511879,replica_01_seed20260921,True
6250.0,2.5538445,5.330706,replica_01_seed20260921,True
6260.0,2.3196075,5.4283743,replica_01_seed20260921,True
6270.0,2.1500638,5.430228,replica_01_seed20260921,True
6280.0,2.2221737,5.375184,replica_01_seed20260921,True
6290.0,2.4562266,5.4625683,replica_01_seed20260921,True
6300.0,2.7510881,5.321396,replica_01_seed20260921,True
6310.0,2.2215712,5.430761,replica_01_seed20260921,True
6320.0,1.8986428,5.388218,replica_01_seed20260921,True
6330.0,2.0531585,5.4378753,replica_01_seed20260921,True
6340.0,2.181162,5.3255696,replica_01_seed20260921,True
6350.0,1.8254197,5.447247,replica_01_seed20260921,True
6360.0,1.372789,5.4445176,replica_01_seed20260921,True
6370.0,1.3771379,5.3648324,replica_01_seed20260921,True
6380.0,1.5652258,5.5137534,replica_01_seed20260921,True
6390.0,1.5839932,5.395593,replica_01_seed20260921,True
6400.0,2.4476566,5.3265076,replica_01_seed20260921,True
6410.0,2.4721522,5.3138404,replica_01_seed20260921,True
6420.0,2.1271405,5.381445,replica_01_seed20260921,True
6430.0,1.8831635,5.376697,replica_01_seed20260921,True
6440.0,1.964724,5.4179573,replica_01_seed20260921,True
6450.0,2.0734687,5.5000925,replica_01_seed20260921,True
6460.0,1.4219904,5.334098,replica_01_seed20260921,True
6470.0,1.7087295,5.505521,replica_01_seed20260921,True
6480.0,2.1436772,5.354612,replica_01_seed20260921,True
6490.0,2.4903512,5.495476,replica_01_seed20260921,True
6500.0,2.7061315,5.3904085,replica_01_seed20260921,True
6510.0,2.086064,5.391875,replica_01_seed20260921,True
6520.0,2.4821239,5.4487605,replica_01_seed20260921,True
6530.0,2.2737303,5.5043716,replica_01_seed20260921,True
6540.0,2.3566911,5.488376,replica_01_seed20260921,True
6550.0,2.6970074,5.3354864,replica_01_seed20260921,True
6560.0,1.8201983,5.478925,replica_01_seed20260921,True
6570.0,2.0959346,5.5508513,replica_01_seed20260921,True
6580.0,1.8291097,5.4484386,replica_01_seed20260921,True
6590.0,2.1997273,5.5169177,replica_01_seed20260921,True
6600.0,2.0680733,5.4302025,replica_01_seed20260921,True
6610.0,2.1148617,5.4382114,replica_01_seed20260921,True
6620.0,2.076421,5.380168,replica_01_seed20260921,True
6630.0,1.3176575,5.397791,replica_01_seed20260921,True
6640.0,1.6037207,5.4906435,replica_01_seed20260921,True
6650.0,1.7505157,5.3462067,replica_01_seed20260921,True
6660.0,1.9936407,5.4630013,replica_01_seed20260921,True
6670.0,2.437294,5.3016114,replica_01_seed20260921,True
6680.0,2.4269428,5.4413576,replica_01_seed20260921,True
6690.0,2.4581146,5.5123262,replica_01_seed20260921,True
6700.0,2.5463982,5.536731,replica_01_seed20260921,True
6710.0,2.6197002,5.419716,replica_01_seed20260921,True
6720.0,2.5758598,5.328886,replica_01_seed20260921,True
6730.0,2.3065276,5.4168153,replica_01_seed20260921,True
6740.0,2.2083788,5.422388,replica_01_seed20260921,True
6750.0,2.7978368,5.3619757,replica_01_seed20260921,True
6760.0,2.4763463,5.5583773,replica_01_seed20260921,True
6770.0,2.2065704,5.4255004,replica_01_seed20260921,True
6780.0,2.3315485,5.487335,replica_01_seed20260921,True
6790.0,1.4924653,5.325088,replica_01_seed20260921,True
6800.0,1.2489314,5.387976,replica_01_seed20260921,True
6810.0,1.6265869,5.3782673,replica_01_seed20260921,True
6820.0,1.5071516,5.4143295,replica_01_seed20260921,True
6830.0,1.4420822,5.267737,replica_01_seed20260921,True
6840.0,1.4455631,5.3646708,replica_01_seed20260921,True
6850.0,1.74136,5.346427,replica_01_seed20260921,True
6860.0,1.6696782,5.2040606,replica_01_seed20260921,True
6870.0,1.4206327,5.4477463,replica_01_seed20260921,True
6880.0,1.4743161,5.5021853,replica_01_seed20260921,True
6890.0,1.1944149,5.320062,replica_01_seed20260921,True
6900.0,1.3604863,5.394019,replica_01_seed20260921,True
6910.0,1.6020585,5.2847195,replica_01_seed20260921,True
6920.0,1.2108246,5.356084,replica_01_seed20260921,True
6930.0,1.1884943,5.2016206,replica_01_seed20260921,True
6940.0,1.5460899,5.3471084,replica_01_seed20260921,True
6950.0,1.4208722,5.511003,replica_01_seed20260921,True
6960.0,1.4274547,5.4653673,replica_01_seed20260921,True
6970.0,1.6078086,5.3837433,replica_01_seed20260921,True
6980.0,1.3384014,5.4964633,replica_01_seed20260921,True
6990.0,1.8334451,5.280311,replica_01_seed20260921,True
7000.0,1.5258874,5.4034433,replica_01_seed20260921,True
7010.0,1.4061618,5.34898,replica_01_seed20260921,True
7020.0,1.7649144,5.343533,replica_01_seed20260921,True
7030.0,1.9918085,5.438033,replica_01_seed20260921,True
7040.0,1.8213366,5.3633327,replica_01_seed20260921,True
7050.0,2.1524444,5.3804965,replica_01_seed20260921,True
7060.0,2.1485434,5.4586515,replica_01_seed20260921,True
7070.0,2.5808897,5.3465767,replica_01_seed20260921,True
7080.0,2.373951,5.5170894,replica_01_seed20260921,True
7090.0,2.0384629,5.375734,replica_01_seed20260921,True
7100.0,2.2794921,5.3622913,replica_01_seed20260921,True
7110.0,1.80663,5.3680463,replica_01_seed20260921,True
7120.0,1.9423205,5.4872894,replica_01_seed20260921,True
7130.0,2.5597224,5.1595974,replica_01_seed20260921,True
7140.0,2.3901734,5.34998,replica_01_seed20260921,True
7150.0,2.6038096,5.412989,replica_01_seed20260921,True
7160.0,2.4410245,5.4147935,replica_01_seed20260921,True
7170.0,2.570959,5.3747225,replica_01_seed20260921,True
7180.0,2.482186,5.380073,replica_01_seed20260921,True
7190.0,2.497528,5.480788,replica_01_seed20260921,True
7200.0,2.3381343,5.4003468,replica_01_seed20260921,True
7210.0,2.4416718,5.422873,replica_01_seed20260921,True
7220.0,2.594162,5.339503,replica_01_seed20260921,True
7230.0,2.4716256,5.451545,replica_01_seed20260921,True
7240.0,2.3829339,5.421162,replica_01_seed20260921,True
7250.0,2.241251,5.394387,replica_01_seed20260921,True
7260.0,2.5127296,5.437989,replica_01_seed20260921,True
7270.0,2.569262,5.550598,replica_01_seed20260921,True
7280.0,2.5669134,5.42877,replica_01_seed20260921,True
7290.0,2.5740666,5.4733877,replica_01_seed20260921,True
7300.0,2.5390267,5.4173355,replica_01_seed20260921,True
7310.0,2.67655,5.381936,replica_01_seed20260921,True
7320.0,2.3791237,5.494239,replica_01_seed20260921,True
7330.0,2.3594627,5.4373264,replica_01_seed20260921,True
7340.0,2.7482066,5.434606,replica_01_seed20260921,True
7350.0,2.5400207,5.4263873,replica_01_seed20260921,True
7360.0,1.8305283,5.4209623,replica_01_seed20260921,True
7370.0,2.5301182,5.5702066,replica_01_seed20260921,True
7380.0,2.6559572,5.369731,replica_01_seed20260921,True
7390.0,2.5215192,5.5003505,replica_01_seed20260921,True
7400.0,2.401163,5.339685,replica_01_seed20260921,True
7410.0,2.4639635,5.4744534,replica_01_seed20260921,True
7420.0,2.1806672,5.459251,replica_01_seed20260921,True
7430.0,2.6048512,5.4251585,replica_01_seed20260921,True
7440.0,2.3582957,5.390902,replica_01_seed20260921,True
7450.0,2.0928578,5.406728,replica_01_seed20260921,True
7460.0,2.51198,5.499108,replica_01_seed20260921,True
7470.0,2.0689955,5.4712825,replica_01_seed20260921,True
7480.0,2.078677,5.3784084,replica_01_seed20260921,True
7490.0,2.033784,5.141604,replica_01_seed20260921,True
7500.0,1.5837965,5.3713555,replica_01_seed20260921,True
7510.0,1.711436,5.548154,replica_01_seed20260921,True
7520.0,1.8411316,5.3273635,replica_01_seed20260921,True
7530.0,2.1350665,5.4425282,replica_01_seed20260921,True
7540.0,2.0227985,5.4919267,replica_01_seed20260921,True
7550.0,1.3266761,5.434509,replica_01_seed20260921,True
7560.0,1.4016285,5.403176,replica_01_seed20260921,True
7570.0,1.5019773,5.395726,replica_01_seed20260921,True
7580.0,1.613678,5.411799,replica_01_seed20260921,True
7590.0,1.5675902,5.4455853,replica_01_seed20260921,True
7600.0,1.6692097,5.4240303,replica_01_seed20260921,True
7610.0,1.5132581,5.5195813,replica_01_seed20260921,True
7620.0,1.862538,5.4917545,replica_01_seed20260921,True
7630.0,1.5275823,5.5032825,replica_01_seed20260921,True
7640.0,1.5611423,5.5668154,replica_01_seed20260921,True
7650.0,1.5342726,5.554602,replica_01_seed20260921,True
7660.0,1.7151082,5.6069202,replica_01_seed20260921,True
7670.0,1.7326818,5.461648,replica_01_seed20260921,True
7680.0,1.5678233,5.4556184,replica_01_seed20260921,True
7690.0,1.7911108,5.5694265,replica_01_seed20260921,True
7700.0,1.759584,5.5971317,replica_01_seed20260921,True
7710.0,1.7757046,5.5554037,replica_01_seed20260921,True
7720.0,1.7657067,5.559635,replica_01_seed20260921,True
7730.0,1.7603948,5.5351114,replica_01_seed20260921,True
7740.0,1.9370563,5.515508,replica_01_seed20260921,True
7750.0,1.9606285,5.596298,replica_01_seed20260921,True
7760.0,1.8041613,5.550207,replica_01_seed20260921,True
7770.0,1.6828394,5.565654,replica_01_seed20260921,True
7780.0,1.8410089,5.645131,replica_01_seed20260921,True
7790.0,1.7647018,5.5860443,replica_01_seed20260921,True
7800.0,1.8249947,5.6364136,replica_01_seed20260921,True
7810.0,1.621331,5.4371142,replica_01_seed20260921,True
7820.0,1.6516113,5.618716,replica_01_seed20260921,True
7830.0,1.6282315,5.608348,replica_01_seed20260921,True
7840.0,1.5074089,5.500599,replica_01_seed20260921,True
7850.0,1.4068081,5.4858427,replica_01_seed20260921,True
7860.0,1.6075159,5.4551816,replica_01_seed20260921,True
7870.0,1.4804077,5.446184,replica_01_seed20260921,True
7880.0,1.6703558,5.4949074,replica_01_seed20260921,True
7890.0,1.535126,5.5910354,replica_01_seed20260921,True
7900.0,1.7502859,5.6140685,replica_01_seed20260921,True
7910.0,1.836244,5.4657516,replica_01_seed20260921,True
7920.0,1.6846501,5.350813,replica_01_seed20260921,True
7930.0,1.7739601,5.527093,replica_01_seed20260921,True
7940.0,1.708962,5.6040716,replica_01_seed20260921,True
7950.0,1.4260287,5.5344105,replica_01_seed20260921,True
7960.0,1.3951565,5.532221,replica_01_seed20260921,True
7970.0,2.1717253,5.6155543,replica_01_seed20260921,True
7980.0,1.8165095,5.517688,replica_01_seed20260921,True
7990.0,1.8416582,5.6720514,replica_01_seed20260921,True
8000.0,1.5425484,5.586278,replica_01_seed20260921,True
8010.0,1.8397808,5.4196796,replica_01_seed20260921,True
8020.0,1.6541039,5.5917273,replica_01_seed20260921,True
8030.0,1.6018741,5.472688,replica_01_seed20260921,True
8040.0,1.2703273,5.2821703,replica_01_seed20260921,True
8050.0,1.8897818,5.4729548,replica_01_seed20260921,True
8060.0,1.3469554,5.381896,replica_01_seed20260921,True
8070.0,1.3833587,5.325824,replica_01_seed20260921,True
8080.0,1.4348137,5.3517385,replica_01_seed20260921,True
8090.0,1.3198078,5.4870577,replica_01_seed20260921,True
8100.0,1.625228,5.443693,replica_01_seed20260921,True
8110.0,1.5307441,5.360766,replica_01_seed20260921,True
8120.0,0.8606281,5.3211827,replica_01_seed20260921,True
8130.0,1.5102344,5.4530077,replica_01_seed20260921,True
8140.0,1.0250744,5.3999996,replica_01_seed20260921,True
8150.0,1.9863579,5.4416676,replica_01_seed20260921,True
8160.0,2.0422487,5.370977,replica_01_seed20260921,True
8170.0,2.171559,5.4671836,replica_01_seed20260921,True
8180.0,1.3899357,5.292122,replica_01_seed20260921,True
8190.0,1.4070387,5.3623347,replica_01_seed20260921,True
8200.0,1.5804833,5.458783,replica_01_seed20260921,True
8210.0,1.9832451,5.338511,replica_01_seed20260921,True
8220.0,2.1147392,5.547419,replica_01_seed20260921,True
8230.0,1.5475788,5.475398,replica_01_seed20260921,True
8240.0,1.1546944,5.3826694,replica_01_seed20260921,True
8250.0,1.2517561,5.518291,replica_01_seed20260921,True
8260.0,1.2236942,5.326208,replica_01_seed20260921,True
8270.0,0.9898542,5.4474363,replica_01_seed20260921,True
8280.0,1.2348967,5.4529867,replica_01_seed20260921,True
8290.0,1.0820265,5.373455,replica_01_seed20260921,True
8300.0,1.3641335,5.489073,replica_01_seed20260921,True
8310.0,1.5390719,5.4635234,replica_01_seed20260921,True
8320.0,1.4989412,5.471513,replica_01_seed20260921,True
8330.0,1.5511776,5.436578,replica_01_seed20260921,True
8340.0,1.7858994,5.46416,replica_01_seed20260921,True
8350.0,2.568209,5.497847,replica_01_seed20260921,True
8360.0,2.5016856,5.3833275,replica_01_seed20260921,True
8370.0,1.7841827,5.456541,replica_01_seed20260921,True
8380.0,2.510367,5.4682055,replica_01_seed20260921,True
8390.0,2.1858368,5.334656,replica_01_seed20260921,True
8400.0,2.5490334,5.2322693,replica_01_seed20260921,True
8410.0,2.334305,5.447406,replica_01_seed20260921,True
8420.0,2.5331008,5.2722974,replica_01_seed20260921,True
8430.0,2.56984,5.2983575,replica_01_seed20260921,True
8440.0,2.5962963,5.460204,replica_01_seed20260921,True
8450.0,2.3976588,5.250204,replica_01_seed20260921,True
8460.0,2.5915143,5.4224977,replica_01_seed20260921,True
8470.0,2.5606287,5.538547,replica_01_seed20260921,True
8480.0,2.670075,5.4339905,replica_01_seed20260921,True
8490.0,2.2352924,5.420425,replica_01_seed20260921,True
8500.0,2.6203213,5.4809403,replica_01_seed20260921,True
8510.0,2.7387662,5.303364,replica_01_seed20260921,True
8520.0,2.2277787,5.469862,replica_01_seed20260921,True
8530.0,2.1356947,5.3808026,replica_01_seed20260921,True
8540.0,1.6620891,5.465684,replica_01_seed20260921,True
8550.0,1.7548769,5.4398355,replica_01_seed20260921,True
8560.0,2.2475376,5.4870863,replica_01_seed20260921,True
8570.0,2.6966932,5.3433027,replica_01_seed20260921,True
8580.0,2.6823096,5.391036,replica_01_seed20260921,True
8590.0,2.720562,5.4560513,replica_01_seed20260921,True
8600.0,2.4153092,5.4178233,replica_01_seed20260921,True
8610.0,2.438516,5.4380183,replica_01_seed20260921,True
8620.0,1.961994,5.4510727,replica_01_seed20260921,True
8630.0,2.2441525,5.463722,replica_01_seed20260921,True
8640.0,2.551236,5.513953,replica_01_seed20260921,True
8650.0,2.6676779,5.4556675,replica_01_seed20260921,True
8660.0,2.8584237,5.189883,replica_01_seed20260921,True
8670.0,2.498052,5.393255,replica_01_seed20260921,True
8680.0,2.5287223,5.5182743,replica_01_seed20260921,True
8690.0,1.9121716,5.5398455,replica_01_seed20260921,True
8700.0,2.6351025,5.51355,replica_01_seed20260921,True
8710.0,2.1880093,5.327828,replica_01_seed20260921,True
8720.0,2.2507567,5.4433765,replica_01_seed20260921,True
8730.0,2.6877973,5.424301,replica_01_seed20260921,True
8740.0,2.6013966,5.439887,replica_01_seed20260921,True
8750.0,2.4463284,5.371487,replica_01_seed20260921,True
8760.0,2.4896114,5.375457,replica_01_seed20260921,True
8770.0,2.751861,5.406329,replica_01_seed20260921,True
8780.0,2.7174017,5.3359914,replica_01_seed20260921,True
8790.0,2.3804638,5.397793,replica_01_seed20260921,True
8800.0,2.0894156,5.4156833,replica_01_seed20260921,True
8810.0,1.7877052,5.4195766,replica_01_seed20260921,True
8820.0,1.3036847,5.4531307,replica_01_seed20260921,True
8830.0,1.4398938,5.4522038,replica_01_seed20260921,True
8840.0,1.3509005,5.400367,replica_01_seed20260921,True
8850.0,1.5548478,5.4437885,replica_01_seed20260921,True
8860.0,0.79368764,5.383406,replica_01_seed20260921,True
8870.0,1.4094383,5.3961797,replica_01_seed20260921,True
8880.0,1.3343765,5.5357466,replica_01_seed20260921,True
8890.0,1.3506699,5.3383822,replica_01_seed20260921,True
8900.0,1.2207552,5.4108815,replica_01_seed20260921,True
8910.0,1.5887885,5.37524,replica_01_seed20260921,True
8920.0,1.0546634,5.3720403,replica_01_seed20260921,True
8930.0,1.3044429,5.468402,replica_01_seed20260921,True
8940.0,1.5677848,5.4604874,replica_01_seed20260921,True
8950.0,1.445198,5.3673525,replica_01_seed20260921,True
8960.0,1.1946384,5.4944477,replica_01_seed20260921,True
8970.0,1.249911,5.509101,replica_01_seed20260921,True
8980.0,1.3824184,5.438635,replica_01_seed20260921,True
8990.0,1.1803108,5.34936,replica_01_seed20260921,True
9000.0,1.1501292,5.5098076,replica_01_seed20260921,True
9010.0,1.3817468,5.337861,replica_01_seed20260921,True
9020.0,1.4025469,5.4753404,replica_01_seed20260921,True
9030.0,1.1635201,5.380297,replica_01_seed20260921,True
9040.0,1.6719995,5.476093,replica_01_seed20260921,True
9050.0,1.8993944,5.416906,replica_01_seed20260921,True
9060.0,1.738594,5.5052023,replica_01_seed20260921,True
9070.0,1.0800593,5.465616,replica_01_seed20260921,True
9080.0,1.2302853,5.3578672,replica_01_seed20260921,True
9090.0,1.678883,5.405233,replica_01_seed20260921,True
9100.0,1.5794873,5.419981,replica_01_seed20260921,True
9110.0,1.6964307,5.4202943,replica_01_seed20260921,True
9120.0,1.2449775,5.3912525,replica_01_seed20260921,True
9130.0,1.5348195,5.418511,replica_01_seed20260921,True
9140.0,1.6604472,5.3213015,replica_01_seed20260921,True
9150.0,1.7410185,5.427191,replica_01_seed20260921,True
9160.0,1.3452055,5.4813952,replica_01_seed20260921,True
9170.0,1.2849896,5.4180536,replica_01_seed20260921,True
9180.0,1.2842026,5.4506464,replica_01_seed20260921,True
9190.0,1.3970442,5.4064536,replica_01_seed20260921,True
9200.0,1.7574651,5.5348735,replica_01_seed20260921,True
9210.0,1.9877441,5.4037666,replica_01_seed20260921,True
9220.0,1.1064098,5.205598,replica_01_seed20260921,True
9230.0,1.6953999,5.569707,replica_01_seed20260921,True
9240.0,1.1811913,5.4630256,replica_01_seed20260921,True
9250.0,1.3063593,5.4067354,replica_01_seed20260921,True
9260.0,1.3378359,5.320001,replica_01_seed20260921,True
9270.0,1.3594904,5.33558,replica_01_seed20260921,True
9280.0,1.1909366,5.3209453,replica_01_seed20260921,True
9290.0,1.045147,5.2750974,replica_01_seed20260921,True
9300.0,1.2092825,5.475939,replica_01_seed20260921,True
9310.0,1.2393626,5.359704,replica_01_seed20260921,True
9320.0,1.4505794,5.515306,replica_01_seed20260921,True
9330.0,1.2320462,5.34937,replica_01_seed20260921,True
9340.0,1.8652378,5.465165,replica_01_seed20260921,True
9350.0,2.4512315,5.295205,replica_01_seed20260921,True
9360.0,2.0444875,5.437209,replica_01_seed20260921,True
9370.0,2.1812,5.425042,replica_01_seed20260921,True
9380.0,2.6492846,5.474495,replica_01_seed20260921,True
9390.0,2.1218264,5.354065,replica_01_seed20260921,True
9400.0,2.2812793,5.288901,replica_01_seed20260921,True
9410.0,1.5840834,5.2024655,replica_01_seed20260921,True
9420.0,2.7159166,5.554838,replica_01_seed20260921,True
9430.0,2.7107077,5.4916477,replica_01_seed20260921,True
9440.0,2.5820131,5.443194,replica_01_seed20260921,True
9450.0,2.2030725,5.5807276,replica_01_seed20260921,True
9460.0,2.2044775,5.4569244,replica_01_seed20260921,True
9470.0,2.1436439,5.609555,replica_01_seed20260921,True
9480.0,2.2876742,5.5776405,replica_01_seed20260921,True
9490.0,2.2334661,5.6161156,replica_01_seed20260921,True
9500.0,2.4924545,5.575403,replica_01_seed20260921,True
9510.0,2.450325,5.5913763,replica_01_seed20260921,True
9520.0,2.4031262,5.538177,replica_01_seed20260921,True
9530.0,2.0199034,5.547744,replica_01_seed20260921,True
9540.0,1.7324835,5.59095,replica_01_seed20260921,True
9550.0,1.5840815,5.452981,replica_01_seed20260921,True
9560.0,1.5828569,5.4910965,replica_01_seed20260921,True
9570.0,1.3364333,5.576474,replica_01_seed20260921,True
9580.0,1.5773786,5.577393,replica_01_seed20260921,True
9590.0,1.2631853,5.510339,replica_01_seed20260921,True
9600.0,1.2767524,5.5047398,replica_01_seed20260921,True
9610.0,1.4416062,5.57056,replica_01_seed20260921,True
9620.0,1.3682334,5.6037464,replica_01_seed20260921,True
9630.0,1.5823065,5.537368,replica_01_seed20260921,True
9640.0,1.6503386,5.425908,replica_01_seed20260921,True
9650.0,1.5124344,5.6089516,replica_01_seed20260921,True
9660.0,1.4420998,5.5996127,replica_01_seed20260921,True
9670.0,1.4723312,5.6632366,replica_01_seed20260921,True
9680.0,1.4312755,5.4524775,replica_01_seed20260921,True
9690.0,1.3336474,5.577297,replica_01_seed20260921,True
9700.0,1.5247577,5.5443964,replica_01_seed20260921,True
9710.0,1.9769166,5.393476,replica_01_seed20260921,True
9720.0,1.8465124,5.5178576,replica_01_seed20260921,True
9730.0,1.75125,5.464588,replica_01_seed20260921,True
9740.0,1.6608608,5.6098022,replica_01_seed20260921,True
9750.0,1.9257556,5.4856176,replica_01_seed20260921,True
9760.0,2.0848303,5.6080956,replica_01_seed20260921,True
9770.0,2.2794385,5.548339,replica_01_seed20260921,True
9780.0,2.2747989,5.48315,replica_01_seed20260921,True
9790.0,2.0362113,5.632061,replica_01_seed20260921,True
9800.0,2.3411565,5.534677,replica_01_seed20260921,True
9810.0,2.4048922,5.545496,replica_01_seed20260921,True
9820.0,2.4088671,5.479411,replica_01_seed20260921,True
9830.0,2.4011612,5.5370765,replica_01_seed20260921,True
9840.0,2.172751,5.5745983,replica_01_seed20260921,True
9850.0,2.2023761,5.54802,replica_01_seed20260921,True
9860.0,2.4582872,5.5781083,replica_01_seed20260921,True
9870.0,2.5265548,5.464656,replica_01_seed20260921,True
9880.0,1.7913184,5.4832773,replica_01_seed20260921,True
9890.0,2.0205925,5.4469557,replica_01_seed20260921,True
9900.0,1.6088898,5.4351673,replica_01_seed20260921,True
9910.0,1.3936863,5.385499,replica_01_seed20260921,True
9920.0,1.4837432,5.498626,replica_01_seed20260921,True
9930.0,1.5466933,5.376238,replica_01_seed20260921,True
9940.0,1.6477709,5.306227,replica_01_seed20260921,True
9950.0,1.5549296,5.430041,replica_01_seed20260921,True
9960.0,1.6930939,5.5252686,replica_01_seed20260921,True
9970.0,1.6126395,5.4647403,replica_01_seed20260921,True
9980.0,1.5955071,5.5950828,replica_01_seed20260921,True
9990.0,2.0149794,5.6103945,replica_01_seed20260921,True
10000.0,1.7120805,5.4664984,replica_01_seed20260921,True
10.0,1.6327881,5.2515354,replica_02_seed20260922,False
20.0,1.3640683,5.356079,replica_02_seed20260922,False
30.0,1.1912088,5.265723,replica_02_seed20260922,False
40.0,1.024364,5.1343193,replica_02_seed20260922,False
50.0,0.82344544,5.1346188,replica_02_seed20260922,False
60.0,0.84986186,5.0705,replica_02_seed20260922,False
70.0,0.8826202,5.2109594,replica_02_seed20260922,False
80.0,1.0632399,5.349946,replica_02_seed20260922,False
90.0,1.3375782,5.190362,replica_02_seed20260922,False
100.0,2.4440143,5.1312633,replica_02_seed20260922,False
110.0,1.6700494,5.3091865,replica_02_seed20260922,False
120.0,2.6120787,5.0132155,replica_02_seed20260922,False
130.0,2.4844077,5.192235,replica_02_seed20260922,False
140.0,2.4266853,5.224254,replica_02_seed20260922,False
150.0,2.5192246,5.272766,replica_02_seed20260922,False
160.0,2.3863952,5.0973587,replica_02_seed20260922,False
170.0,1.5374218,5.3481345,replica_02_seed20260922,False
180.0,1.0887833,5.3236885,replica_02_seed20260922,False
190.0,0.8516461,5.236394,replica_02_seed20260922,False
200.0,0.73568285,5.237432,replica_02_seed20260922,False
210.0,0.8915896,5.234624,replica_02_seed20260922,False
220.0,0.8396128,5.224394,replica_02_seed20260922,False
230.0,0.89527225,5.3109813,replica_02_seed20260922,False
240.0,0.65735066,5.3091774,replica_02_seed20260922,False
250.0,0.9954233,5.2641306,replica_02_seed20260922,False
260.0,1.9005471,5.154701,replica_02_seed20260922,False
270.0,2.0336578,5.2646394,replica_02_seed20260922,False
280.0,1.442847,5.2604766,replica_02_seed20260922,False
290.0,1.1705735,5.2192044,replica_02_seed20260922,False
300.0,1.210281,5.252437,replica_02_seed20260922,False
310.0,1.4142859,5.3134294,replica_02_seed20260922,False
320.0,1.5696876,5.287728,replica_02_seed20260922,False
330.0,1.453383,5.285716,replica_02_seed20260922,False
340.0,1.2925398,5.2855244,replica_02_seed20260922,False
350.0,1.1082127,5.1999764,replica_02_seed20260922,False
360.0,1.4086397,5.3766418,replica_02_seed20260922,False
370.0,1.9894754,5.314917,replica_02_seed20260922,False
380.0,1.7721592,5.359972,replica_02_seed20260922,False
390.0,1.6317939,5.167985,replica_02_seed20260922,False
400.0,2.4224637,5.109421,replica_02_seed20260922,False
410.0,2.1310232,5.2951293,replica_02_seed20260922,False
420.0,2.6102853,5.2117968,replica_02_seed20260922,False
430.0,1.8219299,5.208631,replica_02_seed20260922,False
440.0,2.336845,5.27494,replica_02_seed20260922,False
450.0,2.5160522,5.3202653,replica_02_seed20260922,False
460.0,2.0435638,5.3568087,replica_02_seed20260922,False
470.0,2.1186366,5.3233724,replica_02_seed20260922,False
480.0,1.016551,5.146334,replica_02_seed20260922,False
490.0,1.2321081,5.275946,replica_02_seed20260922,False
500.0,1.0066081,5.2712526,replica_02_seed20260922,False
510.0,0.7656607,5.3229213,replica_02_seed20260922,False
520.0,1.016598,5.350672,replica_02_seed20260922,False
530.0,0.7801057,5.2983565,replica_02_seed20260922,False
540.0,0.8079109,5.222812,replica_02_seed20260922,False
550.0,0.7006521,5.2541404,replica_02_seed20260922,False
560.0,1.6002191,5.3120403,replica_02_seed20260922,False
570.0,1.5653143,5.2523446,replica_02_seed20260922,False
580.0,1.7070768,5.300944,replica_02_seed20260922,False
590.0,1.5169059,5.1833158,replica_02_seed20260922,False
600.0,1.1971929,5.2373734,replica_02_seed20260922,False
610.0,1.028755,5.3156714,replica_02_seed20260922,False
620.0,1.5169446,5.418532,replica_02_seed20260922,False
630.0,1.3821781,5.290431,replica_02_seed20260922,False
640.0,1.42025,5.226931,replica_02_seed20260922,False
650.0,1.7965256,5.2346754,replica_02_seed20260922,False
660.0,1.315517,5.2751284,replica_02_seed20260922,False
670.0,1.3524761,5.288899,replica_02_seed20260922,False
680.0,0.8639166,5.369526,replica_02_seed20260922,False
690.0,1.3982224,5.205262,replica_02_seed20260922,False
700.0,1.2078463,5.2413697,replica_02_seed20260922,False
710.0,1.9878377,5.366244,replica_02_seed20260922,False
720.0,0.6285503,5.338754,replica_02_seed20260922,False
730.0,1.2070711,5.223484,replica_02_seed20260922,False
740.0,1.5785019,5.2228646,replica_02_seed20260922,False
750.0,1.3009045,5.2964473,replica_02_seed20260922,False
760.0,1.3171315,5.3095074,replica_02_seed20260922,False
770.0,1.1002238,5.246715,replica_02_seed20260922,False
780.0,1.78479,5.3771634,replica_02_seed20260922,False
790.0,0.89219904,5.264184,replica_02_seed20260922,False
800.0,0.6370851,5.183379,replica_02_seed20260922,False
810.0,0.91813153,5.315689,replica_02_seed20260922,False
820.0,0.97633785,5.257452,replica_02_seed20260922,False
830.0,0.9429704,5.2200274,replica_02_seed20260922,False
840.0,2.0983706,5.286901,replica_02_seed20260922,False
850.0,1.7439312,5.330682,replica_02_seed20260922,False
860.0,2.123875,5.138602,replica_02_seed20260922,False
870.0,0.70345944,5.3362374,replica_02_seed20260922,False
880.0,1.1376206,5.40576,replica_02_seed20260922,False
890.0,1.5212135,5.3499055,replica_02_seed20260922,False
900.0,0.99200994,5.312463,replica_02_seed20260922,False
910.0,0.6498116,5.177767,replica_02_seed20260922,False
920.0,0.98838544,5.315123,replica_02_seed20260922,False
930.0,1.0148329,5.3243027,replica_02_seed20260922,False
940.0,0.76651967,5.2365017,replica_02_seed20260922,False
950.0,0.8393345,5.0831385,replica_02_seed20260922,False
960.0,0.94269395,5.395776,replica_02_seed20260922,False
970.0,0.99027,5.081305,replica_02_seed20260922,False
980.0,1.2357124,5.4047017,replica_02_seed20260922,False
990.0,1.2736112,5.2353024,replica_02_seed20260922,False
1000.0,1.1283559,5.249433,replica_02_seed20260922,False
1010.0,0.7838863,5.202785,replica_02_seed20260922,False
1020.0,0.7066517,5.0136347,replica_02_seed20260922,False
1030.0,0.82678384,5.1640463,replica_02_seed20260922,False
1040.0,0.77061033,5.242209,replica_02_seed20260922,False
1050.0,0.88468874,5.192471,replica_02_seed20260922,False
1060.0,1.3671781,5.3057423,replica_02_seed20260922,False
1070.0,0.7265257,5.2446814,replica_02_seed20260922,False
1080.0,1.131424,5.209815,replica_02_seed20260922,False
1090.0,1.1311148,5.197319,replica_02_seed20260922,False
1100.0,1.2150546,5.365904,replica_02_seed20260922,False
1110.0,0.9731401,5.212391,replica_02_seed20260922,False
1120.0,0.5967801,5.1241655,replica_02_seed20260922,False
1130.0,0.89419216,5.235489,replica_02_seed20260922,False
1140.0,0.9833666,5.2182527,replica_02_seed20260922,False
1150.0,0.9525966,5.0470634,replica_02_seed20260922,False
1160.0,1.5034454,5.2754207,replica_02_seed20260922,False
1170.0,1.537427,5.271919,replica_02_seed20260922,False
1180.0,1.08972,5.258167,replica_02_seed20260922,False
1190.0,0.97979283,5.1868515,replica_02_seed20260922,False
1200.0,0.9432299,5.3698916,replica_02_seed20260922,False
1210.0,0.8263088,5.231859,replica_02_seed20260922,False
1220.0,1.039563,5.2711196,replica_02_seed20260922,False
1230.0,0.9307209,5.2613378,replica_02_seed20260922,False
1240.0,1.346096,5.3537292,replica_02_seed20260922,False
1250.0,1.1031626,5.1922727,replica_02_seed20260922,False
1260.0,1.0646293,5.261883,replica_02_seed20260922,False
1270.0,0.8566259,5.2510877,replica_02_seed20260922,False
1280.0,1.0832744,5.3195667,replica_02_seed20260922,False
1290.0,1.2437,5.2881117,replica_02_seed20260922,False
1300.0,1.4526556,5.2738385,replica_02_seed20260922,False
1310.0,1.5701139,5.3392153,replica_02_seed20260922,False
1320.0,0.88792753,5.268095,replica_02_seed20260922,False
1330.0,0.7509209,5.2750306,replica_02_seed20260922,False
1340.0,0.7341992,5.320011,replica_02_seed20260922,False
1350.0,1.308154,5.213883,replica_02_seed20260922,False
1360.0,1.3781369,5.3379745,replica_02_seed20260922,False
1370.0,1.1082156,5.37157,replica_02_seed20260922,False
1380.0,0.88317823,5.2218113,replica_02_seed20260922,False
1390.0,1.5326649,5.265682,replica_02_seed20260922,False
1400.0,0.9327203,5.2989016,replica_02_seed20260922,False
1410.0,1.3250206,5.207834,replica_02_seed20260922,False
1420.0,1.0669811,5.1493425,replica_02_seed20260922,False
1430.0,0.8245141,5.229807,replica_02_seed20260922,False
1440.0,1.5080488,5.0662174,replica_02_seed20260922,False
1450.0,1.5168251,5.3468633,replica_02_seed20260922,False
1460.0,0.9825597,5.285106,replica_02_seed20260922,False
1470.0,0.79964906,5.295463,replica_02_seed20260922,False
1480.0,0.8006443,5.1497297,replica_02_seed20260922,False
1490.0,1.0249348,5.1784983,replica_02_seed20260922,False
1500.0,1.5967648,5.345347,replica_02_seed20260922,False
1510.0,1.2030785,5.2855864,replica_02_seed20260922,False
1520.0,1.0233114,5.235713,replica_02_seed20260922,False
1530.0,1.3929036,5.3783092,replica_02_seed20260922,False
1540.0,1.0118715,5.3232193,replica_02_seed20260922,False
1550.0,0.9296478,5.266039,replica_02_seed20260922,False
1560.0,1.4135451,5.2213373,replica_02_seed20260922,False
1570.0,1.8627657,5.3609843,replica_02_seed20260922,False
1580.0,2.2160301,5.355106,replica_02_seed20260922,False
1590.0,1.7829492,5.306349,replica_02_seed20260922,False
1600.0,2.0300226,5.394306,replica_02_seed20260922,False
1610.0,2.2706244,5.23207,replica_02_seed20260922,False
1620.0,2.3124847,5.2748704,replica_02_seed20260922,False
1630.0,1.8524003,5.3238463,replica_02_seed20260922,False
1640.0,1.5630187,5.358783,replica_02_seed20260922,False
1650.0,0.54178834,5.2365236,replica_02_seed20260922,False
1660.0,0.9322175,5.103656,replica_02_seed20260922,False
1670.0,1.1203489,5.1490793,replica_02_seed20260922,False
1680.0,1.6944021,5.20623,replica_02_seed20260922,False
1690.0,1.3473685,5.1471224,replica_02_seed20260922,False
1700.0,1.8974192,5.3601937,replica_02_seed20260922,False
1710.0,1.9885195,5.289574,replica_02_seed20260922,False
1720.0,1.8118757,5.365309,replica_02_seed20260922,False
1730.0,1.5678396,5.2702866,replica_02_seed20260922,False
1740.0,1.2066166,5.189,replica_02_seed20260922,False
1750.0,1.7313592,5.3040214,replica_02_seed20260922,False
1760.0,1.0868838,5.32032,replica_02_seed20260922,False
1770.0,2.182718,5.246186,replica_02_seed20260922,False
1780.0,1.5094584,5.3102846,replica_02_seed20260922,False
1790.0,1.1999406,5.25924,replica_02_seed20260922,False
1800.0,0.7768431,5.1952815,replica_02_seed20260922,False
1810.0,1.0458128,5.326199,replica_02_seed20260922,False
1820.0,1.3258204,5.17956,replica_02_seed20260922,False
1830.0,1.2738309,5.2039394,replica_02_seed20260922,False
1840.0,1.3381352,5.274777,replica_02_seed20260922,False
1850.0,1.8707559,5.26638,replica_02_seed20260922,False
1860.0,2.0821853,5.1687455,replica_02_seed20260922,False
1870.0,1.4976757,5.222015,replica_02_seed20260922,False
1880.0,1.1772676,5.2466726,replica_02_seed20260922,False
1890.0,1.1765207,5.3305206,replica_02_seed20260922,False
1900.0,1.2071223,5.1992407,replica_02_seed20260922,False
1910.0,0.93569434,5.211524,replica_02_seed20260922,False
1920.0,1.2810004,5.369273,replica_02_seed20260922,False
1930.0,0.8719195,5.261737,replica_02_seed20260922,False
1940.0,0.74884367,5.122946,replica_02_seed20260922,False
1950.0,2.0978062,5.141823,replica_02_seed20260922,False
1960.0,0.7112478,5.2400665,replica_02_seed20260922,False
1970.0,0.9875489,5.243468,replica_02_seed20260922,False
1980.0,1.6424793,5.233586,replica_02_seed20260922,False
1990.0,1.6995376,5.280709,replica_02_seed20260922,False
2000.0,1.5897305,5.2524824,replica_02_seed20260922,False
2010.0,1.3178601,5.30145,replica_02_seed20260922,True
2020.0,1.214437,5.269298,replica_02_seed20260922,True
2030.0,1.5876014,5.2879486,replica_02_seed20260922,True
2040.0,1.6874197,5.2937593,replica_02_seed20260922,True
2050.0,2.0714898,5.18465,replica_02_seed20260922,True
2060.0,1.2091484,5.3207865,replica_02_seed20260922,True
2070.0,0.9534771,5.316513,replica_02_seed20260922,True
2080.0,1.1196705,5.1111436,replica_02_seed20260922,True
2090.0,1.1191494,5.2293057,replica_02_seed20260922,True
2100.0,1.1906081,5.2679543,replica_02_seed20260922,True
2110.0,0.8848863,5.109826,replica_02_seed20260922,True
2120.0,0.9714809,5.424332,replica_02_seed20260922,True
2130.0,1.1848457,5.252612,replica_02_seed20260922,True
2140.0,2.0168881,5.189156,replica_02_seed20260922,True
2150.0,1.8399769,5.1130266,replica_02_seed20260922,True
2160.0,1.909235,5.3869276,replica_02_seed20260922,True
2170.0,1.8856205,5.157675,replica_02_seed20260922,True
2180.0,2.1578135,5.1413383,replica_02_seed20260922,True
2190.0,2.6081111,5.2388372,replica_02_seed20260922,True
2200.0,2.608037,5.292847,replica_02_seed20260922,True
2210.0,2.493824,5.2997913,replica_02_seed20260922,True
2220.0,1.6889939,5.249058,replica_02_seed20260922,True
2230.0,2.364862,5.370942,replica_02_seed20260922,True
2240.0,2.4652598,5.2351494,replica_02_seed20260922,True
2250.0,2.4844825,5.329475,replica_02_seed20260922,True
2260.0,2.493497,5.2661457,replica_02_seed20260922,True
2270.0,2.5488412,5.1604533,replica_02_seed20260922,True
2280.0,2.4657207,5.213732,replica_02_seed20260922,True
2290.0,2.16763,5.204833,replica_02_seed20260922,True
2300.0,1.7998192,5.286327,replica_02_seed20260922,True
2310.0,2.3584952,5.2026396,replica_02_seed20260922,True
2320.0,2.5318055,5.3674736,replica_02_seed20260922,True
2330.0,2.390531,5.2753873,replica_02_seed20260922,True
2340.0,2.5744734,5.25814,replica_02_seed20260922,True
2350.0,2.1620786,5.224987,replica_02_seed20260922,True
2360.0,2.5142715,5.2449903,replica_02_seed20260922,True
2370.0,2.4594827,5.252846,replica_02_seed20260922,True
2380.0,2.6543877,5.2091627,replica_02_seed20260922,True
2390.0,2.4675932,5.3091393,replica_02_seed20260922,True
2400.0,2.4667253,5.3768444,replica_02_seed20260922,True
2410.0,1.992253,5.2773542,replica_02_seed20260922,True
2420.0,2.3510833,5.2061453,replica_02_seed20260922,True
2430.0,2.3584507,5.3055525,replica_02_seed20260922,True
2440.0,1.9340384,5.2472296,replica_02_seed20260922,True
2450.0,2.0200891,5.2300673,replica_02_seed20260922,True
2460.0,2.3660703,5.158891,replica_02_seed20260922,True
2470.0,2.323322,5.3736267,replica_02_seed20260922,True
2480.0,2.537854,5.3388844,replica_02_seed20260922,True
2490.0,2.4401064,5.341739,replica_02_seed20260922,True
2500.0,2.3078446,5.386391,replica_02_seed20260922,True
2510.0,2.4665077,5.410197,replica_02_seed20260922,True
2520.0,2.1195672,5.4465384,replica_02_seed20260922,True
2530.0,1.7664554,5.2663193,replica_02_seed20260922,True
2540.0,1.7508997,5.417052,replica_02_seed20260922,True
2550.0,2.3951933,5.2752256,replica_02_seed20260922,True
2560.0,2.391656,5.3413496,replica_02_seed20260922,True
2570.0,1.4332176,5.2876306,replica_02_seed20260922,True
2580.0,1.37178,5.2827497,replica_02_seed20260922,True
2590.0,1.4141107,5.2911353,replica_02_seed20260922,True
2600.0,2.129955,5.386371,replica_02_seed20260922,True
2610.0,2.1725228,5.3480725,replica_02_seed20260922,True
2620.0,2.4170897,5.4460573,replica_02_seed20260922,True
2630.0,2.240722,5.4191546,replica_02_seed20260922,True
2640.0,2.5490484,5.3154206,replica_02_seed20260922,True
2650.0,2.568038,5.2139707,replica_02_seed20260922,True
2660.0,2.52962,5.341345,replica_02_seed20260922,True
2670.0,2.2693164,5.369869,replica_02_seed20260922,True
2680.0,2.4087715,5.4201765,replica_02_seed20260922,True
2690.0,2.4441235,5.3190355,replica_02_seed20260922,True
2700.0,1.9248168,5.3933315,replica_02_seed20260922,True
2710.0,1.7326698,5.36337,replica_02_seed20260922,True
2720.0,1.8032918,5.295108,replica_02_seed20260922,True
2730.0,1.8031454,5.385786,replica_02_seed20260922,True
2740.0,1.7377014,5.3525157,replica_02_seed20260922,True
2750.0,1.4632099,5.2968025,replica_02_seed20260922,True
2760.0,1.4855759,5.4742007,replica_02_seed20260922,True
2770.0,1.7756277,5.4322867,replica_02_seed20260922,True
2780.0,1.7266995,5.2925086,replica_02_seed20260922,True
2790.0,1.2419556,5.3704176,replica_02_seed20260922,True
2800.0,1.2153476,5.409127,replica_02_seed20260922,True
2810.0,1.4278544,5.3204436,replica_02_seed20260922,True
2820.0,1.5653741,5.3749614,replica_02_seed20260922,True
2830.0,1.4179113,5.331631,replica_02_seed20260922,True
2840.0,1.502282,5.442835,replica_02_seed20260922,True
2850.0,1.8204166,5.3571835,replica_02_seed20260922,True
2860.0,1.4594672,5.4575796,replica_02_seed20260922,True
2870.0,1.782409,5.4421043,replica_02_seed20260922,True
2880.0,2.0086746,5.4015617,replica_02_seed20260922,True
2890.0,1.6208436,5.3674116,replica_02_seed20260922,True
2900.0,1.7293788,5.397122,replica_02_seed20260922,True
2910.0,2.0180738,5.372136,replica_02_seed20260922,True
2920.0,1.7304163,5.2750874,replica_02_seed20260922,True
2930.0,1.8286412,5.4399805,replica_02_seed20260922,True
2940.0,2.3926716,5.465275,replica_02_seed20260922,True
2950.0,2.4437425,5.3599033,replica_02_seed20260922,True
2960.0,2.155298,5.392604,replica_02_seed20260922,True
2970.0,2.426737,5.333052,replica_02_seed20260922,True
2980.0,2.6245215,5.1657796,replica_02_seed20260922,True
2990.0,2.1194563,5.361491,replica_02_seed20260922,True
3000.0,2.2884426,5.5042067,replica_02_seed20260922,True
3010.0,2.2223425,5.4138875,replica_02_seed20260922,True
3020.0,2.0108645,5.359712,replica_02_seed20260922,True
3030.0,2.2730367,5.419865,replica_02_seed20260922,True
3040.0,2.1631987,5.3769217,replica_02_seed20260922,True
3050.0,1.6968673,5.4216967,replica_02_seed20260922,True
3060.0,2.2455387,5.332197,replica_02_seed20260922,True
3070.0,2.5141501,5.3952847,replica_02_seed20260922,True
3080.0,2.3995626,5.380579,replica_02_seed20260922,True
3090.0,2.2156959,5.366995,replica_02_seed20260922,True
3100.0,1.854696,5.4496284,replica_02_seed20260922,True
3110.0,2.491168,5.343197,replica_02_seed20260922,True
3120.0,2.47134,5.3000174,replica_02_seed20260922,True
3130.0,2.0677674,5.46364,replica_02_seed20260922,True
3140.0,1.3387007,5.364443,replica_02_seed20260922,True
3150.0,1.5070165,5.4165263,replica_02_seed20260922,True
3160.0,1.3777875,5.2557364,replica_02_seed20260922,True
3170.0,1.6516731,5.3130393,replica_02_seed20260922,True
3180.0,1.9090226,5.2597666,replica_02_seed20260922,True
3190.0,2.2370927,5.1821656,replica_02_seed20260922,True
3200.0,1.63167,5.5216265,replica_02_seed20260922,True
3210.0,1.6820459,5.435709,replica_02_seed20260922,True
3220.0,1.8158708,5.47329,replica_02_seed20260922,True
3230.0,1.9173771,5.435858,replica_02_seed20260922,True
3240.0,1.6206819,5.3146906,replica_02_seed20260922,True
3250.0,1.7369174,5.3818254,replica_02_seed20260922,True
3260.0,1.8955092,5.316276,replica_02_seed20260922,True
3270.0,2.2440178,5.416362,replica_02_seed20260922,True
3280.0,2.1855962,5.4607034,replica_02_seed20260922,True
3290.0,2.239099,5.428465,replica_02_seed20260922,True
3300.0,2.4879854,5.370906,replica_02_seed20260922,True
3310.0,2.2365115,5.407643,replica_02_seed20260922,True
3320.0,2.3038204,5.4373355,replica_02_seed20260922,True
3330.0,1.9500146,5.402933,replica_02_seed20260922,True
3340.0,2.1657088,5.421743,replica_02_seed20260922,True
3350.0,1.8738222,5.364731,replica_02_seed20260922,True
3360.0,1.8049707,5.2998395,replica_02_seed20260922,True
3370.0,1.548001,5.313964,replica_02_seed20260922,True
3380.0,1.8951327,5.4455175,replica_02_seed20260922,True
3390.0,2.1739783,5.313899,replica_02_seed20260922,True
3400.0,2.0313516,5.454006,replica_02_seed20260922,True
3410.0,2.5005174,5.3061957,replica_02_seed20260922,True
3420.0,1.7391342,5.347399,replica_02_seed20260922,True
3430.0,2.0822372,5.4354973,replica_02_seed20260922,True
3440.0,1.8357141,5.433121,replica_02_seed20260922,True
3450.0,2.228395,5.385131,replica_02_seed20260922,True
3460.0,1.7088681,5.359559,replica_02_seed20260922,True
3470.0,1.6943252,5.3304152,replica_02_seed20260922,True
3480.0,2.0133443,5.394294,replica_02_seed20260922,True
3490.0,2.3184917,5.417685,replica_02_seed20260922,True
3500.0,2.3496718,5.2507353,replica_02_seed20260922,True
3510.0,2.5316656,5.3077703,replica_02_seed20260922,True
3520.0,2.469267,5.347169,replica_02_seed20260922,True
3530.0,2.146105,5.261409,replica_02_seed20260922,True
3540.0,2.0953794,5.3447156,replica_02_seed20260922,True
3550.0,1.6051412,5.4078383,replica_02_seed20260922,True
3560.0,1.7876322,5.4656887,replica_02_seed20260922,True
3570.0,1.8125467,5.446554,replica_02_seed20260922,True
3580.0,2.1373599,5.405588,replica_02_seed20260922,True
3590.0,1.6228871,5.488365,replica_02_seed20260922,True
3600.0,1.7569008,5.495201,replica_02_seed20260922,True
3610.0,1.7249589,5.493206,replica_02_seed20260922,True
3620.0,1.6992861,5.435689,replica_02_seed20260922,True
3630.0,1.9436996,5.387256,replica_02_seed20260922,True
3640.0,1.513111,5.465125,replica_02_seed20260922,True
3650.0,1.5850725,5.415824,replica_02_seed20260922,True
3660.0,1.5141506,5.3738317,replica_02_seed20260922,True
3670.0,1.7397784,5.431478,replica_02_seed20260922,True
3680.0,1.7371929,5.540729,replica_02_seed20260922,True
3690.0,2.0017793,5.3511763,replica_02_seed20260922,True
3700.0,1.5916312,5.536235,replica_02_seed20260922,True
3710.0,1.5141716,5.411421,replica_02_seed20260922,True
3720.0,1.8979168,5.4600525,replica_02_seed20260922,True
3730.0,1.9649892,5.4130344,replica_02_seed20260922,True
3740.0,1.9105825,5.332531,replica_02_seed20260922,True
3750.0,1.3952477,5.4086256,replica_02_seed20260922,True
3760.0,1.3768631,5.3255043,replica_02_seed20260922,True
3770.0,1.624285,5.4587893,replica_02_seed20260922,True
3780.0,2.0074136,5.3163185,replica_02_seed20260922,True
3790.0,1.639809,5.4694586,replica_02_seed20260922,True
3800.0,1.7877781,5.480262,replica_02_seed20260922,True
3810.0,1.8581207,5.469317,replica_02_seed20260922,True
3820.0,1.8233202,5.4840736,replica_02_seed20260922,True
3830.0,1.9750319,5.3240914,replica_02_seed20260922,True
3840.0,1.9453607,5.461878,replica_02_seed20260922,True
3850.0,1.845741,5.4648376,replica_02_seed20260922,True
3860.0,1.9117267,5.395412,replica_02_seed20260922,True
3870.0,2.0121412,5.4744463,replica_02_seed20260922,True
3880.0,1.7181646,5.307439,replica_02_seed20260922,True
3890.0,1.9103436,5.4994707,replica_02_seed20260922,True
3900.0,1.4866669,5.4572864,replica_02_seed20260922,True
3910.0,1.7557569,5.4918327,replica_02_seed20260922,True
3920.0,2.0158844,5.452754,replica_02_seed20260922,True
3930.0,1.5843785,5.391875,replica_02_seed20260922,True
3940.0,1.8434532,5.3358154,replica_02_seed20260922,True
3950.0,2.002843,5.311038,replica_02_seed20260922,True
3960.0,1.9526846,5.454632,replica_02_seed20260922,True
3970.0,1.9928384,5.424063,replica_02_seed20260922,True
3980.0,2.1529818,5.3902583,replica_02_seed20260922,True
3990.0,1.9518046,5.3449254,replica_02_seed20260922,True
4000.0,2.0497215,5.433622,replica_02_seed20260922,True
4010.0,1.8993944,5.4691525,replica_02_seed20260922,True
4020.0,1.7029171,5.4468136,replica_02_seed20260922,True
4030.0,1.7006269,5.4231305,replica_02_seed20260922,True
4040.0,1.9710385,5.2941046,replica_02_seed20260922,True
4050.0,1.8506361,5.5686417,replica_02_seed20260922,True
4060.0,2.0655808,5.3637557,replica_02_seed20260922,True
4070.0,1.9493339,5.5101614,replica_02_seed20260922,True
4080.0,1.7998941,5.503667,replica_02_seed20260922,True
4090.0,1.8942325,5.5327134,replica_02_seed20260922,True
4100.0,2.3026328,5.2128935,replica_02_seed20260922,True
4110.0,1.8373966,5.4638076,replica_02_seed20260922,True
4120.0,1.8230165,5.4270487,replica_02_seed20260922,True
4130.0,1.9106731,5.5239162,replica_02_seed20260922,True
4140.0,1.5509686,5.520806,replica_02_seed20260922,True
4150.0,1.7194934,5.4240084,replica_02_seed20260922,True
4160.0,1.9570534,5.509985,replica_02_seed20260922,True
4170.0,1.7718587,5.452029,replica_02_seed20260922,True
4180.0,1.8228222,5.4330297,replica_02_seed20260922,True
4190.0,1.7227219,5.4316783,replica_02_seed20260922,True
4200.0,1.5554938,5.46267,replica_02_seed20260922,True
4210.0,2.0226681,5.5145082,replica_02_seed20260922,True
4220.0,1.5468597,5.439865,replica_02_seed20260922,True
4230.0,1.9934199,5.4610324,replica_02_seed20260922,True
4240.0,1.731509,5.4153514,replica_02_seed20260922,True
4250.0,1.7225927,5.42157,replica_02_seed20260922,True
4260.0,2.298428,5.346424,replica_02_seed20260922,True
4270.0,2.2411063,5.331809,replica_02_seed20260922,True
4280.0,1.8859999,5.499952,replica_02_seed20260922,True
4290.0,1.7742395,5.4753876,replica_02_seed20260922,True
4300.0,1.6191041,5.4583592,replica_02_seed20260922,True
4310.0,1.6975043,5.4811664,replica_02_seed20260922,True
4320.0,2.0483904,5.4059596,replica_02_seed20260922,True
4330.0,2.019324,5.408393,replica_02_seed20260922,True
4340.0,1.5216732,5.391708,replica_02_seed20260922,True
4350.0,1.6335704,5.376215,replica_02_seed20260922,True
4360.0,1.6483313,5.34241,replica_02_seed20260922,True
4370.0,1.465128,5.44931,replica_02_seed20260922,True
4380.0,1.7190626,5.4075804,replica_02_seed20260922,True
4390.0,1.5611138,5.415375,replica_02_seed20260922,True
4400.0,1.528017,5.4159822,replica_02_seed20260922,True
4410.0,1.8605742,5.499814,replica_02_seed20260922,True
4420.0,1.7868781,5.496208,replica_02_seed20260922,True
4430.0,1.786926,5.448473,replica_02_seed20260922,True
4440.0,1.9357381,5.414715,replica_02_seed20260922,True
4450.0,1.9447314,5.49464,replica_02_seed20260922,True
4460.0,2.0000024,5.448824,replica_02_seed20260922,True
4470.0,1.9657277,5.489622,replica_02_seed20260922,True
4480.0,1.9572215,5.452347,replica_02_seed20260922,True
4490.0,1.5951623,5.4926877,replica_02_seed20260922,True
4500.0,1.698692,5.333059,replica_02_seed20260922,True
4510.0,1.8394154,5.353477,replica_02_seed20260922,True
4520.0,1.2567186,5.393265,replica_02_seed20260922,True
4530.0,1.5456921,5.4825916,replica_02_seed20260922,True
4540.0,1.8435024,5.451231,replica_02_seed20260922,True
4550.0,1.87766,5.52956,replica_02_seed20260922,True
4560.0,1.3456463,5.2534857,replica_02_seed20260922,True
4570.0,1.6302764,5.4627056,replica_02_seed20260922,True
4580.0,1.6474642,5.4133444,replica_02_seed20260922,True
4590.0,1.609361,5.358689,replica_02_seed20260922,True
4600.0,1.7601078,5.3902717,replica_02_seed20260922,True
4610.0,1.6950493,5.4736686,replica_02_seed20260922,True
4620.0,1.2343277,5.325001,replica_02_seed20260922,True
4630.0,1.5571319,5.4419274,replica_02_seed20260922,True
4640.0,1.7606694,5.4490194,replica_02_seed20260922,True
4650.0,1.1919158,5.463305,replica_02_seed20260922,True
4660.0,1.0122515,5.233164,replica_02_seed20260922,True
4670.0,1.7882227,5.387056,replica_02_seed20260922,True
4680.0,1.4625417,5.459476,replica_02_seed20260922,True
4690.0,1.6787467,5.480883,replica_02_seed20260922,True
4700.0,1.5359406,5.311525,replica_02_seed20260922,True
4710.0,1.6898577,5.4321604,replica_02_seed20260922,True
4720.0,1.6362013,5.4338827,replica_02_seed20260922,True
4730.0,1.4326298,5.345545,replica_02_seed20260922,True
4740.0,1.2983851,5.391117,replica_02_seed20260922,True
4750.0,1.7345136,5.5178814,replica_02_seed20260922,True
4760.0,1.6686859,5.442811,replica_02_seed20260922,True
4770.0,1.7087445,5.475211,replica_02_seed20260922,True
4780.0,1.8286978,5.4846945,replica_02_seed20260922,True
4790.0,2.003284,5.3478975,replica_02_seed20260922,True
4800.0,1.3154167,5.298625,replica_02_seed20260922,True
4810.0,1.3914948,5.3686714,replica_02_seed20260922,True
4820.0,1.3992724,5.2361293,replica_02_seed20260922,True
4830.0,1.7654366,5.4653444,replica_02_seed20260922,True
4840.0,1.8566138,5.244031,replica_02_seed20260922,True
4850.0,2.2291174,5.417487,replica_02_seed20260922,True
4860.0,2.7080698,5.1953306,replica_02_seed20260922,True
4870.0,2.422907,5.4399633,replica_02_seed20260922,True
4880.0,2.5245862,5.271929,replica_02_seed20260922,True
4890.0,2.344752,5.2561,replica_02_seed20260922,True
4900.0,2.333462,5.3899627,replica_02_seed20260922,True
4910.0,1.818867,5.4241104,replica_02_seed20260922,True
4920.0,2.036522,5.3906517,replica_02_seed20260922,True
4930.0,1.9541998,5.309537,replica_02_seed20260922,True
4940.0,1.5900184,5.4153595,replica_02_seed20260922,True
4950.0,2.1930292,5.4770985,replica_02_seed20260922,True
4960.0,2.2468219,5.2911325,replica_02_seed20260922,True
4970.0,2.3705707,5.265103,replica_02_seed20260922,True
4980.0,2.097494,5.36508,replica_02_seed20260922,True
4990.0,2.624326,5.3046417,replica_02_seed20260922,True
5000.0,2.134914,5.399365,replica_02_seed20260922,True
5010.0,1.777359,5.3832893,replica_02_seed20260922,True
5020.0,1.4422983,5.370483,replica_02_seed20260922,True
5030.0,1.7988801,5.3381243,replica_02_seed20260922,True
5040.0,1.7635738,5.4228063,replica_02_seed20260922,True
5050.0,1.7832577,5.481393,replica_02_seed20260922,True
5060.0,1.917436,5.3671246,replica_02_seed20260922,True
5070.0,1.6586639,5.4270644,replica_02_seed20260922,True
5080.0,2.3035307,5.282964,replica_02_seed20260922,True
5090.0,1.8850136,5.3921003,replica_02_seed20260922,True
5100.0,1.7963221,5.424206,replica_02_seed20260922,True
5110.0,1.5400105,5.341761,replica_02_seed20260922,True
5120.0,1.9691854,5.26303,replica_02_seed20260922,True
5130.0,2.538292,5.2473736,replica_02_seed20260922,True
5140.0,2.3059769,5.3120875,replica_02_seed20260922,True
5150.0,1.675292,5.316058,replica_02_seed20260922,True
5160.0,1.8608944,5.274688,replica_02_seed20260922,True
5170.0,1.7035704,5.280206,replica_02_seed20260922,True
5180.0,1.3889109,5.315389,replica_02_seed20260922,True
5190.0,1.1865053,5.212495,replica_02_seed20260922,True
5200.0,2.5344095,5.2790694,replica_02_seed20260922,True
5210.0,2.579208,5.35047,replica_02_seed20260922,True
5220.0,2.5805454,5.2817755,replica_02_seed20260922,True
5230.0,2.5084262,5.2170925,replica_02_seed20260922,True
5240.0,2.3628197,5.2453775,replica_02_seed20260922,True
5250.0,2.6112595,5.3419456,replica_02_seed20260922,True
5260.0,2.6775954,5.21134,replica_02_seed20260922,True
5270.0,2.5926762,5.3639607,replica_02_seed20260922,True
5280.0,2.3829973,5.079121,replica_02_seed20260922,True
5290.0,2.6245713,5.2505016,replica_02_seed20260922,True
5300.0,2.0930705,5.334923,replica_02_seed20260922,True
5310.0,2.4660728,5.0282335,replica_02_seed20260922,True
5320.0,2.713358,5.1432,replica_02_seed20260922,True
5330.0,2.242783,5.3288765,replica_02_seed20260922,True
5340.0,2.4216735,5.2052097,replica_02_seed20260922,True
5350.0,2.4565759,5.300211,replica_02_seed20260922,True
5360.0,2.3895702,5.2739706,replica_02_seed20260922,True
5370.0,2.352241,5.3572855,replica_02_seed20260922,True
5380.0,2.4696918,5.257045,replica_02_seed20260922,True
5390.0,2.5286791,5.3414483,replica_02_seed20260922,True
5400.0,2.5499167,5.096435,replica_02_seed20260922,True
5410.0,2.3143096,5.2676897,replica_02_seed20260922,True
5420.0,2.5109963,5.366866,replica_02_seed20260922,True
5430.0,2.583202,5.4073467,replica_02_seed20260922,True
5440.0,2.3787098,5.3402066,replica_02_seed20260922,True
5450.0,2.364013,5.2214346,replica_02_seed20260922,True
5460.0,2.2206302,5.2728405,replica_02_seed20260922,True
5470.0,1.3109758,5.2265925,replica_02_seed20260922,True
5480.0,1.3953571,5.304374,replica_02_seed20260922,True
5490.0,1.7930186,5.302289,replica_02_seed20260922,True
5500.0,2.1090946,5.1858244,replica_02_seed20260922,True
5510.0,1.1830025,5.2470355,replica_02_seed20260922,True
5520.0,1.4865054,5.2776995,replica_02_seed20260922,True
5530.0,2.4807749,5.2524433,replica_02_seed20260922,True
5540.0,0.9249547,5.396229,replica_02_seed20260922,True
5550.0,2.471936,5.3157825,replica_02_seed20260922,True
5560.0,2.2686634,5.325577,replica_02_seed20260922,True
5570.0,2.530583,5.2438664,replica_02_seed20260922,True
5580.0,2.551115,5.2568,replica_02_seed20260922,True
5590.0,2.4193904,5.3098974,replica_02_seed20260922,True
5600.0,1.5514,5.312412,replica_02_seed20260922,True
5610.0,1.5888324,5.310805,replica_02_seed20260922,True
5620.0,1.8247151,5.3334227,replica_02_seed20260922,True
5630.0,1.7477459,5.3222365,replica_02_seed20260922,True
5640.0,1.8104066,5.2576933,replica_02_seed20260922,True
5650.0,1.8154917,5.3653054,replica_02_seed20260922,True
5660.0,2.505149,5.33114,replica_02_seed20260922,True
5670.0,2.3675542,5.364271,replica_02_seed20260922,True
5680.0,2.6468263,5.3404884,replica_02_seed20260922,True
5690.0,2.5070903,5.136137,replica_02_seed20260922,True
5700.0,2.4750795,5.348515,replica_02_seed20260922,True
5710.0,2.6685624,5.247409,replica_02_seed20260922,True
5720.0,2.643208,5.191143,replica_02_seed20260922,True
5730.0,2.3303423,5.3217416,replica_02_seed20260922,True
5740.0,2.4241593,5.228293,replica_02_seed20260922,True
5750.0,2.5180671,5.327894,replica_02_seed20260922,True
5760.0,2.8186533,5.0615253,replica_02_seed20260922,True
5770.0,2.5975754,5.2709413,replica_02_seed20260922,True
5780.0,2.730594,5.1715918,replica_02_seed20260922,True
5790.0,2.531344,5.26654,replica_02_seed20260922,True
5800.0,2.6804492,5.112939,replica_02_seed20260922,True
5810.0,2.3121336,5.3551583,replica_02_seed20260922,True
5820.0,2.7965813,5.1050863,replica_02_seed20260922,True
5830.0,2.439763,5.1476626,replica_02_seed20260922,True
5840.0,2.2508655,5.3914614,replica_02_seed20260922,True
5850.0,2.5338402,5.267155,replica_02_seed20260922,True
5860.0,2.6023793,5.2681828,replica_02_seed20260922,True
5870.0,2.6542296,5.242939,replica_02_seed20260922,True
5880.0,2.5588217,5.107955,replica_02_seed20260922,True
5890.0,2.6613016,5.1608233,replica_02_seed20260922,True
5900.0,2.3388364,5.3536944,replica_02_seed20260922,True
5910.0,2.0263495,5.2680607,replica_02_seed20260922,True
5920.0,1.6550349,5.352473,replica_02_seed20260922,True
5930.0,1.5718228,5.3986034,replica_02_seed20260922,True
5940.0,1.5480349,5.3782077,replica_02_seed20260922,True
5950.0,1.0371811,5.2479796,replica_02_seed20260922,True
5960.0,1.0942208,5.320751,replica_02_seed20260922,True
5970.0,1.0162915,5.2664547,replica_02_seed20260922,True
5980.0,1.1985914,5.3801303,replica_02_seed20260922,True
5990.0,1.2784865,5.4507313,replica_02_seed20260922,True
6000.0,1.1341559,5.3361216,replica_02_seed20260922,True
6010.0,1.1981643,5.343479,replica_02_seed20260922,True
6020.0,1.2021137,5.3538566,replica_02_seed20260922,True
6030.0,1.8498871,5.1720195,replica_02_seed20260922,True
6040.0,1.8123808,5.167959,replica_02_seed20260922,True
6050.0,2.1071186,5.250908,replica_02_seed20260922,True
6060.0,2.4798882,5.1127057,replica_02_seed20260922,True
6070.0,2.27725,5.200345,replica_02_seed20260922,True
6080.0,2.4975486,5.2207828,replica_02_seed20260922,True
6090.0,2.4265943,5.2647095,replica_02_seed20260922,True
6100.0,2.4604144,5.334475,replica_02_seed20260922,True
6110.0,2.3947508,5.2764883,replica_02_seed20260922,True
6120.0,2.2921062,5.24508,replica_02_seed20260922,True
6130.0,1.7370921,5.3383155,replica_02_seed20260922,True
6140.0,1.5825154,5.25999,replica_02_seed20260922,True
6150.0,1.5678294,5.239734,replica_02_seed20260922,True
6160.0,1.4031167,5.171459,replica_02_seed20260922,True
6170.0,1.519248,5.2116356,replica_02_seed20260922,True
6180.0,1.6958798,5.3424997,replica_02_seed20260922,True
6190.0,2.0336165,5.340168,replica_02_seed20260922,True
6200.0,0.9437016,5.2599783,replica_02_seed20260922,True
6210.0,0.80044574,5.128019,replica_02_seed20260922,True
6220.0,0.9684395,5.2567663,replica_02_seed20260922,True
6230.0,1.2199919,5.2869816,replica_02_seed20260922,True
6240.0,1.6754608,5.1693764,replica_02_seed20260922,True
6250.0,1.5450524,5.4378247,replica_02_seed20260922,True
6260.0,1.3570589,5.392756,replica_02_seed20260922,True
6270.0,0.7755755,5.1440706,replica_02_seed20260922,True
6280.0,1.5960091,5.201375,replica_02_seed20260922,True
6290.0,1.1149504,5.259905,replica_02_seed20260922,True
6300.0,1.4936001,5.2453394,replica_02_seed20260922,True
6310.0,1.2690066,5.2095375,replica_02_seed20260922,True
6320.0,1.4077885,5.2835913,replica_02_seed20260922,True
6330.0,0.864972,5.2451415,replica_02_seed20260922,True
6340.0,0.89685094,5.329503,replica_02_seed20260922,True
6350.0,0.84563017,5.207074,replica_02_seed20260922,True
6360.0,1.5122126,5.337818,replica_02_seed20260922,True
6370.0,1.3713188,5.1669216,replica_02_seed20260922,True
6380.0,0.9343752,5.224721,replica_02_seed20260922,True
6390.0,1.4590924,5.022642,replica_02_seed20260922,True
6400.0,1.2540548,5.3652,replica_02_seed20260922,True
6410.0,1.2997174,5.1991396,replica_02_seed20260922,True
6420.0,1.608792,5.259882,replica_02_seed20260922,True
6430.0,1.5327916,5.3120747,replica_02_seed20260922,True
6440.0,1.2654281,5.3055644,replica_02_seed20260922,True
6450.0,1.4046938,5.239966,replica_02_seed20260922,True
6460.0,0.8007574,5.334921,replica_02_seed20260922,True
6470.0,0.7170257,5.1687136,replica_02_seed20260922,True
6480.0,1.4306158,5.3966804,replica_02_seed20260922,True
6490.0,1.5288761,5.300069,replica_02_seed20260922,True
6500.0,1.8189571,5.3353586,replica_02_seed20260922,True
6510.0,1.6255723,5.3778033,replica_02_seed20260922,True
6520.0,1.9516693,5.361594,replica_02_seed20260922,True
6530.0,1.8780789,5.332873,replica_02_seed20260922,True
6540.0,2.0902567,5.3804913,replica_02_seed20260922,True
6550.0,1.9317868,5.328437,replica_02_seed20260922,True
6560.0,1.7400515,5.2788076,replica_02_seed20260922,True
6570.0,1.7739744,5.4046783,replica_02_seed20260922,True
6580.0,1.6803234,5.425809,replica_02_seed20260922,True
6590.0,1.9867164,5.3920717,replica_02_seed20260922,True
6600.0,2.1037772,5.3551507,replica_02_seed20260922,True
6610.0,2.184265,5.350239,replica_02_seed20260922,True
6620.0,1.8096339,5.378761,replica_02_seed20260922,True
6630.0,2.3331847,5.2320986,replica_02_seed20260922,True
6640.0,2.728927,5.2761497,replica_02_seed20260922,True
6650.0,2.4935014,5.2573614,replica_02_seed20260922,True
6660.0,2.7127423,5.155985,replica_02_seed20260922,True
6670.0,2.5582638,5.159914,replica_02_seed20260922,True
6680.0,2.3999195,5.288463,replica_02_seed20260922,True
6690.0,2.6494522,5.2595196,replica_02_seed20260922,True
6700.0,2.1157959,5.2340984,replica_02_seed20260922,True
6710.0,2.1837976,5.2866077,replica_02_seed20260922,True
6720.0,2.6427672,5.2825146,replica_02_seed20260922,True
6730.0,2.733251,5.0733967,replica_02_seed20260922,True
6740.0,2.3423452,5.2289886,replica_02_seed20260922,True
6750.0,1.9435483,5.1662884,replica_02_seed20260922,True
6760.0,2.225177,5.243221,replica_02_seed20260922,True
6770.0,2.4893107,5.2028503,replica_02_seed20260922,True
6780.0,2.555854,5.189307,replica_02_seed20260922,True
6790.0,2.082651,5.1666303,replica_02_seed20260922,True
6800.0,0.9216081,5.223871,replica_02_seed20260922,True
6810.0,0.85059655,5.3261137,replica_02_seed20260922,True
6820.0,1.4158361,5.348665,replica_02_seed20260922,True
6830.0,2.3485458,5.2222366,replica_02_seed20260922,True
6840.0,2.204208,5.2785254,replica_02_seed20260922,True
6850.0,2.0795982,5.1404977,replica_02_seed20260922,True
6860.0,1.6781462,5.367504,replica_02_seed20260922,True
6870.0,1.5800537,5.2905664,replica_02_seed20260922,True
6880.0,2.2426014,5.334682,replica_02_seed20260922,True
6890.0,1.660294,5.170764,replica_02_seed20260922,True
6900.0,1.4395528,5.234122,replica_02_seed20260922,True
6910.0,1.3964218,5.152598,replica_02_seed20260922,True
6920.0,1.4385587,5.2434435,replica_02_seed20260922,True
6930.0,1.2429203,5.324461,replica_02_seed20260922,True
6940.0,1.6064953,5.1092386,replica_02_seed20260922,True
6950.0,1.4035313,5.2101707,replica_02_seed20260922,True
6960.0,1.7637415,5.273061,replica_02_seed20260922,True
6970.0,1.1160105,5.249558,replica_02_seed20260922,True
6980.0,0.7595957,5.17634,replica_02_seed20260922,True
6990.0,1.0876673,5.378627,replica_02_seed20260922,True
7000.0,1.0559195,5.2396226,replica_02_seed20260922,True
7010.0,0.9712355,5.356164,replica_02_seed20260922,True
7020.0,1.0033152,5.364951,replica_02_seed20260922,True
7030.0,0.9809537,5.2545094,replica_02_seed20260922,True
7040.0,1.2100341,5.3366737,replica_02_seed20260922,True
7050.0,1.0477625,5.1699305,replica_02_seed20260922,True
7060.0,1.210088,5.1845317,replica_02_seed20260922,True
7070.0,1.0626239,5.308376,replica_02_seed20260922,True
7080.0,1.8831289,5.311116,replica_02_seed20260922,True
7090.0,1.5584991,5.2344666,replica_02_seed20260922,True
7100.0,1.208124,5.0746803,replica_02_seed20260922,True
7110.0,1.2453042,5.2513323,replica_02_seed20260922,True
7120.0,2.1138034,5.2702184,replica_02_seed20260922,True
7130.0,2.5951676,5.2063503,replica_02_seed20260922,True
7140.0,2.4303374,5.281816,replica_02_seed20260922,True
7150.0,2.1731064,5.309375,replica_02_seed20260922,True
7160.0,2.3924878,5.2974944,replica_02_seed20260922,True
7170.0,1.8318857,5.322071,replica_02_seed20260922,True
7180.0,1.9655294,5.2276416,replica_02_seed20260922,True
7190.0,2.548842,5.2393575,replica_02_seed20260922,True
7200.0,2.5135903,5.279119,replica_02_seed20260922,True
7210.0,2.5502477,5.2432585,replica_02_seed20260922,True
7220.0,2.6487331,5.2174206,replica_02_seed20260922,True
7230.0,2.7750616,5.1489635,replica_02_seed20260922,True
7240.0,2.6174693,5.2717376,replica_02_seed20260922,True
7250.0,2.528017,5.263936,replica_02_seed20260922,True
7260.0,2.2378387,5.32561,replica_02_seed20260922,True
7270.0,2.0369668,5.205327,replica_02_seed20260922,True
7280.0,2.5588453,5.228283,replica_02_seed20260922,True
7290.0,2.5630162,5.334922,replica_02_seed20260922,True
7300.0,2.6061544,5.1295094,replica_02_seed20260922,True
7310.0,2.4748259,5.225627,replica_02_seed20260922,True
7320.0,1.2753748,5.2419367,replica_02_seed20260922,True
7330.0,0.96315336,5.1693625,replica_02_seed20260922,True
7340.0,0.9337286,5.374303,replica_02_seed20260922,True
7350.0,1.7068421,5.246931,replica_02_seed20260922,True
7360.0,1.7771659,5.2931075,replica_02_seed20260922,True
7370.0,1.8988353,5.2196527,replica_02_seed20260922,True
7380.0,1.2936683,5.366406,replica_02_seed20260922,True
7390.0,2.0206351,5.3253074,replica_02_seed20260922,True
7400.0,2.0280855,5.313221,replica_02_seed20260922,True
7410.0,2.085827,5.2938943,replica_02_seed20260922,True
7420.0,1.5623524,5.326774,replica_02_seed20260922,True
7430.0,0.7021681,5.108428,replica_02_seed20260922,True
7440.0,0.61602956,5.205947,replica_02_seed20260922,True
7450.0,0.9483523,5.3105216,replica_02_seed20260922,True
7460.0,1.4545996,5.3581057,replica_02_seed20260922,True
7470.0,1.1587604,5.048547,replica_02_seed20260922,True
7480.0,1.7521212,5.545778,replica_02_seed20260922,True
7490.0,1.8698133,5.5986776,replica_02_seed20260922,True
7500.0,1.7563398,5.41449,replica_02_seed20260922,True
7510.0,2.0917108,5.581851,replica_02_seed20260922,True
7520.0,2.1985962,5.611727,replica_02_seed20260922,True
7530.0,1.9105266,5.543623,replica_02_seed20260922,True
7540.0,1.8441007,5.5349374,replica_02_seed20260922,True
7550.0,1.8532385,5.5035496,replica_02_seed20260922,True
7560.0,2.0298252,5.576291,replica_02_seed20260922,True
7570.0,1.9013264,5.5915413,replica_02_seed20260922,True
7580.0,1.773747,5.451694,replica_02_seed20260922,True
7590.0,1.6055431,5.4886312,replica_02_seed20260922,True
7600.0,2.221594,5.469485,replica_02_seed20260922,True
7610.0,2.1878967,5.5525684,replica_02_seed20260922,True
7620.0,2.2336342,5.628099,replica_02_seed20260922,True
7630.0,2.1351686,5.6041174,replica_02_seed20260922,True
7640.0,2.1381502,5.5826373,replica_02_seed20260922,True
7650.0,2.2280412,5.5938435,replica_02_seed20260922,True
7660.0,2.0694494,5.6403594,replica_02_seed20260922,True
7670.0,1.8352604,5.494975,replica_02_seed20260922,True
7680.0,1.8453604,5.5213237,replica_02_seed20260922,True
7690.0,2.1167603,5.612812,replica_02_seed20260922,True
7700.0,2.2384565,5.467455,replica_02_seed20260922,True
7710.0,2.2188165,5.3509355,replica_02_seed20260922,True
7720.0,1.8344946,5.5187454,replica_02_seed20260922,True
7730.0,1.5931504,5.570745,replica_02_seed20260922,True
7740.0,1.6365616,5.283239,replica_02_seed20260922,True
7750.0,1.6165556,5.611727,replica_02_seed20260922,True
7760.0,1.8786298,5.5661716,replica_02_seed20260922,True
7770.0,1.6736052,5.507484,replica_02_seed20260922,True
7780.0,1.5937548,5.593603,replica_02_seed20260922,True
7790.0,1.4898155,5.5249076,replica_02_seed20260922,True
7800.0,1.4081385,5.505,replica_02_seed20260922,True
7810.0,1.577685,5.538127,replica_02_seed20260922,True
7820.0,1.5637548,5.464766,replica_02_seed20260922,True
7830.0,1.8757703,5.418948,replica_02_seed20260922,True
7840.0,1.4437435,5.444745,replica_02_seed20260922,True
7850.0,1.5341256,5.572961,replica_02_seed20260922,True
7860.0,1.5183355,5.5248413,replica_02_seed20260922,True
7870.0,1.6609393,5.5751657,replica_02_seed20260922,True
7880.0,1.9383639,5.581888,replica_02_seed20260922,True
7890.0,1.602009,5.5207186,replica_02_seed20260922,True
7900.0,1.6001308,5.5485353,replica_02_seed20260922,True
7910.0,1.8209709,5.3986077,replica_02_seed20260922,True
7920.0,1.6190963,5.4403024,replica_02_seed20260922,True
7930.0,1.5246974,5.492673,replica_02_seed20260922,True
7940.0,1.6920985,5.491142,replica_02_seed20260922,True
7950.0,1.6689775,5.579956,replica_02_seed20260922,True
7960.0,1.6219504,5.560639,replica_02_seed20260922,True
7970.0,1.5905962,5.554511,replica_02_seed20260922,True
7980.0,1.4936788,5.5893736,replica_02_seed20260922,True
7990.0,1.691706,5.5809474,replica_02_seed20260922,True
8000.0,1.5483902,5.4874916,replica_02_seed20260922,True
8010.0,1.4640211,5.500288,replica_02_seed20260922,True
8020.0,1.6044182,5.603907,replica_02_seed20260922,True
8030.0,1.694282,5.498622,replica_02_seed20260922,True
8040.0,1.6368228,5.5785656,replica_02_seed20260922,True
8050.0,1.7720021,5.6216917,replica_02_seed20260922,True
8060.0,2.0249457,5.533957,replica_02_seed20260922,True
8070.0,1.6177115,5.547942,replica_02_seed20260922,True
8080.0,1.6641916,5.4359813,replica_02_seed20260922,True
8090.0,1.716742,5.6302,replica_02_seed20260922,True
8100.0,1.9064825,5.527435,replica_02_seed20260922,True
8110.0,1.6894137,5.577389,replica_02_seed20260922,True
8120.0,1.9684265,5.5237103,replica_02_seed20260922,True
8130.0,1.9518714,5.552417,replica_02_seed20260922,True
8140.0,2.090107,5.546157,replica_02_seed20260922,True
8150.0,2.1852872,5.614398,replica_02_seed20260922,True
8160.0,2.1451516,5.5906076,replica_02_seed20260922,True
8170.0,2.1440303,5.540364,replica_02_seed20260922,True
8180.0,2.2061236,5.602581,replica_02_seed20260922,True
8190.0,2.178162,5.659216,replica_02_seed20260922,True
8200.0,2.1929152,5.6269608,replica_02_seed20260922,True
8210.0,2.1380029,5.631523,replica_02_seed20260922,True
8220.0,2.2473164,5.5561953,replica_02_seed20260922,True
8230.0,1.8353384,5.569634,replica_02_seed20260922,True
8240.0,1.7199463,5.506254,replica_02_seed20260922,True
8250.0,1.6338603,5.5484014,replica_02_seed20260922,True
8260.0,1.2983214,5.497322,replica_02_seed20260922,True
8270.0,1.7208589,5.564771,replica_02_seed20260922,True
8280.0,1.4201773,5.1853685,replica_02_seed20260922,True
8290.0,1.717329,5.4220133,replica_02_seed20260922,True
8300.0,1.7791681,5.3547697,replica_02_seed20260922,True
8310.0,2.5946617,5.4606,replica_02_seed20260922,True
8320.0,2.131159,5.4255524,replica_02_seed20260922,True
8330.0,2.0362885,5.3513527,replica_02_seed20260922,True
8340.0,2.4554207,5.3146453,replica_02_seed20260922,True
8350.0,1.3315816,5.306661,replica_02_seed20260922,True
8360.0,1.3475596,5.353399,replica_02_seed20260922,True
8370.0,1.8611609,5.279961,replica_02_seed20260922,True
8380.0,1.8520675,5.4412613,replica_02_seed20260922,True
8390.0,2.200254,5.4899383,replica_02_seed20260922,True
8400.0,2.2431474,5.483652,replica_02_seed20260922,True
8410.0,1.5690942,5.2844706,replica_02_seed20260922,True
8420.0,1.888768,5.283962,replica_02_seed20260922,True
8430.0,1.9679806,5.3383994,replica_02_seed20260922,True
8440.0,1.4995794,5.3787613,replica_02_seed20260922,True
8450.0,1.5725265,5.445678,replica_02_seed20260922,True
8460.0,1.9966512,5.440841,replica_02_seed20260922,True
8470.0,2.7579327,5.379879,replica_02_seed20260922,True
8480.0,2.6160953,5.421452,replica_02_seed20260922,True
8490.0,2.7148027,5.4015565,replica_02_seed20260922,True
8500.0,2.605317,5.4486046,replica_02_seed20260922,True
8510.0,2.0569112,5.420635,replica_02_seed20260922,True
8520.0,2.5593758,5.462205,replica_02_seed20260922,True
8530.0,2.6164737,5.3268867,replica_02_seed20260922,True
8540.0,2.5247872,5.4507475,replica_02_seed20260922,True
8550.0,2.4896612,5.386936,replica_02_seed20260922,True
8560.0,2.4873195,5.538266,replica_02_seed20260922,True
8570.0,2.4355907,5.468378,replica_02_seed20260922,True
8580.0,2.5035896,5.3632603,replica_02_seed20260922,True
8590.0,2.5124931,5.4687634,replica_02_seed20260922,True
8600.0,2.5745597,5.469509,replica_02_seed20260922,True
8610.0,2.5520997,5.3524218,replica_02_seed20260922,True
8620.0,2.488223,5.3852615,replica_02_seed20260922,True
8630.0,2.1565838,5.4165597,replica_02_seed20260922,True
8640.0,2.5641742,5.4188924,replica_02_seed20260922,True
8650.0,2.549794,5.541992,replica_02_seed20260922,True
8660.0,2.574327,5.406387,replica_02_seed20260922,True
8670.0,2.6190033,5.415531,replica_02_seed20260922,True
8680.0,2.6134005,5.360327,replica_02_seed20260922,True
8690.0,2.569541,5.326254,replica_02_seed20260922,True
8700.0,2.5740557,5.418172,replica_02_seed20260922,True
8710.0,2.634315,5.3222823,replica_02_seed20260922,True
8720.0,2.5112476,5.413845,replica_02_seed20260922,True
8730.0,2.741184,5.346442,replica_02_seed20260922,True
8740.0,2.377898,5.1922197,replica_02_seed20260922,True
8750.0,2.072276,5.5028305,replica_02_seed20260922,True
8760.0,1.715979,5.377188,replica_02_seed20260922,True
8770.0,1.5550727,5.499034,replica_02_seed20260922,True
8780.0,1.4827702,5.5952396,replica_02_seed20260922,True
8790.0,1.4599919,5.3018613,replica_02_seed20260922,True
8800.0,1.4180996,5.528884,replica_02_seed20260922,True
8810.0,1.5603867,5.457244,replica_02_seed20260922,True
8820.0,1.5148329,5.4410734,replica_02_seed20260922,True
8830.0,1.7484324,5.4428844,replica_02_seed20260922,True
8840.0,1.4035392,5.4058456,replica_02_seed20260922,True
8850.0,1.5222685,5.381634,replica_02_seed20260922,True
8860.0,1.7674469,5.4938946,replica_02_seed20260922,True
8870.0,1.9007646,5.4896755,replica_02_seed20260922,True
8880.0,1.8363409,5.468559,replica_02_seed20260922,True
8890.0,1.5295143,5.39556,replica_02_seed20260922,True
8900.0,1.3284744,5.5152597,replica_02_seed20260922,True
8910.0,1.6446108,5.361725,replica_02_seed20260922,True
8920.0,1.4537165,5.4498315,replica_02_seed20260922,True
8930.0,1.4331067,5.4392505,replica_02_seed20260922,True
8940.0,1.2845021,5.292411,replica_02_seed20260922,True
8950.0,1.8735803,5.4595556,replica_02_seed20260922,True
8960.0,1.963029,5.4433446,replica_02_seed20260922,True
8970.0,1.6508529,5.421545,replica_02_seed20260922,True
8980.0,2.321748,5.4233956,replica_02_seed20260922,True
8990.0,2.6169417,5.3894954,replica_02_seed20260922,True
9000.0,2.8167458,5.2193766,replica_02_seed20260922,True
9010.0,2.5270555,5.445902,replica_02_seed20260922,True
9020.0,2.507855,5.5073285,replica_02_seed20260922,True
9030.0,2.5802634,5.3968806,replica_02_seed20260922,True
9040.0,2.5687697,5.446077,replica_02_seed20260922,True
9050.0,2.3423193,5.4966903,replica_02_seed20260922,True
9060.0,2.558442,5.4415984,replica_02_seed20260922,True
9070.0,2.7121546,5.21977,replica_02_seed20260922,True
9080.0,2.6141248,5.4297633,replica_02_seed20260922,True
9090.0,2.2484293,5.3353624,replica_02_seed20260922,True
9100.0,2.6569448,5.489223,replica_02_seed20260922,True
9110.0,2.6305327,5.422172,replica_02_seed20260922,True
9120.0,2.5307727,5.295298,replica_02_seed20260922,True
9130.0,2.5275378,5.450243,replica_02_seed20260922,True
9140.0,2.0134761,5.296625,replica_02_seed20260922,True
9150.0,2.5101614,5.4453583,replica_02_seed20260922,True
9160.0,2.3784258,5.447445,replica_02_seed20260922,True
9170.0,2.6248791,5.434151,replica_02_seed20260922,True
9180.0,2.566442,5.4158545,replica_02_seed20260922,True
9190.0,2.2693276,5.5463295,replica_02_seed20260922,True
9200.0,2.5756571,5.5472636,replica_02_seed20260922,True
9210.0,2.2836652,5.4367905,replica_02_seed20260922,True
9220.0,2.604466,5.251181,replica_02_seed20260922,True
9230.0,2.398547,5.462215,replica_02_seed20260922,True
9240.0,2.5881135,5.3605146,replica_02_seed20260922,True
9250.0,2.4911387,5.4285774,replica_02_seed20260922,True
9260.0,2.594279,5.453877,replica_02_seed20260922,True
9270.0,2.6093986,5.2759056,replica_02_seed20260922,True
9280.0,2.598545,5.569807,replica_02_seed20260922,True
9290.0,2.6317487,5.426293,replica_02_seed20260922,True
9300.0,2.5920134,5.346485,replica_02_seed20260922,True
9310.0,2.3349266,5.543233,replica_02_seed20260922,True
9320.0,2.0406528,5.44965,replica_02_seed20260922,True
9330.0,2.1125329,5.5556116,replica_02_seed20260922,True
9340.0,2.3037865,5.399618,replica_02_seed20260922,True
9350.0,2.5626826,5.4216604,replica_02_seed20260922,True
9360.0,2.533579,5.3971486,replica_02_seed20260922,True
9370.0,2.6386352,5.3355575,replica_02_seed20260922,True
9380.0,2.67329,5.297549,replica_02_seed20260922,True
9390.0,2.556387,5.39682,replica_02_seed20260922,True
9400.0,2.55683,5.395329,replica_02_seed20260922,True
9410.0,2.3144505,5.425515,replica_02_seed20260922,True
9420.0,2.3963995,5.487661,replica_02_seed20260922,True
9430.0,2.418559,5.4325933,replica_02_seed20260922,True
9440.0,2.6268744,5.382273,replica_02_seed20260922,True
9450.0,2.54673,5.468492,replica_02_seed20260922,True
9460.0,2.477402,5.2812653,replica_02_seed20260922,True
9470.0,2.3489816,5.4664288,replica_02_seed20260922,True
9480.0,2.4794536,5.500202,replica_02_seed20260922,True
9490.0,2.5376925,5.4445214,replica_02_seed20260922,True
9500.0,2.5749419,5.428224,replica_02_seed20260922,True
9510.0,2.572916,5.40429,replica_02_seed20260922,True
9520.0,2.5836363,5.5853615,replica_02_seed20260922,True
9530.0,2.6687405,5.385684,replica_02_seed20260922,True
9540.0,2.3111076,5.351822,replica_02_seed20260922,True
9550.0,2.4286954,5.32975,replica_02_seed20260922,True
9560.0,2.6317344,5.4191375,replica_02_seed20260922,True
9570.0,2.4796202,5.3323956,replica_02_seed20260922,True
9580.0,2.5873568,5.4770145,replica_02_seed20260922,True
9590.0,2.562716,5.161273,replica_02_seed20260922,True
9600.0,2.5108483,5.375135,replica_02_seed20260922,True
9610.0,2.5722723,5.4513793,replica_02_seed20260922,True
9620.0,2.4830697,5.441881,replica_02_seed20260922,True
9630.0,2.6038027,5.4058833,replica_02_seed20260922,True
9640.0,2.5105774,5.4841595,replica_02_seed20260922,True
9650.0,2.6544237,5.5151486,replica_02_seed20260922,True
9660.0,2.6655502,5.414548,replica_02_seed20260922,True
9670.0,2.1179056,5.460859,replica_02_seed20260922,True
9680.0,1.7342478,5.3156834,replica_02_seed20260922,True
9690.0,2.0782099,5.4088573,replica_02_seed20260922,True
9700.0,2.431162,5.4641557,replica_02_seed20260922,True
9710.0,2.5324345,5.4345818,replica_02_seed20260922,True
9720.0,2.4401762,5.367078,replica_02_seed20260922,True
9730.0,2.4452672,5.4085817,replica_02_seed20260922,True
9740.0,2.1957445,5.4927263,replica_02_seed20260922,True
9750.0,2.0175145,5.546012,replica_02_seed20260922,True
9760.0,1.8136599,5.5789375,replica_02_seed20260922,True
9770.0,2.178664,5.3171444,replica_02_seed20260922,True
9780.0,2.0019484,5.5765395,replica_02_seed20260922,True
9790.0,2.1912794,5.5933247,replica_02_seed20260922,True
9800.0,2.0039005,5.5523596,replica_02_seed20260922,True
9810.0,1.8473954,5.4587326,replica_02_seed20260922,True
9820.0,1.9824909,5.5394564,replica_02_seed20260922,True
9830.0,1.725996,5.5668473,replica_02_seed20260922,True
9840.0,2.1551137,5.5691023,replica_02_seed20260922,True
9850.0,2.2066336,5.556392,replica_02_seed20260922,True
9860.0,1.9417787,5.554492,replica_02_seed20260922,True
9870.0,2.268428,5.4328294,replica_02_seed20260922,True
9880.0,2.3385549,5.5216985,replica_02_seed20260922,True
9890.0,1.5757536,5.6077566,replica_02_seed20260922,True
9900.0,1.6625595,5.564654,replica_02_seed20260922,True
9910.0,2.0513983,5.6760097,replica_02_seed20260922,True
9920.0,2.2524495,5.690849,replica_02_seed20260922,True
9930.0,1.893296,5.4840617,replica_02_seed20260922,True
9940.0,1.8772687,5.5850277,replica_02_seed20260922,True
9950.0,1.7419477,5.5717716,replica_02_seed20260922,True
9960.0,1.7642586,5.5348434,replica_02_seed20260922,True
9970.0,1.8960776,5.5599174,replica_02_seed20260922,True
9980.0,2.1418638,5.591958,replica_02_seed20260922,True
9990.0,1.9554398,5.495088,replica_02_seed20260922,True
10000.0,1.9773626,5.44529,replica_02_seed20260922,True
10.0,2.5730789,5.1546354,replica_03_seed20260923,False
20.0,2.4305632,5.288512,replica_03_seed20260923,False
30.0,2.3798778,5.3639574,replica_03_seed20260923,False
40.0,2.3218904,5.282587,replica_03_seed20260923,False
50.0,1.7095535,5.1459084,replica_03_seed20260923,False
60.0,0.98614925,5.1418996,replica_03_seed20260923,False
70.0,1.3804669,5.335488,replica_03_seed20260923,False
80.0,1.4224933,5.2732687,replica_03_seed20260923,False
90.0,0.7392434,5.0997314,replica_03_seed20260923,False
100.0,1.1586274,5.358915,replica_03_seed20260923,False
110.0,1.1730247,5.3334136,replica_03_seed20260923,False
120.0,1.596499,5.3132625,replica_03_seed20260923,False
130.0,1.0668008,5.3662066,replica_03_seed20260923,False
140.0,1.2637312,5.4440565,replica_03_seed20260923,False
150.0,1.2156667,5.3392134,replica_03_seed20260923,False
160.0,1.5216398,5.492303,replica_03_seed20260923,False
170.0,1.2890922,5.41429,replica_03_seed20260923,False
180.0,1.6611469,5.386985,replica_03_seed20260923,False
190.0,1.7760466,5.3991146,replica_03_seed20260923,False
200.0,2.107375,5.358462,replica_03_seed20260923,False
210.0,1.8218707,5.2810335,replica_03_seed20260923,False
220.0,1.671756,5.4135127,replica_03_seed20260923,False
230.0,1.8716162,5.3167577,replica_03_seed20260923,False
240.0,1.2840762,5.4454145,replica_03_seed20260923,False
250.0,0.93950355,5.1879954,replica_03_seed20260923,False
260.0,1.6881298,5.3979974,replica_03_seed20260923,False
270.0,1.5322409,5.321899,replica_03_seed20260923,False
280.0,1.8481481,5.256036,replica_03_seed20260923,False
290.0,1.9377718,5.3727765,replica_03_seed20260923,False
300.0,1.6425035,5.2623043,replica_03_seed20260923,False
310.0,1.7992122,5.3056054,replica_03_seed20260923,False
320.0,1.8136889,5.4215946,replica_03_seed20260923,False
330.0,1.2760812,5.2617316,replica_03_seed20260923,False
340.0,1.1809787,5.4045525,replica_03_seed20260923,False
350.0,1.3040774,5.308819,replica_03_seed20260923,False
360.0,1.4940279,5.3805723,replica_03_seed20260923,False
370.0,1.3943475,5.404814,replica_03_seed20260923,False
380.0,1.3933839,5.173592,replica_03_seed20260923,False
390.0,1.6126257,5.36463,replica_03_seed20260923,False
400.0,2.196814,5.2413254,replica_03_seed20260923,False
410.0,1.8104277,5.3913827,replica_03_seed20260923,False
420.0,1.9690504,5.374303,replica_03_seed20260923,False
430.0,1.3477883,5.4578447,replica_03_seed20260923,False
440.0,1.2763737,5.38621,replica_03_seed20260923,False
450.0,1.2502365,5.463929,replica_03_seed20260923,False
460.0,1.0983875,5.390518,replica_03_seed20260923,False
470.0,1.1101674,5.415709,replica_03_seed20260923,False
480.0,1.1435988,5.4196067,replica_03_seed20260923,False
490.0,1.48553,5.1889,replica_03_seed20260923,False
500.0,1.148716,5.320034,replica_03_seed20260923,False
510.0,1.5672678,5.311022,replica_03_seed20260923,False
520.0,1.2656817,5.3628674,replica_03_seed20260923,False
530.0,1.355622,5.3439355,replica_03_seed20260923,False
540.0,1.3180579,5.4353743,replica_03_seed20260923,False
550.0,1.4493692,5.4310083,replica_03_seed20260923,False
560.0,1.5678701,5.3770046,replica_03_seed20260923,False
570.0,2.1162286,5.37327,replica_03_seed20260923,False
580.0,1.9970977,5.336564,replica_03_seed20260923,False
590.0,1.9086139,5.2337956,replica_03_seed20260923,False
600.0,1.794392,5.3783903,replica_03_seed20260923,False
610.0,1.7300111,5.296821,replica_03_seed20260923,False
620.0,1.5533106,5.3059654,replica_03_seed20260923,False
630.0,1.6116784,5.2895684,replica_03_seed20260923,False
640.0,1.1129214,5.361021,replica_03_seed20260923,False
650.0,1.2347834,5.4624696,replica_03_seed20260923,False
660.0,1.4859695,5.180334,replica_03_seed20260923,False
670.0,1.1463169,5.410042,replica_03_seed20260923,False
680.0,1.0278894,5.3635893,replica_03_seed20260923,False
690.0,1.1153553,5.393894,replica_03_seed20260923,False
700.0,1.1652126,5.4401917,replica_03_seed20260923,False
710.0,1.2293237,5.3702316,replica_03_seed20260923,False
720.0,1.558954,5.386483,replica_03_seed20260923,False
730.0,1.7104383,5.4192786,replica_03_seed20260923,False
740.0,1.4715471,5.407104,replica_03_seed20260923,False
750.0,1.2203059,5.189063,replica_03_seed20260923,False
760.0,1.23563,5.2535896,replica_03_seed20260923,False
770.0,2.0362854,5.4039264,replica_03_seed20260923,False
780.0,1.7725438,5.3440547,replica_03_seed20260923,False
790.0,1.5805998,5.230917,replica_03_seed20260923,False
800.0,1.1767287,5.3503914,replica_03_seed20260923,False
810.0,1.1429843,5.297533,replica_03_seed20260923,False
820.0,1.222366,5.31355,replica_03_seed20260923,False
830.0,1.1638396,5.3169274,replica_03_seed20260923,False
840.0,1.1987983,5.4886637,replica_03_seed20260923,False
850.0,1.2491783,5.2905345,replica_03_seed20260923,False
860.0,1.0891335,5.3676643,replica_03_seed20260923,False
870.0,1.2140678,5.3779173,replica_03_seed20260923,False
880.0,0.9580604,5.3411818,replica_03_seed20260923,False
890.0,1.12877,5.3307247,replica_03_seed20260923,False
900.0,1.3500907,5.385039,replica_03_seed20260923,False
910.0,1.3595817,5.3065395,replica_03_seed20260923,False
920.0,1.621727,5.482974,replica_03_seed20260923,False
930.0,2.089825,5.2492247,replica_03_seed20260923,False
940.0,2.156263,5.401859,replica_03_seed20260923,False
950.0,2.1073637,5.4382887,replica_03_seed20260923,False
960.0,1.5950757,5.3531938,replica_03_seed20260923,False
970.0,1.1270423,5.303082,replica_03_seed20260923,False
980.0,1.2873869,5.2960973,replica_03_seed20260923,False
990.0,2.3329027,5.428728,replica_03_seed20260923,False
1000.0,1.8197407,5.390027,replica_03_seed20260923,False
1010.0,1.697375,5.4781985,replica_03_seed20260923,False
1020.0,1.4472029,5.372777,replica_03_seed20260923,False
1030.0,0.9418032,5.310875,replica_03_seed20260923,False
1040.0,1.4523578,5.369606,replica_03_seed20260923,False
1050.0,1.295711,5.334772,replica_03_seed20260923,False
1060.0,2.0385237,5.3552027,replica_03_seed20260923,False
1070.0,1.9328414,5.33965,replica_03_seed20260923,False
1080.0,2.1952457,5.309751,replica_03_seed20260923,False
1090.0,2.373109,5.3929086,replica_03_seed20260923,False
1100.0,2.2857926,5.230603,replica_03_seed20260923,False
1110.0,1.8374813,5.396375,replica_03_seed20260923,False
1120.0,2.1488008,5.3691025,replica_03_seed20260923,False
1130.0,2.1335936,5.293317,replica_03_seed20260923,False
1140.0,2.0321612,5.3627768,replica_03_seed20260923,False
1150.0,2.3462605,5.4492235,replica_03_seed20260923,False
1160.0,2.313086,5.3366523,replica_03_seed20260923,False
1170.0,2.4529474,5.3449593,replica_03_seed20260923,False
1180.0,2.2768996,5.3337765,replica_03_seed20260923,False
1190.0,2.148396,5.431524,replica_03_seed20260923,False
1200.0,1.7865402,5.340224,replica_03_seed20260923,False
1210.0,1.9347607,5.270418,replica_03_seed20260923,False
1220.0,1.7432922,5.4366083,replica_03_seed20260923,False
1230.0,1.1641783,5.3349056,replica_03_seed20260923,False
1240.0,1.8455929,5.409464,replica_03_seed20260923,False
1250.0,1.4967405,5.357253,replica_03_seed20260923,False
1260.0,1.5411092,5.390954,replica_03_seed20260923,False
1270.0,1.5893985,5.3880653,replica_03_seed20260923,False
1280.0,1.629703,5.3201427,replica_03_seed20260923,False
1290.0,1.5919377,5.3361673,replica_03_seed20260923,False
1300.0,1.3759081,5.2155995,replica_03_seed20260923,False
1310.0,1.6252222,5.22991,replica_03_seed20260923,False
1320.0,1.8946849,5.4037514,replica_03_seed20260923,False
1330.0,1.5305095,5.38194,replica_03_seed20260923,False
1340.0,1.7817471,5.449437,replica_03_seed20260923,False
1350.0,2.0158885,5.3701587,replica_03_seed20260923,False
1360.0,1.6788243,5.2721257,replica_03_seed20260923,False
1370.0,1.8235745,5.354474,replica_03_seed20260923,False
1380.0,2.0271957,5.3156943,replica_03_seed20260923,False
1390.0,1.50618,5.3281183,replica_03_seed20260923,False
1400.0,1.4334638,5.347307,replica_03_seed20260923,False
1410.0,1.4597242,5.2394576,replica_03_seed20260923,False
1420.0,1.714361,5.4123588,replica_03_seed20260923,False
1430.0,1.381107,5.428581,replica_03_seed20260923,False
1440.0,1.236075,5.2859635,replica_03_seed20260923,False
1450.0,1.2057179,5.378624,replica_03_seed20260923,False
1460.0,1.6717314,5.4395285,replica_03_seed20260923,False
1470.0,2.0216007,5.3625255,replica_03_seed20260923,False
1480.0,2.070902,5.4398794,replica_03_seed20260923,False
1490.0,2.300228,5.2398057,replica_03_seed20260923,False
1500.0,1.1228119,5.372329,replica_03_seed20260923,False
1510.0,1.567864,5.4599137,replica_03_seed20260923,False
1520.0,1.2888701,5.4682593,replica_03_seed20260923,False
1530.0,1.2556608,5.3439035,replica_03_seed20260923,False
1540.0,1.3886546,5.4124727,replica_03_seed20260923,False
1550.0,1.2360932,5.4179406,replica_03_seed20260923,False
1560.0,1.3074077,5.3749237,replica_03_seed20260923,False
1570.0,1.1659791,5.406249,replica_03_seed20260923,False
1580.0,1.0947697,5.2795334,replica_03_seed20260923,False
1590.0,1.2226261,5.368491,replica_03_seed20260923,False
1600.0,1.0624473,5.3727045,replica_03_seed20260923,False
1610.0,1.0627406,5.234724,replica_03_seed20260923,False
1620.0,1.0726521,5.3514824,replica_03_seed20260923,False
1630.0,1.0673938,5.329978,replica_03_seed20260923,False
1640.0,1.2656817,5.374387,replica_03_seed20260923,False
1650.0,1.2095532,5.415774,replica_03_seed20260923,False
1660.0,1.1125185,5.2781887,replica_03_seed20260923,False
1670.0,1.2422268,5.4445653,replica_03_seed20260923,False
1680.0,1.0204245,5.3053503,replica_03_seed20260923,False
1690.0,1.073523,5.4219837,replica_03_seed20260923,False
1700.0,1.5636542,5.35788,replica_03_seed20260923,False
1710.0,1.2950732,5.4988456,replica_03_seed20260923,False
1720.0,1.1641647,5.3876867,replica_03_seed20260923,False
1730.0,1.4218886,5.2864957,replica_03_seed20260923,False
1740.0,1.4287257,5.357355,replica_03_seed20260923,False
1750.0,1.9657575,5.4176626,replica_03_seed20260923,False
1760.0,1.5627055,5.4406366,replica_03_seed20260923,False
1770.0,2.1620302,5.296649,replica_03_seed20260923,False
1780.0,2.1207557,5.3735304,replica_03_seed20260923,False
1790.0,2.0390046,5.3994226,replica_03_seed20260923,False
1800.0,2.0294964,5.4131775,replica_03_seed20260923,False
1810.0,1.8691373,5.3409033,replica_03_seed20260923,False
1820.0,1.0823379,5.4092984,replica_03_seed20260923,False
1830.0,1.2889934,5.3626657,replica_03_seed20260923,False
1840.0,1.5604744,5.4551816,replica_03_seed20260923,False
1850.0,1.360075,5.3484955,replica_03_seed20260923,False
1860.0,1.5865409,5.3642216,replica_03_seed20260923,False
1870.0,1.930605,5.357066,replica_03_seed20260923,False
1880.0,1.7134845,5.3457527,replica_03_seed20260923,False
1890.0,1.9657768,5.473954,replica_03_seed20260923,False
1900.0,1.997533,5.41929,replica_03_seed20260923,False
1910.0,1.4391607,5.3540154,replica_03_seed20260923,False
1920.0,1.4496181,5.3220315,replica_03_seed20260923,False
1930.0,1.7064844,5.346048,replica_03_seed20260923,False
1940.0,1.7470691,5.389637,replica_03_seed20260923,False
1950.0,2.1507187,5.3788323,replica_03_seed20260923,False
1960.0,1.8843794,5.437307,replica_03_seed20260923,False
1970.0,1.9281162,5.2971177,replica_03_seed20260923,False
1980.0,1.7155862,5.4439116,replica_03_seed20260923,False
1990.0,1.5007323,5.160119,replica_03_seed20260923,False
2000.0,1.3852072,5.396907,replica_03_seed20260923,False
2010.0,1.1660281,5.450713,replica_03_seed20260923,True
2020.0,1.23129,5.363217,replica_03_seed20260923,True
2030.0,1.0724566,5.3849435,replica_03_seed20260923,True
2040.0,0.9948324,5.34962,replica_03_seed20260923,True
2050.0,1.2617424,5.3710175,replica_03_seed20260923,True
2060.0,1.5167475,5.3099914,replica_03_seed20260923,True
2070.0,2.1996515,5.4243536,replica_03_seed20260923,True
2080.0,1.3980927,5.3737087,replica_03_seed20260923,True
2090.0,1.8799949,5.4046288,replica_03_seed20260923,True
2100.0,1.8709021,5.441075,replica_03_seed20260923,True
2110.0,1.2637589,5.29521,replica_03_seed20260923,True
2120.0,1.2407417,5.331932,replica_03_seed20260923,True
2130.0,1.6034788,5.325386,replica_03_seed20260923,True
2140.0,1.1346519,5.4082556,replica_03_seed20260923,True
2150.0,1.1828372,5.434181,replica_03_seed20260923,True
2160.0,1.1468548,5.414377,replica_03_seed20260923,True
2170.0,1.2322733,5.400876,replica_03_seed20260923,True
2180.0,1.0491421,5.4875445,replica_03_seed20260923,True
2190.0,0.9572903,5.3989143,replica_03_seed20260923,True
2200.0,1.0289589,5.329931,replica_03_seed20260923,True
2210.0,1.4332397,5.3521442,replica_03_seed20260923,True
2220.0,1.2478492,5.3794217,replica_03_seed20260923,True
2230.0,1.7819996,5.2686205,replica_03_seed20260923,True
2240.0,1.807914,5.46907,replica_03_seed20260923,True
2250.0,1.7533925,5.334504,replica_03_seed20260923,True
2260.0,1.7594981,5.3943925,replica_03_seed20260923,True
2270.0,1.9781213,5.371049,replica_03_seed20260923,True
2280.0,1.9347014,5.4451427,replica_03_seed20260923,True
2290.0,2.0830112,5.336084,replica_03_seed20260923,True
2300.0,2.1560707,5.4353333,replica_03_seed20260923,True
2310.0,2.313181,5.348001,replica_03_seed20260923,True
2320.0,2.1219072,5.4392986,replica_03_seed20260923,True
2330.0,2.2549694,5.271854,replica_03_seed20260923,True
2340.0,2.2021372,5.3524666,replica_03_seed20260923,True
2350.0,2.1159182,5.372334,replica_03_seed20260923,True
2360.0,2.0180786,5.3929605,replica_03_seed20260923,True
2370.0,1.9520415,5.3341827,replica_03_seed20260923,True
2380.0,2.0905943,5.32246,replica_03_seed20260923,True
2390.0,1.452174,5.3583884,replica_03_seed20260923,True
2400.0,1.6486918,5.355895,replica_03_seed20260923,True
2410.0,1.4378645,5.317894,replica_03_seed20260923,True
2420.0,1.9507961,5.408456,replica_03_seed20260923,True
2430.0,2.3622339,5.3623013,replica_03_seed20260923,True
2440.0,2.3294096,5.2440834,replica_03_seed20260923,True
2450.0,2.2552814,5.2968884,replica_03_seed20260923,True
2460.0,1.8221943,5.225373,replica_03_seed20260923,True
2470.0,1.7567914,5.272555,replica_03_seed20260923,True
2480.0,1.6767477,5.3829722,replica_03_seed20260923,True
2490.0,1.6696649,5.4093704,replica_03_seed20260923,True
2500.0,1.1859854,5.4614453,replica_03_seed20260923,True
2510.0,1.1781247,5.3312016,replica_03_seed20260923,True
2520.0,1.2664777,5.3112864,replica_03_seed20260923,True
2530.0,1.5483028,5.3240247,replica_03_seed20260923,True
2540.0,1.8214152,5.39545,replica_03_seed20260923,True
2550.0,1.3764174,5.4376144,replica_03_seed20260923,True
2560.0,1.0339426,5.3630667,replica_03_seed20260923,True
2570.0,1.0918243,5.343912,replica_03_seed20260923,True
2580.0,1.0306568,5.388534,replica_03_seed20260923,True
2590.0,1.3932527,5.425414,replica_03_seed20260923,True
2600.0,1.2752849,5.3854947,replica_03_seed20260923,True
2610.0,1.1252384,5.3863993,replica_03_seed20260923,True
2620.0,1.1287446,5.3884172,replica_03_seed20260923,True
2630.0,1.4719814,5.3743277,replica_03_seed20260923,True
2640.0,2.0841103,5.390852,replica_03_seed20260923,True
2650.0,2.003772,5.347581,replica_03_seed20260923,True
2660.0,1.6191278,5.436661,replica_03_seed20260923,True
2670.0,1.8855834,5.4294195,replica_03_seed20260923,True
2680.0,2.0296688,5.307162,replica_03_seed20260923,True
2690.0,2.0338821,5.3305535,replica_03_seed20260923,True
2700.0,2.2912862,5.3893228,replica_03_seed20260923,True
2710.0,1.5996529,5.321178,replica_03_seed20260923,True
2720.0,1.9436669,5.373633,replica_03_seed20260923,True
2730.0,2.063742,5.319731,replica_03_seed20260923,True
2740.0,1.8896664,5.340499,replica_03_seed20260923,True
2750.0,2.0044634,5.485338,replica_03_seed20260923,True
2760.0,1.9784298,5.476008,replica_03_seed20260923,True
2770.0,1.6662972,5.4351926,replica_03_seed20260923,True
2780.0,2.0760303,5.27861,replica_03_seed20260923,True
2790.0,1.2780638,5.3311357,replica_03_seed20260923,True
2800.0,1.4021503,5.3343773,replica_03_seed20260923,True
2810.0,1.4743443,5.4218626,replica_03_seed20260923,True
2820.0,1.9477619,5.3453183,replica_03_seed20260923,True
2830.0,2.261792,5.278389,replica_03_seed20260923,True
2840.0,1.7351851,5.3203006,replica_03_seed20260923,True
2850.0,1.6062479,5.314045,replica_03_seed20260923,True
2860.0,2.5940013,5.308645,replica_03_seed20260923,True
2870.0,2.5455284,5.3102713,replica_03_seed20260923,True
2880.0,2.4613876,5.2949195,replica_03_seed20260923,True
2890.0,1.5460776,5.332383,replica_03_seed20260923,True
2900.0,0.9348038,5.231264,replica_03_seed20260923,True
2910.0,0.9738226,5.160905,replica_03_seed20260923,True
2920.0,0.85924184,5.181072,replica_03_seed20260923,True
2930.0,0.9706675,5.030548,replica_03_seed20260923,True
2940.0,1.4785362,5.2694445,replica_03_seed20260923,True
2950.0,1.7328532,5.271025,replica_03_seed20260923,True
2960.0,2.4294944,5.2620726,replica_03_seed20260923,True
2970.0,2.3355849,5.322239,replica_03_seed20260923,True
2980.0,2.1588311,5.360596,replica_03_seed20260923,True
2990.0,2.2756128,5.346477,replica_03_seed20260923,True
3000.0,2.6630526,5.2395306,replica_03_seed20260923,True
3010.0,2.296436,5.327959,replica_03_seed20260923,True
3020.0,2.596272,5.2548594,replica_03_seed20260923,True
3030.0,2.6979458,5.192303,replica_03_seed20260923,True
3040.0,2.6055956,5.208993,replica_03_seed20260923,True
3050.0,2.6129973,5.0482187,replica_03_seed20260923,True
3060.0,2.456583,5.2774467,replica_03_seed20260923,True
3070.0,1.6898396,5.3750567,replica_03_seed20260923,True
3080.0,1.815144,5.2725387,replica_03_seed20260923,True
3090.0,2.413468,5.1903353,replica_03_seed20260923,True
3100.0,2.6247377,5.1703634,replica_03_seed20260923,True
3110.0,2.0963175,5.352248,replica_03_seed20260923,True
3120.0,2.0551171,5.3600082,replica_03_seed20260923,True
3130.0,1.5172002,5.3890634,replica_03_seed20260923,True
3140.0,1.1604245,5.2157993,replica_03_seed20260923,True
3150.0,2.2833366,5.3950872,replica_03_seed20260923,True
3160.0,2.187505,5.367359,replica_03_seed20260923,True
3170.0,1.1231148,5.254569,replica_03_seed20260923,True
3180.0,0.9555037,5.0677223,replica_03_seed20260923,True
3190.0,1.0770057,5.2433867,replica_03_seed20260923,True
3200.0,1.2817757,5.2487416,replica_03_seed20260923,True
3210.0,1.1536313,5.2564936,replica_03_seed20260923,True
3220.0,1.0822586,5.26027,replica_03_seed20260923,True
3230.0,2.0034268,5.320787,replica_03_seed20260923,True
3240.0,1.8532178,5.2856708,replica_03_seed20260923,True
3250.0,2.1511605,5.402767,replica_03_seed20260923,True
3260.0,2.10789,5.341157,replica_03_seed20260923,True
3270.0,2.1458821,5.402646,replica_03_seed20260923,True
3280.0,2.1363592,5.438613,replica_03_seed20260923,True
3290.0,2.1636946,5.399596,replica_03_seed20260923,True
3300.0,2.0661001,5.3258686,replica_03_seed20260923,True
3310.0,2.1492484,5.314271,replica_03_seed20260923,True
3320.0,2.295041,5.3809953,replica_03_seed20260923,True
3330.0,1.3221204,5.262699,replica_03_seed20260923,True
3340.0,1.2230603,5.314398,replica_03_seed20260923,True
3350.0,1.6473079,5.4067564,replica_03_seed20260923,True
3360.0,1.2341293,5.354368,replica_03_seed20260923,True
3370.0,1.2628077,5.4118223,replica_03_seed20260923,True
3380.0,1.2794584,5.426903,replica_03_seed20260923,True
3390.0,1.2636533,5.3713493,replica_03_seed20260923,True
3400.0,1.3555378,5.4106293,replica_03_seed20260923,True
3410.0,1.5087516,5.458109,replica_03_seed20260923,True
3420.0,1.5814042,5.342168,replica_03_seed20260923,True
3430.0,1.7682102,5.392433,replica_03_seed20260923,True
3440.0,1.6759303,5.4483004,replica_03_seed20260923,True
3450.0,2.3512535,5.365219,replica_03_seed20260923,True
3460.0,1.6982757,5.338981,replica_03_seed20260923,True
3470.0,1.6335957,5.3219147,replica_03_seed20260923,True
3480.0,1.5371251,5.453897,replica_03_seed20260923,True
3490.0,1.7107989,5.433779,replica_03_seed20260923,True
3500.0,1.2925472,5.4367356,replica_03_seed20260923,True
3510.0,1.2427641,5.4684763,replica_03_seed20260923,True
3520.0,1.2660208,5.3743978,replica_03_seed20260923,True
3530.0,1.1349572,5.448245,replica_03_seed20260923,True
3540.0,1.2204427,5.4173117,replica_03_seed20260923,True
3550.0,1.9455575,5.4039407,replica_03_seed20260923,True
3560.0,2.1521754,5.332032,replica_03_seed20260923,True
3570.0,2.0012202,5.383014,replica_03_seed20260923,True
3580.0,1.5951803,5.3227706,replica_03_seed20260923,True
3590.0,1.1470765,5.3353767,replica_03_seed20260923,True
3600.0,1.4397548,5.4416842,replica_03_seed20260923,True
3610.0,1.6977626,5.360403,replica_03_seed20260923,True
3620.0,1.481644,5.3533907,replica_03_seed20260923,True
3630.0,1.8305283,5.3533497,replica_03_seed20260923,True
3640.0,1.4735441,5.3484907,replica_03_seed20260923,True
3650.0,1.6252242,5.42907,replica_03_seed20260923,True
3660.0,1.2774742,5.4151826,replica_03_seed20260923,True
3670.0,1.9231175,5.3870926,replica_03_seed20260923,True
3680.0,2.2945125,5.367203,replica_03_seed20260923,True
3690.0,2.1091385,5.3450294,replica_03_seed20260923,True
3700.0,1.9989632,5.363201,replica_03_seed20260923,True
3710.0,2.199543,5.367075,replica_03_seed20260923,True
3720.0,2.2162762,5.4135017,replica_03_seed20260923,True
3730.0,2.2165666,5.396359,replica_03_seed20260923,True
3740.0,2.2357323,5.2855873,replica_03_seed20260923,True
3750.0,1.9286834,5.3291054,replica_03_seed20260923,True
3760.0,2.0370939,5.482671,replica_03_seed20260923,True
3770.0,2.2004774,5.336237,replica_03_seed20260923,True
3780.0,2.2745445,5.3469234,replica_03_seed20260923,True
3790.0,2.4487953,5.3301535,replica_03_seed20260923,True
3800.0,2.5293944,5.2837076,replica_03_seed20260923,True
3810.0,2.3979876,5.1697245,replica_03_seed20260923,True
3820.0,2.0584152,5.2589617,replica_03_seed20260923,True
3830.0,1.8329508,5.3592587,replica_03_seed20260923,True
3840.0,1.4317774,5.3824215,replica_03_seed20260923,True
3850.0,1.7353711,5.338485,replica_03_seed20260923,True
3860.0,2.413678,5.3339667,replica_03_seed20260923,True
3870.0,2.0309737,5.37122,replica_03_seed20260923,True
3880.0,2.1402156,5.291312,replica_03_seed20260923,True
3890.0,1.9963646,5.2548404,replica_03_seed20260923,True
3900.0,2.2925088,5.2527504,replica_03_seed20260923,True
3910.0,2.305515,5.19424,replica_03_seed20260923,True
3920.0,1.7799933,5.37023,replica_03_seed20260923,True
3930.0,1.6576862,5.3500996,replica_03_seed20260923,True
3940.0,2.4541569,5.2880793,replica_03_seed20260923,True
3950.0,2.4990563,5.2592373,replica_03_seed20260923,True
3960.0,2.476811,5.3062983,replica_03_seed20260923,True
3970.0,2.4038432,5.300331,replica_03_seed20260923,True
3980.0,2.498212,5.2322617,replica_03_seed20260923,True
3990.0,2.6133764,5.104371,replica_03_seed20260923,True
4000.0,1.6858809,5.343242,replica_03_seed20260923,True
4010.0,0.8409823,5.3550587,replica_03_seed20260923,True
4020.0,1.504948,5.369303,replica_03_seed20260923,True
4030.0,1.2749285,5.1815553,replica_03_seed20260923,True
4040.0,1.5769575,5.4185886,replica_03_seed20260923,True
4050.0,1.6756533,5.344924,replica_03_seed20260923,True
4060.0,1.8359774,5.237294,replica_03_seed20260923,True
4070.0,2.037637,5.230718,replica_03_seed20260923,True
4080.0,1.7781403,5.3855205,replica_03_seed20260923,True
4090.0,2.361107,5.1514006,replica_03_seed20260923,True
4100.0,2.5507748,5.27472,replica_03_seed20260923,True
4110.0,2.5517077,5.328669,replica_03_seed20260923,True
4120.0,2.5352154,5.2850304,replica_03_seed20260923,True
4130.0,2.530939,5.20679,replica_03_seed20260923,True
4140.0,2.324229,5.33016,replica_03_seed20260923,True
4150.0,2.2538285,5.343158,replica_03_seed20260923,True
4160.0,2.4882364,5.3426456,replica_03_seed20260923,True
4170.0,2.1678462,5.381263,replica_03_seed20260923,True
4180.0,2.0135834,5.2619257,replica_03_seed20260923,True
4190.0,1.7245876,5.3381424,replica_03_seed20260923,True
4200.0,1.9071501,5.3807015,replica_03_seed20260923,True
4210.0,1.9190195,5.3523006,replica_03_seed20260923,True
4220.0,1.8999089,5.3801928,replica_03_seed20260923,True
4230.0,1.4620351,5.286998,replica_03_seed20260923,True
4240.0,1.5544797,5.286977,replica_03_seed20260923,True
4250.0,1.317485,5.2847004,replica_03_seed20260923,True
4260.0,1.1346714,5.2748404,replica_03_seed20260923,True
4270.0,1.4225914,5.397516,replica_03_seed20260923,True
4280.0,1.3519661,5.361929,replica_03_seed20260923,True
4290.0,1.2505187,5.3520784,replica_03_seed20260923,True
4300.0,1.9760848,5.382505,replica_03_seed20260923,True
4310.0,1.6285001,5.365086,replica_03_seed20260923,True
4320.0,1.794641,5.438778,replica_03_seed20260923,True
4330.0,1.7754683,5.4140654,replica_03_seed20260923,True
4340.0,1.7819426,5.3974457,replica_03_seed20260923,True
4350.0,1.9206994,5.313987,replica_03_seed20260923,True
4360.0,1.7560059,5.323152,replica_03_seed20260923,True
4370.0,2.068131,5.421329,replica_03_seed20260923,True
4380.0,2.05102,5.339622,replica_03_seed20260923,True
4390.0,2.0447922,5.3369713,replica_03_seed20260923,True
4400.0,1.4341733,5.352602,replica_03_seed20260923,True
4410.0,1.587224,5.2890544,replica_03_seed20260923,True
4420.0,1.47368,5.121354,replica_03_seed20260923,True
4430.0,1.7709785,5.359515,replica_03_seed20260923,True
4440.0,2.0927138,5.3002925,replica_03_seed20260923,True
4450.0,1.7742629,5.4075117,replica_03_seed20260923,True
4460.0,2.0659356,5.4135604,replica_03_seed20260923,True
4470.0,1.9557371,5.3881717,replica_03_seed20260923,True
4480.0,2.0851474,5.3824973,replica_03_seed20260923,True
4490.0,2.0586631,5.390411,replica_03_seed20260923,True
4500.0,1.988275,5.3752728,replica_03_seed20260923,True
4510.0,1.2023146,5.2659254,replica_03_seed20260923,True
4520.0,1.5386589,5.4309487,replica_03_seed20260923,True
4530.0,1.6864879,5.3561044,replica_03_seed20260923,True
4540.0,1.3876858,5.446189,replica_03_seed20260923,True
4550.0,1.2122756,5.307004,replica_03_seed20260923,True
4560.0,1.5020132,5.3829184,replica_03_seed20260923,True
4570.0,1.5629119,5.3563185,replica_03_seed20260923,True
4580.0,1.4322658,5.465867,replica_03_seed20260923,True
4590.0,1.786469,5.4940405,replica_03_seed20260923,True
4600.0,1.528352,5.4577165,replica_03_seed20260923,True
4610.0,1.8997793,5.4415364,replica_03_seed20260923,True
4620.0,1.8769097,5.4751215,replica_03_seed20260923,True
4630.0,2.2509065,5.358018,replica_03_seed20260923,True
4640.0,1.7213762,5.479898,replica_03_seed20260923,True
4650.0,1.6358905,5.573739,replica_03_seed20260923,True
4660.0,2.2380085,5.538668,replica_03_seed20260923,True
4670.0,1.7754736,5.617669,replica_03_seed20260923,True
4680.0,1.8322648,5.6056,replica_03_seed20260923,True
4690.0,2.5515318,5.451793,replica_03_seed20260923,True
4700.0,2.6717563,5.3508716,replica_03_seed20260923,True
4710.0,1.8876864,5.450978,replica_03_seed20260923,True
4720.0,1.956912,5.5990243,replica_03_seed20260923,True
4730.0,1.8301208,5.570488,replica_03_seed20260923,True
4740.0,2.0544262,5.453506,replica_03_seed20260923,True
4750.0,1.5257353,5.465626,replica_03_seed20260923,True
4760.0,1.6999108,5.4731007,replica_03_seed20260923,True
4770.0,2.1286883,5.5917864,replica_03_seed20260923,True
4780.0,1.621129,5.572288,replica_03_seed20260923,True
4790.0,1.6513014,5.5020227,replica_03_seed20260923,True
4800.0,2.3641171,5.5119967,replica_03_seed20260923,True
4810.0,2.307749,5.563007,replica_03_seed20260923,True
4820.0,2.053927,5.625114,replica_03_seed20260923,True
4830.0,2.3944647,5.6076045,replica_03_seed20260923,True
4840.0,1.7815883,5.495509,replica_03_seed20260923,True
4850.0,2.614219,5.2695427,replica_03_seed20260923,True
4860.0,2.5468936,5.507598,replica_03_seed20260923,True
4870.0,2.4723797,5.474102,replica_03_seed20260923,True
4880.0,2.4239323,5.6596828,replica_03_seed20260923,True
4890.0,2.4421983,5.5562716,replica_03_seed20260923,True
4900.0,2.1950886,5.509222,replica_03_seed20260923,True
4910.0,2.1117609,5.382585,replica_03_seed20260923,True
4920.0,2.1248183,5.5476913,replica_03_seed20260923,True
4930.0,2.3041337,5.5788364,replica_03_seed20260923,True
4940.0,2.359875,5.567679,replica_03_seed20260923,True
4950.0,2.0274167,5.5991597,replica_03_seed20260923,True
4960.0,1.7405329,5.523371,replica_03_seed20260923,True
4970.0,1.9640863,5.4435663,replica_03_seed20260923,True
4980.0,2.1894195,5.449353,replica_03_seed20260923,True
4990.0,2.7433424,5.4814806,replica_03_seed20260923,True
5000.0,2.7136662,5.462957,replica_03_seed20260923,True
5010.0,2.4464655,5.5477004,replica_03_seed20260923,True
5020.0,1.9349283,5.577555,replica_03_seed20260923,True
5030.0,2.1478972,5.5780125,replica_03_seed20260923,True
5040.0,1.9720898,5.4735475,replica_03_seed20260923,True
5050.0,2.143257,5.564387,replica_03_seed20260923,True
5060.0,1.814601,5.4973984,replica_03_seed20260923,True
5070.0,2.5741532,5.4525228,replica_03_seed20260923,True
5080.0,2.6239383,5.557708,replica_03_seed20260923,True
5090.0,2.678603,5.5585117,replica_03_seed20260923,True
5100.0,2.5111997,5.4341035,replica_03_seed20260923,True
5110.0,2.748227,5.4536195,replica_03_seed20260923,True
5120.0,2.2757008,5.548503,replica_03_seed20260923,True
5130.0,2.6485012,5.5035076,replica_03_seed20260923,True
5140.0,2.45504,5.591163,replica_03_seed20260923,True
5150.0,2.170882,5.604427,replica_03_seed20260923,True
5160.0,2.0367186,5.5319023,replica_03_seed20260923,True
5170.0,1.9762708,5.5359955,replica_03_seed20260923,True
5180.0,2.174783,5.496309,replica_03_seed20260923,True
5190.0,2.0496674,5.4754257,replica_03_seed20260923,True
5200.0,2.3025556,5.5158157,replica_03_seed20260923,True
5210.0,2.18335,5.3586063,replica_03_seed20260923,True
5220.0,2.2381887,5.5772314,replica_03_seed20260923,True
5230.0,2.6136236,5.587471,replica_03_seed20260923,True
5240.0,2.672323,5.5363183,replica_03_seed20260923,True
5250.0,2.2184138,5.5868187,replica_03_seed20260923,True
5260.0,2.5669518,5.5782194,replica_03_seed20260923,True
5270.0,2.6844516,5.512677,replica_03_seed20260923,True
5280.0,2.5787828,5.641944,replica_03_seed20260923,True
5290.0,2.4790998,5.573078,replica_03_seed20260923,True
5300.0,2.4785635,5.508689,replica_03_seed20260923,True
5310.0,2.157832,5.599404,replica_03_seed20260923,True
5320.0,2.4780295,5.557716,replica_03_seed20260923,True
5330.0,2.6413007,5.5931096,replica_03_seed20260923,True
5340.0,2.6069374,5.521481,replica_03_seed20260923,True
5350.0,2.7721086,5.5537224,replica_03_seed20260923,True
5360.0,2.5418472,5.418858,replica_03_seed20260923,True
5370.0,2.2989929,5.448969,replica_03_seed20260923,True
5380.0,2.5205555,5.5691195,replica_03_seed20260923,True
5390.0,2.5064645,5.603518,replica_03_seed20260923,True
5400.0,2.4806457,5.592946,replica_03_seed20260923,True
5410.0,2.6813579,5.581685,replica_03_seed20260923,True
5420.0,2.5679362,5.527068,replica_03_seed20260923,True
5430.0,2.7174578,5.5046215,replica_03_seed20260923,True
5440.0,2.5755434,5.5032473,replica_03_seed20260923,True
5450.0,2.4251792,5.46777,replica_03_seed20260923,True
5460.0,2.5910473,5.4735394,replica_03_seed20260923,True
5470.0,2.2621841,5.510806,replica_03_seed20260923,True
5480.0,2.4267287,5.4765854,replica_03_seed20260923,True
5490.0,2.4506376,5.477211,replica_03_seed20260923,True
5500.0,2.2918475,5.6250877,replica_03_seed20260923,True
5510.0,2.5474396,5.463642,replica_03_seed20260923,True
5520.0,2.413845,5.5655437,replica_03_seed20260923,True
5530.0,2.4918187,5.5113974,replica_03_seed20260923,True
5540.0,2.6147583,5.466471,replica_03_seed20260923,True
5550.0,2.339566,5.6222444,replica_03_seed20260923,True
5560.0,2.502848,5.622699,replica_03_seed20260923,True
5570.0,2.549648,5.5661874,replica_03_seed20260923,True
5580.0,2.383513,5.5504236,replica_03_seed20260923,True
5590.0,2.5385385,5.4195957,replica_03_seed20260923,True
5600.0,2.6404295,5.4389696,replica_03_seed20260923,True
5610.0,2.5775614,5.5900993,replica_03_seed20260923,True
5620.0,2.726861,5.4910955,replica_03_seed20260923,True
5630.0,2.6362667,5.552943,replica_03_seed20260923,True
5640.0,2.2622578,5.5552197,replica_03_seed20260923,True
5650.0,2.6182203,5.5501947,replica_03_seed20260923,True
5660.0,2.4622521,5.534194,replica_03_seed20260923,True
5670.0,2.4277816,5.613282,replica_03_seed20260923,True
5680.0,2.0526714,5.6109285,replica_03_seed20260923,True
5690.0,2.1382966,5.509925,replica_03_seed20260923,True
5700.0,2.39943,5.4868464,replica_03_seed20260923,True
5710.0,2.5625107,5.480352,replica_03_seed20260923,True
5720.0,2.375772,5.588476,replica_03_seed20260923,True
5730.0,2.4570754,5.5478716,replica_03_seed20260923,True
5740.0,2.532146,5.558171,replica_03_seed20260923,True
5750.0,2.1955187,5.501507,replica_03_seed20260923,True
5760.0,2.4401462,5.6302714,replica_03_seed20260923,True
5770.0,2.587522,5.5095835,replica_03_seed20260923,True
5780.0,2.416204,5.4913397,replica_03_seed20260923,True
5790.0,2.661996,5.517028,replica_03_seed20260923,True
5800.0,1.706136,5.555306,replica_03_seed20260923,True
5810.0,2.3541098,5.5653596,replica_03_seed20260923,True
5820.0,2.5411832,5.5484257,replica_03_seed20260923,True
5830.0,2.6310267,5.515707,replica_03_seed20260923,True
5840.0,2.6774523,5.534057,replica_03_seed20260923,True
5850.0,2.443903,5.43767,replica_03_seed20260923,True
5860.0,2.6375854,5.4289746,replica_03_seed20260923,True
5870.0,2.7281766,5.4629173,replica_03_seed20260923,True
5880.0,1.9281228,5.528473,replica_03_seed20260923,True
5890.0,1.695773,5.4701233,replica_03_seed20260923,True
5900.0,2.3124876,5.501265,replica_03_seed20260923,True
5910.0,2.5141406,5.591914,replica_03_seed20260923,True
5920.0,2.501648,5.5394125,replica_03_seed20260923,True
5930.0,2.087308,5.557921,replica_03_seed20260923,True
5940.0,2.1334572,5.620396,replica_03_seed20260923,True
5950.0,2.2413034,5.565431,replica_03_seed20260923,True
5960.0,1.9982451,5.5257607,replica_03_seed20260923,True
5970.0,1.7827888,5.590811,replica_03_seed20260923,True
5980.0,1.9934541,5.500014,replica_03_seed20260923,True
5990.0,1.941741,5.719796,replica_03_seed20260923,True
6000.0,1.917794,5.6361504,replica_03_seed20260923,True
6010.0,2.0801697,5.4742107,replica_03_seed20260923,True
6020.0,1.8517042,5.545366,replica_03_seed20260923,True
6030.0,1.8633435,5.604325,replica_03_seed20260923,True
6040.0,1.9192837,5.563877,replica_03_seed20260923,True
6050.0,2.278463,5.587251,replica_03_seed20260923,True
6060.0,2.2146685,5.5811048,replica_03_seed20260923,True
6070.0,2.6142824,5.431642,replica_03_seed20260923,True
6080.0,2.137136,5.7020845,replica_03_seed20260923,True
6090.0,2.0141792,5.6056385,replica_03_seed20260923,True
6100.0,1.4591577,5.53666,replica_03_seed20260923,True
6110.0,1.311205,5.3812695,replica_03_seed20260923,True
6120.0,1.5882741,5.532316,replica_03_seed20260923,True
6130.0,1.7009594,5.677636,replica_03_seed20260923,True
6140.0,1.8389167,5.641579,replica_03_seed20260923,True
6150.0,1.6781217,5.627593,replica_03_seed20260923,True
6160.0,1.9406734,5.591632,replica_03_seed20260923,True
6170.0,1.8120942,5.547519,replica_03_seed20260923,True
6180.0,1.8321902,5.60144,replica_03_seed20260923,True
6190.0,1.7990904,5.6236467,replica_03_seed20260923,True
6200.0,2.0277665,5.6042643,replica_03_seed20260923,True
6210.0,1.524862,5.457451,replica_03_seed20260923,True
6220.0,1.7668622,5.596096,replica_03_seed20260923,True
6230.0,1.8677721,5.6259623,replica_03_seed20260923,True
6240.0,1.9998688,5.5815673,replica_03_seed20260923,True
6250.0,1.8752339,5.612474,replica_03_seed20260923,True
6260.0,1.8536243,5.6995544,replica_03_seed20260923,True
6270.0,1.7912244,5.5477734,replica_03_seed20260923,True
6280.0,1.9044771,5.646217,replica_03_seed20260923,True
6290.0,1.7420115,5.7228856,replica_03_seed20260923,True
6300.0,1.9672536,5.697766,replica_03_seed20260923,True
6310.0,2.033257,5.6250234,replica_03_seed20260923,True
6320.0,1.9119655,5.730363,replica_03_seed20260923,True
6330.0,2.0472672,5.615749,replica_03_seed20260923,True
6340.0,1.9813857,5.7133684,replica_03_seed20260923,True
6350.0,1.5612321,5.6012173,replica_03_seed20260923,True
6360.0,1.5978405,5.533658,replica_03_seed20260923,True
6370.0,2.1369557,5.5783834,replica_03_seed20260923,True
6380.0,1.9522312,5.5859003,replica_03_seed20260923,True
6390.0,1.7905481,5.6004353,replica_03_seed20260923,True
6400.0,1.7016267,5.5167537,replica_03_seed20260923,True
6410.0,1.836005,5.6399674,replica_03_seed20260923,True
6420.0,1.8931447,5.6958847,replica_03_seed20260923,True
6430.0,1.7279105,5.691046,replica_03_seed20260923,True
6440.0,1.6668409,5.6171794,replica_03_seed20260923,True
6450.0,1.8837011,5.6078105,replica_03_seed20260923,True
6460.0,1.7548025,5.696519,replica_03_seed20260923,True
6470.0,1.7723716,5.582511,replica_03_seed20260923,True
6480.0,1.8983397,5.6565957,replica_03_seed20260923,True
6490.0,1.9483013,5.674697,replica_03_seed20260923,True
6500.0,1.9065659,5.6520085,replica_03_seed20260923,True
6510.0,1.9540379,5.5912066,replica_03_seed20260923,True
6520.0,1.843468,5.6362524,replica_03_seed20260923,True
6530.0,1.9317746,5.664677,replica_03_seed20260923,True
6540.0,1.7064583,5.579543,replica_03_seed20260923,True
6550.0,1.7109103,5.6603436,replica_03_seed20260923,True
6560.0,1.8954556,5.672216,replica_03_seed20260923,True
6570.0,1.753233,5.639056,replica_03_seed20260923,True
6580.0,1.6635363,5.551439,replica_03_seed20260923,True
6590.0,1.8268853,5.6467776,replica_03_seed20260923,True
6600.0,1.6535908,5.5609994,replica_03_seed20260923,True
6610.0,1.8660761,5.6469307,replica_03_seed20260923,True
6620.0,1.917262,5.6954837,replica_03_seed20260923,True
6630.0,1.7881781,5.677225,replica_03_seed20260923,True
6640.0,2.007454,5.5533867,replica_03_seed20260923,True
6650.0,1.896817,5.672841,replica_03_seed20260923,True
6660.0,1.8791695,5.629838,replica_03_seed20260923,True
6670.0,1.7609817,5.6576605,replica_03_seed20260923,True
6680.0,2.2553632,5.667165,replica_03_seed20260923,True
6690.0,1.8379881,5.5511837,replica_03_seed20260923,True
6700.0,1.701096,5.5784745,replica_03_seed20260923,True
6710.0,1.9636387,5.6297207,replica_03_seed20260923,True
6720.0,2.1697233,5.651786,replica_03_seed20260923,True
6730.0,1.7978424,5.6322184,replica_03_seed20260923,True
6740.0,2.0391986,5.6718373,replica_03_seed20260923,True
6750.0,1.8924142,5.660181,replica_03_seed20260923,True
6760.0,1.7164032,5.648716,replica_03_seed20260923,True
6770.0,1.8530453,5.4192877,replica_03_seed20260923,True
6780.0,1.9151285,5.69184,replica_03_seed20260923,True
6790.0,1.8601298,5.618147,replica_03_seed20260923,True
6800.0,1.8032908,5.515023,replica_03_seed20260923,True
6810.0,2.0256631,5.66822,replica_03_seed20260923,True
6820.0,1.9688044,5.5924196,replica_03_seed20260923,True
6830.0,1.9081523,5.6439323,replica_03_seed20260923,True
6840.0,1.68545,5.602217,replica_03_seed20260923,True
6850.0,1.7348434,5.5705204,replica_03_seed20260923,True
6860.0,1.894969,5.6341667,replica_03_seed20260923,True
6870.0,1.7004623,5.594886,replica_03_seed20260923,True
6880.0,2.008673,5.588711,replica_03_seed20260923,True
6890.0,1.8193406,5.6514053,replica_03_seed20260923,True
6900.0,1.8494935,5.6687317,replica_03_seed20260923,True
6910.0,1.6929024,5.580489,replica_03_seed20260923,True
6920.0,1.4831923,5.4655104,replica_03_seed20260923,True
6930.0,1.6656696,5.299738,replica_03_seed20260923,True
6940.0,1.5967101,5.621689,replica_03_seed20260923,True
6950.0,1.9796716,5.7772307,replica_03_seed20260923,True
6960.0,2.0748081,5.69611,replica_03_seed20260923,True
6970.0,1.8332535,5.7236643,replica_03_seed20260923,True
6980.0,2.0600176,5.6784315,replica_03_seed20260923,True
6990.0,1.4582446,5.545192,replica_03_seed20260923,True
7000.0,2.0469072,5.6150317,replica_03_seed20260923,True
7010.0,2.3229601,5.627863,replica_03_seed20260923,True
7020.0,2.1906686,5.5991898,replica_03_seed20260923,True
7030.0,1.7594521,5.5999904,replica_03_seed20260923,True
7040.0,2.0164886,5.567553,replica_03_seed20260923,True
7050.0,1.783746,5.657985,replica_03_seed20260923,True
7060.0,2.2411163,5.5927086,replica_03_seed20260923,True
7070.0,2.4332154,5.458905,replica_03_seed20260923,True
7080.0,2.0806053,5.661911,replica_03_seed20260923,True
7090.0,2.1606822,5.57029,replica_03_seed20260923,True
7100.0,1.6514266,5.61996,replica_03_seed20260923,True
7110.0,2.0180879,5.590662,replica_03_seed20260923,True
7120.0,1.8223625,5.6472754,replica_03_seed20260923,True
7130.0,2.039258,5.7571173,replica_03_seed20260923,True
7140.0,1.615513,5.560766,replica_03_seed20260923,True
7150.0,1.7064899,5.6395864,replica_03_seed20260923,True
7160.0,2.0180755,5.625705,replica_03_seed20260923,True
7170.0,2.1485722,5.668924,replica_03_seed20260923,True
7180.0,2.0162723,5.66531,replica_03_seed20260923,True
7190.0,2.1978283,5.6357574,replica_03_seed20260923,True
7200.0,2.1853628,5.640649,replica_03_seed20260923,True
7210.0,1.8684305,5.689344,replica_03_seed20260923,True
7220.0,2.4047258,5.438592,replica_03_seed20260923,True
7230.0,1.7915313,5.5571837,replica_03_seed20260923,True
7240.0,1.9607697,5.6963615,replica_03_seed20260923,True
7250.0,1.548733,5.441732,replica_03_seed20260923,True
7260.0,1.8286229,5.6700068,replica_03_seed20260923,True
7270.0,1.7272259,5.6237106,replica_03_seed20260923,True
7280.0,1.7364405,5.6685276,replica_03_seed20260923,True
7290.0,2.1549027,5.5700626,replica_03_seed20260923,True
7300.0,2.0366235,5.648135,replica_03_seed20260923,True
7310.0,2.1130233,5.5819597,replica_03_seed20260923,True
7320.0,1.8049823,5.6492324,replica_03_seed20260923,True
7330.0,1.7442201,5.6955805,replica_03_seed20260923,True
7340.0,1.7862482,5.601349,replica_03_seed20260923,True
7350.0,2.075718,5.728078,replica_03_seed20260923,True
7360.0,1.9174509,5.670216,replica_03_seed20260923,True
7370.0,2.0994048,5.6431894,replica_03_seed20260923,True
7380.0,1.8981488,5.707918,replica_03_seed20260923,True
7390.0,2.4654667,5.445604,replica_03_seed20260923,True
7400.0,1.8559073,5.5791674,replica_03_seed20260923,True
7410.0,1.9013633,5.5337887,replica_03_seed20260923,True
7420.0,1.6489801,5.665594,replica_03_seed20260923,True
7430.0,1.5454638,5.5699005,replica_03_seed20260923,True
7440.0,1.7467116,5.69251,replica_03_seed20260923,True
7450.0,1.9354227,5.6478863,replica_03_seed20260923,True
7460.0,2.1425047,5.6871777,replica_03_seed20260923,True
7470.0,2.2470546,5.586832,replica_03_seed20260923,True
7480.0,1.9231969,5.6107845,replica_03_seed20260923,True
7490.0,2.0353336,5.6587257,replica_03_seed20260923,True
7500.0,1.7079535,5.600529,replica_03_seed20260923,True
7510.0,1.6383739,5.6837897,replica_03_seed20260923,True
7520.0,1.7724596,5.568945,replica_03_seed20260923,True
7530.0,1.5958537,5.642686,replica_03_seed20260923,True
7540.0,1.5706493,5.592243,replica_03_seed20260923,True
7550.0,1.7834502,5.62448,replica_03_seed20260923,True
7560.0,1.7677094,5.6091857,replica_03_seed20260923,True
7570.0,1.7402096,5.6688113,replica_03_seed20260923,True
7580.0,2.0256271,5.6898365,replica_03_seed20260923,True
7590.0,1.9989258,5.6269426,replica_03_seed20260923,True
7600.0,1.74707,5.6142893,replica_03_seed20260923,True
7610.0,1.8649071,5.5509605,replica_03_seed20260923,True
7620.0,1.6234218,5.6512966,replica_03_seed20260923,True
7630.0,2.0329287,5.529852,replica_03_seed20260923,True
7640.0,2.041036,5.5305142,replica_03_seed20260923,True
7650.0,2.3956819,5.5038924,replica_03_seed20260923,True
7660.0,2.4492543,5.592169,replica_03_seed20260923,True
7670.0,2.4686005,5.507384,replica_03_seed20260923,True
7680.0,2.4833539,5.5004025,replica_03_seed20260923,True
7690.0,2.3806925,5.522312,replica_03_seed20260923,True
7700.0,2.2040672,5.526194,replica_03_seed20260923,True
7710.0,1.5777515,5.5827622,replica_03_seed20260923,True
7720.0,1.8043798,5.649212,replica_03_seed20260923,True
7730.0,1.5643787,5.527604,replica_03_seed20260923,True
7740.0,1.686404,5.603835,replica_03_seed20260923,True
7750.0,1.4876009,5.5618944,replica_03_seed20260923,True
7760.0,1.6450098,5.5488787,replica_03_seed20260923,True
7770.0,1.5864156,5.617843,replica_03_seed20260923,True
7780.0,1.7923846,5.6077394,replica_03_seed20260923,True
7790.0,1.931261,5.703185,replica_03_seed20260923,True
7800.0,1.8632426,5.5718937,replica_03_seed20260923,True
7810.0,1.7036245,5.59938,replica_03_seed20260923,True
7820.0,1.9557356,5.671869,replica_03_seed20260923,True
7830.0,1.6466612,5.436576,replica_03_seed20260923,True
7840.0,1.7818416,5.657814,replica_03_seed20260923,True
7850.0,2.08198,5.600619,replica_03_seed20260923,True
7860.0,1.9058155,5.7070966,replica_03_seed20260923,True
7870.0,2.305786,5.4590464,replica_03_seed20260923,True
7880.0,2.0100224,5.644653,replica_03_seed20260923,True
7890.0,2.044608,5.517688,replica_03_seed20260923,True
7900.0,2.026242,5.577512,replica_03_seed20260923,True
7910.0,1.974338,5.6319256,replica_03_seed20260923,True
7920.0,1.8844705,5.677407,replica_03_seed20260923,True
7930.0,1.7491777,5.5683146,replica_03_seed20260923,True
7940.0,1.8705051,5.5795217,replica_03_seed20260923,True
7950.0,2.0268633,5.7238584,replica_03_seed20260923,True
7960.0,1.8558044,5.546154,replica_03_seed20260923,True
7970.0,1.8219438,5.6362467,replica_03_seed20260923,True
7980.0,2.1585786,5.6477904,replica_03_seed20260923,True
7990.0,2.2314,5.57656,replica_03_seed20260923,True
8000.0,2.1325064,5.727126,replica_03_seed20260923,True
8010.0,1.996531,5.716369,replica_03_seed20260923,True
8020.0,1.7505746,5.6353464,replica_03_seed20260923,True
8030.0,1.8209491,5.6403084,replica_03_seed20260923,True
8040.0,1.8422794,5.616305,replica_03_seed20260923,True
8050.0,2.2319121,5.589078,replica_03_seed20260923,True
8060.0,1.7772919,5.5550537,replica_03_seed20260923,True
8070.0,1.7987969,5.6059413,replica_03_seed20260923,True
8080.0,2.4660316,5.495515,replica_03_seed20260923,True
8090.0,2.3967006,5.600934,replica_03_seed20260923,True
8100.0,2.6784375,5.312688,replica_03_seed20260923,True
8110.0,2.3939052,5.4313803,replica_03_seed20260923,True
8120.0,2.3243494,5.4656286,replica_03_seed20260923,True
8130.0,2.1590645,5.630436,replica_03_seed20260923,True
8140.0,2.450699,5.575014,replica_03_seed20260923,True
8150.0,2.3868408,5.5937853,replica_03_seed20260923,True
8160.0,2.5051725,5.5381227,replica_03_seed20260923,True
8170.0,2.5275216,5.5508847,replica_03_seed20260923,True
8180.0,2.518969,5.4442453,replica_03_seed20260923,True
8190.0,2.5185914,5.4559345,replica_03_seed20260923,True
8200.0,2.6305127,5.537915,replica_03_seed20260923,True
8210.0,2.5723252,5.627392,replica_03_seed20260923,True
8220.0,2.4535136,5.425111,replica_03_seed20260923,True
8230.0,2.354947,5.5068817,replica_03_seed20260923,True
8240.0,2.7157722,5.3236227,replica_03_seed20260923,True
8250.0,2.21789,5.4519033,replica_03_seed20260923,True
8260.0,2.4236116,5.5997915,replica_03_seed20260923,True
8270.0,2.49326,5.5594883,replica_03_seed20260923,True
8280.0,2.246144,5.516987,replica_03_seed20260923,True
8290.0,2.0378516,5.5836363,replica_03_seed20260923,True
8300.0,2.3453383,5.3988085,replica_03_seed20260923,True
8310.0,2.247484,5.4914284,replica_03_seed20260923,True
8320.0,2.1508412,5.48836,replica_03_seed20260923,True
8330.0,1.9076977,5.416842,replica_03_seed20260923,True
8340.0,1.7208941,5.5086226,replica_03_seed20260923,True
8350.0,2.2523139,5.56606,replica_03_seed20260923,True
8360.0,2.8579164,5.4055905,replica_03_seed20260923,True
8370.0,2.6767364,5.5928497,replica_03_seed20260923,True
8380.0,1.8428953,5.5027366,replica_03_seed20260923,True
8390.0,2.2255921,5.5601926,replica_03_seed20260923,True
8400.0,1.7994542,5.518716,replica_03_seed20260923,True
8410.0,1.5326722,5.4287987,replica_03_seed20260923,True
8420.0,1.7023346,5.480022,replica_03_seed20260923,True
8430.0,1.8824298,5.490143,replica_03_seed20260923,True
8440.0,2.587849,5.400775,replica_03_seed20260923,True
8450.0,2.6216123,5.5427938,replica_03_seed20260923,True
8460.0,2.5274768,5.427398,replica_03_seed20260923,True
8470.0,2.6103055,5.499723,replica_03_seed20260923,True
8480.0,2.3403378,5.4842353,replica_03_seed20260923,True
8490.0,2.479013,5.6095133,replica_03_seed20260923,True
8500.0,2.5068445,5.5617743,replica_03_seed20260923,True
8510.0,2.49172,5.430761,replica_03_seed20260923,True
8520.0,2.656231,5.3803473,replica_03_seed20260923,True
8530.0,2.293327,5.546466,replica_03_seed20260923,True
8540.0,2.2310474,5.5293493,replica_03_seed20260923,True
8550.0,2.5968094,5.5685115,replica_03_seed20260923,True
8560.0,2.2884772,5.616369,replica_03_seed20260923,True
8570.0,2.504492,5.3999066,replica_03_seed20260923,True
8580.0,2.6031568,5.519247,replica_03_seed20260923,True
8590.0,2.5848818,5.5456877,replica_03_seed20260923,True
8600.0,2.4890227,5.5112786,replica_03_seed20260923,True
8610.0,2.5453944,5.5446196,replica_03_seed20260923,True
8620.0,2.2778099,5.588664,replica_03_seed20260923,True
8630.0,1.8039305,5.556862,replica_03_seed20260923,True
8640.0,1.7689822,5.587905,replica_03_seed20260923,True
8650.0,1.7511611,5.5509844,replica_03_seed20260923,True
8660.0,1.8667157,5.4085464,replica_03_seed20260923,True
8670.0,2.100875,5.533823,replica_03_seed20260923,True
8680.0,1.8315829,5.449829,replica_03_seed20260923,True
8690.0,1.9894171,5.364704,replica_03_seed20260923,True
8700.0,1.6665071,5.531544,replica_03_seed20260923,True
8710.0,2.0067587,5.6284904,replica_03_seed20260923,True
8720.0,2.191994,5.505123,replica_03_seed20260923,True
8730.0,2.4333982,5.548072,replica_03_seed20260923,True
8740.0,2.1779504,5.589958,replica_03_seed20260923,True
8750.0,2.6073227,5.560252,replica_03_seed20260923,True
8760.0,2.6459131,5.5017138,replica_03_seed20260923,True
8770.0,2.7481542,5.432084,replica_03_seed20260923,True
8780.0,1.6465396,5.5136037,replica_03_seed20260923,True
8790.0,1.8436661,5.5458555,replica_03_seed20260923,True
8800.0,1.5909399,5.503836,replica_03_seed20260923,True
8810.0,1.4961137,5.4545546,replica_03_seed20260923,True
8820.0,1.4802338,5.4817314,replica_03_seed20260923,True
8830.0,1.7446721,5.5418987,replica_03_seed20260923,True
8840.0,1.5769413,5.5571404,replica_03_seed20260923,True
8850.0,1.7862927,5.575452,replica_03_seed20260923,True
8860.0,2.0374348,5.533733,replica_03_seed20260923,True
8870.0,2.1739957,5.5105443,replica_03_seed20260923,True
8880.0,1.7656779,5.4519696,replica_03_seed20260923,True
8890.0,1.6674321,5.5923934,replica_03_seed20260923,True
8900.0,1.4727328,5.609345,replica_03_seed20260923,True
8910.0,1.9367772,5.6544833,replica_03_seed20260923,True
8920.0,2.254354,5.6418047,replica_03_seed20260923,True
8930.0,1.5978981,5.5916457,replica_03_seed20260923,True
8940.0,2.240004,5.5122595,replica_03_seed20260923,True
8950.0,2.0495594,5.630672,replica_03_seed20260923,True
8960.0,2.034412,5.667746,replica_03_seed20260923,True
8970.0,1.8042778,5.559682,replica_03_seed20260923,True
8980.0,2.3078213,5.5657244,replica_03_seed20260923,True
8990.0,2.0226698,5.5873747,replica_03_seed20260923,True
9000.0,1.6836967,5.6414223,replica_03_seed20260923,True
9010.0,1.7650567,5.638438,replica_03_seed20260923,True
9020.0,2.124413,5.7207212,replica_03_seed20260923,True
9030.0,1.8961749,5.6601105,replica_03_seed20260923,True
9040.0,1.7662666,5.631069,replica_03_seed20260923,True
9050.0,1.6347144,5.5576496,replica_03_seed20260923,True
9060.0,1.7674234,5.613805,replica_03_seed20260923,True
9070.0,2.0436118,5.6619473,replica_03_seed20260923,True
9080.0,1.5417569,5.4837823,replica_03_seed20260923,True
9090.0,1.9464452,5.5647016,replica_03_seed20260923,True
9100.0,1.914373,5.619927,replica_03_seed20260923,True
9110.0,1.986934,5.5820603,replica_03_seed20260923,True
9120.0,1.923224,5.462347,replica_03_seed20260923,True
9130.0,1.9309055,5.603902,replica_03_seed20260923,True
9140.0,1.8689103,5.667525,replica_03_seed20260923,True
9150.0,2.041629,5.6827645,replica_03_seed20260923,True
9160.0,2.02665,5.6778865,replica_03_seed20260923,True
9170.0,2.1669905,5.6534443,replica_03_seed20260923,True
9180.0,1.8786585,5.761325,replica_03_seed20260923,True
9190.0,1.6533735,5.5585537,replica_03_seed20260923,True
9200.0,1.2834177,5.5650024,replica_03_seed20260923,True
9210.0,1.2237358,5.550813,replica_03_seed20260923,True
9220.0,1.4485619,5.6284294,replica_03_seed20260923,True
9230.0,1.4089037,5.4395895,replica_03_seed20260923,True
9240.0,1.4532965,5.4992623,replica_03_seed20260923,True
9250.0,1.590886,5.6511807,replica_03_seed20260923,True
9260.0,1.3918762,5.6036196,replica_03_seed20260923,True
9270.0,1.2850242,5.501484,replica_03_seed20260923,True
9280.0,1.402939,5.556989,replica_03_seed20260923,True
9290.0,1.5306569,5.4608574,replica_03_seed20260923,True
9300.0,2.1535656,5.6040764,replica_03_seed20260923,True
9310.0,2.017521,5.5646505,replica_03_seed20260923,True
9320.0,2.034044,5.4671645,replica_03_seed20260923,True
9330.0,2.0383396,5.5264835,replica_03_seed20260923,True
9340.0,2.0175931,5.519027,replica_03_seed20260923,True
9350.0,2.1072822,5.590084,replica_03_seed20260923,True
9360.0,2.3285573,5.580032,replica_03_seed20260923,True
9370.0,2.3730483,5.475442,replica_03_seed20260923,True
9380.0,2.645574,5.527995,replica_03_seed20260923,True
9390.0,2.2690902,5.364921,replica_03_seed20260923,True
9400.0,2.5975184,5.505316,replica_03_seed20260923,True
9410.0,2.1637168,5.383168,replica_03_seed20260923,True
9420.0,2.254593,5.4551034,replica_03_seed20260923,True
9430.0,2.4365687,5.369601,replica_03_seed20260923,True
9440.0,2.6463337,5.3073845,replica_03_seed20260923,True
9450.0,2.5949779,5.380261,replica_03_seed20260923,True
9460.0,2.6608684,5.5262766,replica_03_seed20260923,True
9470.0,2.6263883,5.360874,replica_03_seed20260923,True
9480.0,2.6147952,5.5165176,replica_03_seed20260923,True
9490.0,2.5741503,5.5213337,replica_03_seed20260923,True
9500.0,1.7654086,5.4047956,replica_03_seed20260923,True
9510.0,2.5723367,5.5521584,replica_03_seed20260923,True
9520.0,1.678794,5.4450903,replica_03_seed20260923,True
9530.0,1.6782789,5.5030375,replica_03_seed20260923,True
9540.0,1.6652925,5.2858377,replica_03_seed20260923,True
9550.0,1.2788794,5.531396,replica_03_seed20260923,True
9560.0,1.5678822,5.6008315,replica_03_seed20260923,True
9570.0,1.521059,5.5880766,replica_03_seed20260923,True
9580.0,1.536248,5.5740314,replica_03_seed20260923,True
9590.0,1.6736108,5.4948707,replica_03_seed20260923,True
9600.0,2.2615438,5.4630995,replica_03_seed20260923,True
9610.0,1.9533968,5.5723677,replica_03_seed20260923,True
9620.0,2.015167,5.569689,replica_03_seed20260923,True
9630.0,2.5201368,5.339513,replica_03_seed20260923,True
9640.0,2.406523,5.3918743,replica_03_seed20260923,True
9650.0,2.5230873,5.25248,replica_03_seed20260923,True
9660.0,2.7767043,5.3834033,replica_03_seed20260923,True
9670.0,2.4577856,5.2431993,replica_03_seed20260923,True
9680.0,2.6376808,5.4930134,replica_03_seed20260923,True
9690.0,2.748357,5.427676,replica_03_seed20260923,True
9700.0,2.5282252,5.5717826,replica_03_seed20260923,True
9710.0,2.6696799,5.527095,replica_03_seed20260923,True
9720.0,2.5851583,5.469983,replica_03_seed20260923,True
9730.0,2.6862416,5.4370694,replica_03_seed20260923,True
9740.0,2.2877102,5.419613,replica_03_seed20260923,True
9750.0,2.6912715,5.283342,replica_03_seed20260923,True
9760.0,2.648432,5.4311466,replica_03_seed20260923,True
9770.0,2.3746183,5.4156923,replica_03_seed20260923,True
9780.0,2.6925895,5.449072,replica_03_seed20260923,True
9790.0,2.750198,5.4263573,replica_03_seed20260923,True
9800.0,2.6583638,5.4491844,replica_03_seed20260923,True
9810.0,2.414572,5.2313166,replica_03_seed20260923,True
9820.0,2.6153352,5.3109927,replica_03_seed20260923,True
9830.0,2.8701842,5.3398156,replica_03_seed20260923,True
9840.0,1.6596813,5.3585534,replica_03_seed20260923,True
9850.0,2.7803197,5.36971,replica_03_seed20260923,True
9860.0,2.256084,5.4685616,replica_03_seed20260923,True
9870.0,2.600014,5.406454,replica_03_seed20260923,True
9880.0,2.4696832,5.4639554,replica_03_seed20260923,True
9890.0,2.400058,5.410432,replica_03_seed20260923,True
9900.0,2.632346,5.375684,replica_03_seed20260923,True
9910.0,2.5997095,5.5233135,replica_03_seed20260923,True
9920.0,2.7292979,5.4534483,replica_03_seed20260923,True
9930.0,2.4868953,5.3856463,replica_03_seed20260923,True
9940.0,2.7166328,5.4508915,replica_03_seed20260923,True
9950.0,2.8995368,5.294425,replica_03_seed20260923,True
9960.0,2.6447387,5.3170943,replica_03_seed20260923,True
9970.0,2.6212335,5.424976,replica_03_seed20260923,True
9980.0,2.4259543,5.391071,replica_03_seed20260923,True
9990.0,2.7423277,5.3887744,replica_03_seed20260923,True
10000.0,2.7108192,5.296897,replica_03_seed20260923,True
