09c_rank,candidate_id,smiles,mandatory_match,mandatory_rmsd_A,n_optional_matched,optional_match_ids,screen_pass,conf_id,MW,cLogP,HBD,HBA,TPSA,RotB,rings,pharmacophore_score
1,MOL00570,CCCC=CCCCCCCCC(=O)OCC(CO)OC(=O)COC1OC(CO)C(O)C(OC2OC(CO)C(O)C(O)C2O)C1O,True,1.5616561004735707,1,PG09,True,6.0,668.7300000000005,-1.838599999999995,8,16,251.35999999999996,21,2,1.2097883527615438
2,MOL00336,COc1cnccc1-c1ccc2[nH]c(CC3=CCC4(C(COCC=O)C(=O)O)C5CCC(C)(CCC6C5(C)CCC5C(C)(C)C7CCC56OC5(CCC6CCCCC6CC5)NC(=O)N7)C4(C)C3)nc2c1,True,1.778732718232694,1,PG07,True,4.0,958.2979999999992,11.38129999999999,4,8,164.76,10,12,1.1688519947918148
3,MOL00513,COc1cc(C=NNC(=O)c2cc(NC(=O)c3ccc4c(c3)NC(c3cccc(Br)c3O)c3cncn3-4)ccc2OCC2CCC2)ccc1C=NNC(N)=S,True,0.8327903727334526,0,,False,8.0,822.7459999999996,6.226100000000006,6,10,189.51,12,7,0.43483424228379813
4,MOL00686,C=CC(=O)NC1Cc2cc(Nc3nc(-c4cncc(C(=N)S(C)(C)C)c4)cnc3N)cnc2C1,True,0.888150723682089,0,,False,5.0,476.61000000000024,3.0481700000000007,4,8,142.56,6,4,0.4114158713287428
5,MOL00342,CCCCCCC(S)CN(CCCS)CCCC[N+](C)(CCCSC)CCc1ccc(CCCCS)cc1,True,0.889731140982479,0,,False,8.0,602.1220000000003,8.352200000000009,3,5,3.24,26,1,0.4107661760980608
6,MOL00202,CCCCc1ccc(N=C(NN=Cc2cc(SCC(O)COc3ccc4ccccc4c3)ccc2O)SCC(=O)O)cc1,True,0.93205760680497,0,,False,3.0,617.7930000000002,6.849000000000007,4,8,123.74000000000002,14,4,0.3937427086197074
7,MOL00719,CCC=CCC=CCC=CCC=CCC=CCCCC(=O)NCCOCCOCCC(=O)NCCc1cccc(OC)c1,True,0.9467644682623313,0,,False,5.0,594.8370000000004,6.815100000000006,2,5,85.89,26,1,0.3879943628264056
8,MOL00757,NC(=O)CCCCCCCCNc1nc2c(O)cccc2cc1C(=O)c1cc(Cl)ccc1O,True,0.9511818336536723,0,,False,6.0,469.96900000000016,5.158300000000005,4,6,125.54,12,3,0.38628422987790595
9,MOL00128,NC(=O)c1c(NC(=O)c2cc3c(-c4ncccc4Cl)ccc(F)c3[nH]2)cnn1CCN1CCCC1,True,0.9924492883983496,0,,False,3.0,495.9460000000003,3.6659000000000024,3,5,121.92999999999999,7,5,0.3706677061810586
10,MOL00014,CC1C=c2c(C3=CC4CCCC4c4ncccc4N3)nc(NC3CCN(C(=O)NCC4CC4)CC3)nc2=CN1,True,0.9928820226536976,0,,False,7.0,526.6890000000004,2.7280000000000015,4,7,107.10000000000001,5,7,0.3705073402676573
11,MOL00431,CC(CC(Cc1ccc(F)cc1)NC(=O)c1cc(-c2cccc(C(=O)O)c2)ccc1-c1ccccc1)C(=O)O,True,0.9937921769338988,0,,False,7.0,525.5760000000002,6.309800000000005,3,3,103.7,10,4,0.3701702748401058
12,MOL00646,CC(C)C(NC(=O)OCc1ccccc1)C(=O)NCCCCCC(N)C(=O)NC(=O)OCc1ccccc1,True,1.0140960095637603,0,,False,8.0,526.6340000000005,3.394300000000001,4,7,148.84999999999997,14,2,0.3627301862851581
13,MOL00925,CCN1CCN(c2cc(Oc3ccc(F)c(CNC(=O)c4cc(C(F)(F)F)c5[nH]ccc5c4)c3)ncn2)CC1C,True,1.073409462545226,0,,False,0.0,556.564,5.368500000000005,2,6,86.38000000000001,7,5,0.3418410341021384
14,MOL00962,CC1C(NC(=O)C(=NOCCCNCC(O)c2ccccc2)c2csc(N)n2)C(=O)N1COC(=O)c1ccc(O)c(O)c1,True,1.0750820685040843,0,,False,1.0,612.6650000000003,1.1004999999999998,6,13,208.92999999999998,14,4,0.3412697466540984
15,MOL00555,C#CCCCCCCCCCCCCCCC(=O)OC(COC(=O)CCCCCCCCCCCCCCCCCC)COC1OC(CO)C(O)C(O)C1O,True,1.0915532061771736,0,,False,6.0,783.1410000000004,9.0041,4,10,151.98,38,1,0.3356946855145971
16,MOL00533,Cc1ccc(C)c(NC(=O)Nc2ccc(NC(=O)C3CCN(Cc4ccccc4)CC3)cc2)c1,True,1.1097650911511587,0,,False,5.0,456.5900000000003,5.7981400000000045,3,3,73.47,6,4,0.32963638648496146
17,MOL00626,CCCCN(CCCC)CCCN1C(=O)C(=O)C(=C(O)c2ccc(OCC)cc2)C1c1ccccc1O,True,1.11074143744701,0,,False,9.0,508.65900000000016,5.504900000000006,2,6,90.31000000000002,14,3,0.3293147042822063
18,MOL00168,NC(N)=NCCCC(NC(=O)CCC(N)C(=O)O)C(=O)NC(Cc1ccccc1)C(=O)NC(Cc1ccccc1)C(=O)O,True,1.1365446670574006,0,,False,2.0,597.6730000000003,-0.7434999999999903,8,7,252.31999999999996,18,2,0.3209260144306843
19,MOL00959,Cc1ccc(Nc2nc(Nc3ccc(C(=O)O)cc3)nc(NC3CCCCC3)n2)cc1,True,1.1423015984709635,0,,False,6.0,418.50100000000026,5.110020000000003,4,7,112.06,7,4,0.319083773292718
20,MOL00347,CC(C)(C)OC(=O)N1CC(C(=O)NC(Cc2ccc(O)cc2)c2cc(F)c(OCCCN3CC(F)(F)C3)cc2F)C1,True,1.1440213594114494,0,,False,5.0,581.6070000000002,4.657100000000004,2,6,91.34,10,4,0.31853549706981343
21,MOL00294,O=C(CCc1nc(-c2cccs2)no1)Nc1cccc(N2CCN(C(=O)C3CC3)CC2)c1,True,1.15057896093362,0,,False,0.0,451.55200000000036,3.4280000000000017,1,7,91.57,7,5,0.31645350211684686
22,MOL00711,O=C(O)CC(NC(=O)OCc1ccccc1)C(=O)NC(Cc1ccccc1)C(=O)Sc1ccc(O)c(Cl)c1,True,1.1522655135579298,0,,False,7.0,557.0240000000002,4.161500000000003,4,7,142.03,11,3,0.3159202364490898
23,MOL00821,CC=C(C)C(=O)OC1C(CI)OC(OC2CC(O)(OC3CC(O)C(O)C(C)O3)Cc3c(O)c4c(c(O)c32)C(=O)c2cccc(OC)c2C4=O)C(C)C1C,True,1.1628177584810448,0,,False,2.0,852.6679999999999,3.7577000000000043,5,14,207.73999999999998,8,6,0.31260409587262067
24,MOL00685,O=C(Nc1cccnc1)c1cc(F)ccc1NC(=O)c1nc(S(=O)(=O)Cc2cccc(F)c2)sc1NCCN1CCOCC1,True,1.1642337211117852,0,,False,7.0,642.7099999999997,4.038900000000003,3,10,142.62,11,5,0.31216177338460843
25,MOL00922,CCC=CCC=CCC=CCC=CCC=CCC=CCCC(=O)OC(COP(=O)(O)O)COP(=O)(O)OCC(O)COCCCCCCCCCCCCCCC(C)C,True,1.185877995941227,0,,False,1.0,875.0709999999993,11.72379999999999,4,9,178.27999999999997,41,0,0.30547785340591366
26,MOL00530,CC(NC(=O)C(O)C(O)C(=O)NCc1c[nH]c2ccccc12)C(=O)NCCO,True,1.1935019271164284,0,,False,5.0,392.41200000000015,-1.8808999999999982,7,6,163.77999999999997,9,2,0.303157766604824
27,MOL00548,COCCCCNc1ccc(-c2ccc3c(c2)CCC(=C(C)N)N3N)n1NC1=CCNCC1,True,1.2114262024639928,0,,False,5.0,451.61900000000026,3.2308000000000012,5,7,105.53,9,4,0.2977722928656881
28,MOL00600,CC(=O)Nc1cc(N2CN(C3CCC(C4CCN(C(C)=O)CC4)CC3)C(=O)N(C)C2N)ncn1,True,1.2116740790129081,0,,False,8.0,472.59400000000034,1.625900000000001,2,7,128.0,4,4,0.29769849124459347
29,MOL00877,CSCC(=O)C(CC(=O)NCNC(=O)CCCC(=O)NC(C(=O)NC1CCCc2ccccc21)C1=CCCCC1)S(C)(=O)=O,True,1.2247506559373011,0,,False,2.0,648.8480000000001,2.261000000000002,4,8,167.60999999999999,16,3,0.2938309561945593
30,MOL00875,CCCCCCC(O)C(OC(=O)Nc1ccccc1)C1OC(CCCCC(=O)O)CS1,True,1.236945939994117,0,,False,6.0,453.6010000000003,5.038100000000004,3,6,105.09000000000002,14,2,0.29026936566452405
31,MOL00459,CS(=O)(=O)Nc1ccc2c(c1)CC(NCC(O)c1ccc([N+](=O)[O-])cc1)C2,True,1.244400598154575,0,,False,8.0,391.4490000000002,1.7566999999999995,3,6,121.57000000000002,7,3,0.28811355217888873
32,MOL00248,NC(Cc1cccc(CNC(=O)c2cc(-c3ccccc3)cc(-c3ccccc3)n2)c1)C(=O)O,True,1.2613109413273413,0,,False,6.0,451.5260000000001,4.3000000000000025,3,4,105.30999999999999,8,4,0.28328241634653856
33,MOL00332,CCC(=O)CC(c1ccc(-c2cccc(C(N)=O)c2)c(F)c1O)C1NCc2ccccc2N1,True,1.2618474135072701,0,,False,9.0,447.5100000000001,4.291400000000001,4,5,104.45,7,4,0.28313048396849655
34,MOL00123,CCOc1cc(C=CC(=O)Nc2nc(-c3ccccc3)c(C)s2)ccc1O,True,1.3048438768045183,0,,False,7.0,380.4690000000001,4.874720000000004,2,5,71.45,6,3,0.27121487467331107
35,MOL00890,Cc1nc(C(=O)CC(C)(C)C)cc2c1c(C(C)NC(=O)C1C=NC=C(F)C1)c(C(=O)c1cc(F)ccc1OCCO)n2C,True,1.3134856707747875,0,,False,6.0,594.6590000000001,5.320620000000006,2,7,122.88000000000002,10,4,0.2688811897403016
36,MOL00133,CCC=Cc1c(OCCC2CCN(Cc3nnc(-c4ccccc4OC)o3)C2)n(C(C)C)[nH]c1=O,True,1.3147269819519982,0,,False,5.0,481.59700000000026,4.530100000000004,1,7,98.41,11,4,0.2685476315817009
37,MOL00057,CCc1cc(=O)n(CCCOc2ccc(CC(=O)O)cc2)c(C(F)(F)F)c1CCCOc1ccccc1,True,1.333710561663053,0,,False,8.0,517.5440000000002,5.537300000000005,1,4,77.76,13,3,0.26349772056033466
38,MOL00777,CC(C(=O)N(C)C(CN)C(=O)NC(C(=O)NC(CC(N)=O)c1ccc(F)cc1)C(C)(C)C)n1cc(-c2cccc(Cl)c2)nn1,True,1.3347471438776144,0,,False,1.0,629.1370000000002,2.3481000000000023,4,7,178.32999999999998,12,3,0.26322472502522704
39,MOL00583,COc1ccc(NC(C)=O)cc1NC(=O)c1cnc(Nc2ccc(C)c(C)c2)nc1,True,1.3405792108818109,0,,False,6.0,405.45800000000014,4.056340000000002,3,6,105.24000000000001,6,3,0.26169404863392953
40,MOL00151,COCCOc1cc(N2CCCC(NC(=O)C(F)(c3nc(C4CC5(CC5)C(NC(=O)C5CC5)CO4)ccc3F)C(F)(F)F)C2=O)ccc1Cl,True,1.3460345718847626,0,,False,1.0,715.1160000000004,5.074600000000004,2,7,119.09,11,6,0.2602703001881906
41,MOL00230,CCCCCCN(Cc1nc(CN2CCCCC2)cs1)C(=O)CCCCCNC(=O)C=Cc1ccccc1,True,1.3511863999103677,0,,False,6.0,538.8020000000004,6.427900000000007,1,5,65.54,17,3,0.25893288039790113
42,MOL00053,Cc1cc(NC(=O)N2CC(OCCO)C2)n(-c2ccccc2)n1,True,1.3561114375162275,0,,False,7.0,316.361,1.4057199999999994,2,4,79.62000000000002,5,3,0.2576607614128431
43,MOL00569,Cc1cnc2c(ccc3cc(C4CC4)nc(CC(O)c4ccc(C5(c6cccc(N7CCN(C(=O)CO)CC7C)c6)CC5)cc4)c32)c1N=O,True,1.3567796364928566,0,,False,8.0,655.7990000000001,6.7521200000000094,2,8,119.22,9,8,0.25748865026440004
44,MOL00798,CCCCCCCCCCCCCCCCCC(=O)NC(COP(=O)(O)OCC[N+](C)(C)C)C(=O)[O-],True,1.3580011463925272,0,,False,3.0,536.6910000000003,4.322400000000003,2,6,124.99000000000001,25,0,0.25717431734851787
45,MOL00440,NC(=O)c1cc(S(=O)(=O)N2CCCCCC2)ccc1OC1CCC(=C2c3ccccc3COc3ccc(C(=O)NCCC(=O)O)cc32)CC1,True,1.3642936458486987,0,,False,6.0,687.8149999999999,5.270600000000004,3,7,165.32999999999998,9,6,0.2555611289130575
46,MOL00179,CCOc1ccccc1C1C(O)=C(Sc2cccc(C(N)=O)c2)Nc2ccccc2N1C(=O)CO,True,1.4000313787020118,0,,False,7.0,491.56900000000024,4.195700000000002,4,7,125.12000000000002,7,4,0.2465892261703592
47,MOL00524,CCOc1ccccc1-c1nc(N)ncc1CN(CC1CCC(N(N)C(C)=O)CC1)C(=O)Cc1ccc(C)cc1,True,1.441555147995761,0,,False,5.0,544.7000000000004,4.2852200000000025,2,7,127.66999999999999,10,4,0.23655958730775603
48,MOL00810,COc1cccc(NC(=O)CN2CCC(NCc3nccn3Cc3ccccc3)CC2)c1,True,1.4764221470433676,0,,False,8.0,433.55600000000015,3.1327000000000007,2,5,71.42000000000002,9,4,0.22845360129807699
49,MOL00211,C=CC(=O)NCCCCn1cc(C#CC(=CNc2nc3ccc(OCCOCCF)cc3[nH]2)c2nc(N)c(C)c(N)n2)nn1,True,1.4916762611396404,0,,False,6.0,603.663,2.3692200000000003,5,11,196.8,15,4,0.22499518857001208
50,MOL00857,COc1cc(-c2ccnc(C3CCCCN3C(=O)c3ncc(C(=O)O)cn3)n2)ccc1F,True,1.4945484958108797,0,,False,6.0,437.43100000000004,3.1469000000000014,1,7,118.4,5,4,0.22434987677563145
51,MOL00261,Nc1cc(-c2cccc(-c3cccc(O)c3)c2)nc(Cc2ccc(CS(=O)(=O)O)cc2)n1,True,1.4991061921966864,0,,False,9.0,447.5160000000002,4.0770000000000035,3,6,126.4,6,4,0.223329684781779
52,MOL00349,CSCCC(N)C(=O)NCC(=O)N1CCCC1C(=O)NCC(=O)NC(CC(C)C)C(=O)O,True,1.5055543156018425,0,,False,0.0,473.59600000000023,-1.0942999999999945,5,7,170.92999999999998,13,1,0.22189426028495718
53,MOL00406,CC(C)C1(O)C=CC23NC(=O)N(Cc4cc5cccc(O)c5oc4=O)C2C13C,True,1.5356769972893654,0,,False,8.0,382.4160000000001,2.1079999999999997,3,5,103.00999999999999,3,5,0.21530987761410195
54,MOL00357,COC1CCN(C(=O)CCCN2C(=O)N(Cc3ccccc3)C3CC(=O)N(CC#N)C(C)C32)CC1,True,1.5635807988496429,0,,False,8.0,481.59700000000026,2.2233799999999997,0,5,97.19,8,4,0.20938496178717042
55,MOL00344,C[N+](CCN)(CC(=O)O)CC(=O)NCCOc1cc2occ(Cl)c(=O)c2cc1Cl,True,1.5703538704565754,0,,False,6.0,447.2950000000002,1.0846999999999993,3,6,131.86,10,2,0.20797157433797125
56,MOL00489,CC1(C)NCCc2cc(C(=O)Nc3ccc(-c4ccc(N)nc4)cn3)c(Cl)cc21,True,1.5781559690244018,0,,False,6.0,407.90500000000014,4.012300000000002,3,5,92.93,3,4,0.20635527308557275
57,MOL00867,COC(C(C(=O)NC=CN)C(=O)NC(Cc1ccc(F)cc1)C(N)=O)C1CC(C)CN1C,True,1.6017575935818038,0,,False,3.0,449.5270000000002,-0.144199999999997,4,6,139.78,10,2,0.2015419776306422
58,MOL00842,COc1ccccc1N1CCN(CC(O)CCCCCCCC(O)C2OC2CO)CC1,True,1.614354476489351,0,,False,9.0,436.59300000000025,2.0294,3,7,88.93,14,3,0.1990191004924871
59,MOL00904,CCC1CC(C(=O)C(CN2CCNC(=O)C2C#N)SC2=C(C(=O)OCc3ccc([N+](C)(C)C)cc3)N3CCCC3C2C)c2cncnc2N1C,True,1.6424639983743496,0,,False,0.0,701.9179999999998,3.4393800000000043,1,11,131.76000000000002,11,6,0.19350266415303366
60,MOL00748,Cc1ccc(Nc2nc(NNC(=O)c3ccc(N(C)C)cc3)nc(Sc3ccc(NC(=O)OC(C)(C)C)cc3)n2)cc1,True,1.648186270063524,0,,False,8.0,586.7220000000002,6.2447200000000045,4,10,133.4,9,4,0.19239855136563377
61,MOL00484,Cn1nc(C(=O)N2CCCC(CC(N)=O)C2)cc1-c1ccc(Cl)cc1,True,1.652651713295761,0,,False,7.0,360.845,2.4681000000000006,1,3,81.22,4,3,0.19154132193566634
62,MOL00303,CCCCCCCn1c2ccc(OC)cc2c2c(NC3CCCN(C)C3)n[nH]c(=O)c21,True,1.659658712285369,0,,False,7.0,425.5770000000002,4.362900000000002,2,5,75.18,9,4,0.1902038832741994
63,MOL00889,C=CC(=O)N1CC(C)C(NC(=O)C2(NC(=O)c3ccc(C(C)C)cc3)CC2)C1,True,1.6876035344151799,0,,False,2.0,383.4920000000002,2.2215,2,3,78.51,6,3,0.18496224895765404
64,MOL00463,[C-]#[N+]c1ccc(C(O)C(C)C=CCCn2c(=O)c(NC(=O)CCC(C)=O)nc3cc(F)ccc32)cc1,True,1.692508410433776,0,,False,6.0,490.5350000000002,4.710090000000004,2,5,105.64999999999999,10,3,0.18405725331845013
65,MOL00702,CCCC(=O)Nc1ccc(C(=O)NCc2cc(-c3cccs3)nc3c2cnn3C(C)C)cc1,True,1.6934124586182346,0,,False,2.0,461.5910000000001,5.409300000000004,2,5,88.91,8,4,0.18389093188537387
66,MOL00392,CCCCCCCCCC(C=CCCCC(N)C(=O)O)(CCCC(=O)O)S(=O)(=O)CCCCCCCC,True,1.695747695066507,0,,False,2.0,545.8270000000003,7.034500000000007,3,5,134.76000000000002,26,0,0.18346200409755398
67,MOL00370,CCn1c(CCC(=O)Nc2ccc(C(N)=O)cc2)nc2cc(S(=O)(=O)N3CCCCC3)ccc21,True,1.7372119820816847,0,,False,5.0,483.59400000000034,2.9010000000000016,2,5,127.39,8,4,0.17601043743724157
68,MOL00464,COc1ccc(C)cc1C(OCC(O)CNC(C)(C)CO)c1cccc(C)c1,True,1.7733545238102384,0,,False,6.0,387.52000000000015,3.1394400000000022,3,5,70.95,10,2,0.169762560052088
69,MOL00382,COCCCN1C(=O)C2=C(C1=O)C(c1ccc(OCC(=O)Nc3ccc(C)cc3)c(Br)c1)c1ccc(C)cc1S2,True,1.8444997632627822,0,,False,2.0,621.5530000000001,5.980440000000006,1,6,84.94,9,5,0.15810439073573948
70,MOL00706,CC1(C)N=C(N)C=C(C(=O)Nc2ccc(Oc3ccnc(-c4nncn4C(C)(C)C)c3)cc2)C1=O,True,1.849737249792334,0,,False,7.0,473.53700000000026,3.4708000000000023,2,8,137.38,5,4,0.1572784858398487
71,MOL00723,CC(C)(CCNC(=O)NCCCn1cnc2ccccc21)c1ccccc1,True,1.8689136193533424,0,,False,2.0,364.49300000000005,4.093500000000002,2,2,58.95,8,3,0.1542911897616021
72,MOL00086,CCCCCCNC(=O)C1CCCN1C(=O)CN1CCN(Cc2ccccc2)C1=O,True,1.8693950409077322,0,,False,6.0,414.5500000000002,2.6117000000000017,1,3,72.96000000000001,10,3,0.15421692853411048
73,MOL00273,O=C(O)CSCC(=O)Nc1nc(-c2cc3ccccc3o2)cs1,True,1.9237175508131807,0,,False,8.0,348.4050000000001,3.3126000000000015,2,6,92.42999999999999,6,3,0.14606295511245332
74,MOL00572,CC(C)C(NC(=O)OC1CC(C#CC(O)c2ccccc2Cl)C1)C(=O)NC1(C#N)CC1,True,1.9685079269455048,0,,False,6.0,443.93100000000027,3.0785800000000014,3,5,111.44999999999999,6,3,0.1396650913448546
75,MOL00356,CCC(NC(=O)C(=Cc1cccnc1)NC(N)=O)c1cc2c(cc1OC)CC(C)O2,True,2.045083303001274,0,,False,7.0,410.4740000000003,2.6903000000000006,3,5,115.57000000000002,7,3,0.12936941266813792
76,MOL00964,C=c1[nH]c(=O)c(=CNc2ccc(S(=O)(=O)NCc3cccnc3)c(OCC(=O)N3CCOCC3)c2)s1,True,2.054141898796469,0,,False,0.0,531.6160000000003,-0.19209999999999794,3,9,142.72,9,4,0.1282027993671874
77,MOL00539,CNc1cnc(OCc2nc(NSC3CC3)cc(F)c2F)cc1OCCN1CCOCC1,True,2.065371185107326,0,,False,8.0,467.54200000000037,3.309000000000002,2,9,80.77000000000001,11,4,0.1267712262425284
78,MOL00721,COc1ccc(C2(O)CN(C(=O)N3CCN(c4cnc5ccc(F)cc5n4)C(C(=O)NC(C)C)C3)C2)c(F)c1,True,2.0809380174992853,0,,False,1.0,540.5710000000003,2.2552000000000003,2,7,111.13000000000002,5,5,0.12481308041776926
79,MOL00831,COc1cc2c(cc1OCC(C)C)c(CCNC(=O)c1ccccc1)c(C)n2C(=O)N1CCC(N(C)C)C1,True,2.1743140646274077,0,,False,5.0,520.6740000000002,4.569620000000004,1,5,76.03999999999999,9,4,0.11368610825482824
80,MOL00886,CCC(C)(C)P(=O)(OCCOCCn1cc(Cn2c(CO)nc3c(N)nc4ccccc4c32)nn1)OCc1ccccc1,True,2.3568399731429333,0,,False,2.0,607.6520000000002,4.930500000000004,2,10,152.42999999999998,15,5,0.09471906556372556
81,MOL00860,COC(=O)NC(C(=O)NCc1cccc(C2CC(CCC(O)c3ccccc3)OC(CO)O2)c1)C(C)C,True,2.414114413084218,0,,False,5.0,514.6190000000003,3.3622000000000014,4,7,126.35000000000001,11,3,0.08944651652194925
82,MOL00670,Cc1cc(C(C)C(C)C(=O)c2ccc3c(c2)CC(c2ccc(O)cc2)(c2ccc(O)c(O)c2)C3)ccc1O,True,2.7421083819407075,0,,False,9.0,508.6140000000002,6.524820000000008,4,5,97.99000000000001,6,5,0.06443435135551963
83,MOL00225,CNCC(c1ccccc1)n1c(=O)c(CC(=O)O)cc2cnc(Nc3c(Cl)c(OC)cc(OC)c3Cl)cc21,True,3.259874439367968,0,,False,7.0,557.4340000000002,4.900000000000003,3,7,114.71000000000001,10,4,0.03839321839168812
84,MOL00001,Cc1c(C(=O)O)ccc(-c2cccc(Cl)c2)c1-c1ccc(-c2ccccc2)cc1,False,,0,,False,,398.88900000000007,7.347620000000005,1,1,37.3,4,4,1.0112214926104486e-43
85,MOL00002,O=C(Cc1n[nH]c2ccccc12)N1CCCC1CO,False,,0,,False,,259.30899999999997,1.0887,2,3,69.22,3,3,1.0112214926104486e-43
86,MOL00003,CCCOC1CC(C(C)CC)CCC1NCC,False,,0,,False,,241.41899999999993,3.605900000000002,1,2,21.259999999999998,7,1,1.0112214926104486e-43
87,MOL00004,O=C(NCc1ccc(Oc2ccccc2)cc1)C(c1ccccc1)n1cnc2ccccc2c1=O,False,,0,,False,,461.5210000000002,5.094600000000004,1,4,73.22,7,5,1.0112214926104486e-43
88,MOL00005,C=CCC12C=CC=CC1CC(=O)C2,False,,0,,False,,174.2429999999999,2.654000000000001,0,1,17.07,2,2,1.0112214926104486e-43
89,MOL00006,Cc1ccc(CNC(=O)C(C)Oc2ccc(C#N)cc2Cl)cc1,False,,0,,False,,328.7990000000001,3.6038000000000023,1,3,62.12,5,2,1.0112214926104486e-43
90,MOL00007,COC(=O)C=Cc1ccc(OCCCCCCOS(=O)(=O)c2ccc(C)cc2)cc1,False,,0,,False,,432.538,4.525920000000005,0,6,78.9,12,2,1.0112214926104486e-43
91,MOL00008,C=C(C=CC=CC)C(=CC)c1ccnc(C=CC=CC)n1,False,,0,,False,,278.399,5.157700000000005,0,2,25.78,6,1,1.0112214926104486e-43
92,MOL00009,Cc1cc(C(N)Cc2cc(Br)cc(Br)c2)sc1Cl,False,,0,,False,,409.57400000000007,5.477420000000002,1,2,26.02,3,2,1.0112214926104486e-43
93,MOL00010,COc1ccc(C=C2SC(=NS(=O)(=O)c3ccccc3)N(c3ccc(C)cc3)C2=O)cc1Br,False,,0,,False,,543.4640000000002,5.631920000000004,0,5,76.03999999999999,5,4,1.0112214926104486e-43
94,MOL00011,CCCCCCCCC=CCCCCCCCCCCCC(=O)OCCCCCCCCC=CCCCCCCCCCC(=O)NC(CO)C(O)CCCCCCCCCCCCCCCCC,False,,0,,False,,958.635999999999,19.024799999999985,3,5,95.86000000000001,57,0,1.0112214926104486e-43
95,MOL00012,Cc1cc(C(=O)N2CC(c3ccncn3)CC2C)cc(C(C)(C)C)n1,False,,0,,False,,338.45500000000015,3.495720000000002,0,4,58.980000000000004,2,3,1.0112214926104486e-43
96,MOL00013,CCCCCCCCCCC1=C(C)C2CC1C(C(=O)c1cccc(CO)c1F)C(=O)O2,False,,0,,False,,430.5600000000002,5.9095000000000075,1,4,63.599999999999994,12,3,1.0112214926104486e-43
97,MOL00015,C=CCn1c(SCC(=O)N2CCN(c3ccc(OCC)cc3)CC2)nnc1C(C)NC(=O)c1cccc(F)c1,False,,0,,False,,552.6760000000004,3.9338000000000024,1,7,92.59,11,4,1.0112214926104486e-43
98,MOL00016,O=S(=O)(NCCC(F)(F)F)C1CC1,False,,0,,False,,217.21199999999996,1.0206,1,2,46.17,4,1,1.0112214926104486e-43
99,MOL00017,c1cnc(N2CC3C4CCN(CC4)C3C2)nc1,False,,0,,False,,230.31499999999997,1.007,0,4,32.260000000000005,1,5,1.0112214926104486e-43
100,MOL00018,CC1(C(=O)NCc2ccc(CN3CCOCC3)cc2)CCCNC1,False,,0,,False,,331.4600000000001,1.5246999999999997,2,4,53.60000000000001,5,3,1.0112214926104486e-43
101,MOL00019,CC1CN(C(=O)CC23CC4CC(CC(C4)C2)C3)c2ccc(N3CCCC3)cc2O1,False,,0,,False,,394.5590000000002,5.007200000000005,0,3,32.78,3,7,1.0112214926104486e-43
102,MOL00020,CC(C)c1nc(Cl)cc(N(C)C(C)(C)C)n1,False,,0,,False,,241.766,3.488100000000002,0,3,29.020000000000003,2,1,1.0112214926104486e-43
103,MOL00021,CC(C)N1C(=O)C(=Cc2cccc(OCc3ccc(C(=O)O)cc3)c2)NC1=S,False,,0,,False,,396.4680000000001,3.429800000000001,2,4,78.87,6,3,1.0112214926104486e-43
104,MOL00022,FC(F)(F)C(Cl)c1cc(Br)cc(Cl)c1Cl,False,,0,,False,,342.369,5.5981000000000005,0,0,0.0,1,1,1.0112214926104486e-43
105,MOL00023,CC(=CSCc1ccccc1)CCCO,False,,0,,False,,222.35299999999998,3.596100000000003,1,2,20.23,6,1,1.0112214926104486e-43
106,MOL00024,CCOCCS(=O)(=O)NCC(Cl)CC,False,,0,,False,,243.756,0.9597000000000004,1,3,55.400000000000006,8,0,1.0112214926104486e-43
107,MOL00025,Cc1ccc(OC2CCc3nc(NS(C)(=O)=O)sc3-c3cccnc32)c(-c2ccccc2O)c1,False,,0,,False,,493.6100000000002,5.323920000000005,2,7,101.41,5,5,1.0112214926104486e-43
108,MOL00026,CCc1cccc(C(O)(COC(C)C)C(F)(F)F)c1,False,,0,,False,,276.29799999999994,3.4239000000000024,1,2,29.46,5,1,1.0112214926104486e-43
109,MOL00027,O=C1C(=Cc2ccc3ccccc3c2)S(=O)(=O)C(=O)N1Nc1ccccc1,False,,0,,False,,378.40900000000005,3.584800000000002,1,5,83.55,3,4,1.0112214926104486e-43
110,MOL00028,NC(=S)c1ccc(OC(=O)C=Cc2ccc(F)c(Cl)c2)cc1,False,,0,,False,,335.78700000000003,3.7321000000000017,1,3,52.32,4,2,1.0112214926104486e-43
111,MOL00029,CC(=O)NCC1CN(c2ccc(N3CCN(c4ncc(CN(C)C)cn4)CC3)c(F)c2)C(=O)O1,False,,0,,False,,471.5370000000003,1.4651999999999987,1,8,94.14,7,4,1.0112214926104486e-43
112,MOL00030,O=C(C=Cc1nc2ccccc2s1)N1CCC(c2nc(-c3ccc(OC(F)(F)F)cc3)no2)CC1,False,,0,,False,,500.50200000000024,5.664300000000004,0,7,81.35000000000001,5,5,1.0112214926104486e-43
113,MOL00031,CC1CC2(Br)CC(C)(C)CC(C)(C)N2O1,False,,0,,False,,276.21799999999996,3.7020000000000026,0,2,12.47,0,2,1.0112214926104486e-43
114,MOL00032,COC(=O)C1OC(OCC2OC(OCc3ccccc3)C(O)C(OCc3ccccc3)C2O)C(OCc2ccccc2)C(OCc2ccccc2)C1OCc1ccccc1,False,,0,,False,,820.9320000000001,5.906000000000005,2,12,140.60000000000002,19,7,1.0112214926104486e-43
115,MOL00033,CCOc1ccc(C(C)(OCCN2CCC(F)(F)C2)C(=O)N(F)C(=N)N)cc1,False,,0,,False,,402.41700000000003,2.2646699999999997,2,5,91.88000000000001,8,2,1.0112214926104486e-43
116,MOL00034,CC(=O)c1c(C)[nH]c(Cn2nnc(C(=O)N3CC(Oc4cccnc4)C3)n2)c1C,False,,0,,False,,395.4230000000001,1.1673399999999994,1,7,118.89,6,4,1.0112214926104486e-43
117,MOL00035,N#Cc1ccccc1NC(=O)c1ccc(CN2CCCOc3ccccc32)cc1,False,,0,,False,,383.4510000000001,4.599680000000004,1,4,65.36,4,4,1.0112214926104486e-43
118,MOL00036,CC1CC(C)CN(CC(=O)Nc2nc(Cc3ccc(C(C)(C)C)cc3)cs2)C1,False,,0,,False,,399.6040000000002,4.947800000000004,1,4,45.230000000000004,5,3,1.0112214926104486e-43
119,MOL00037,CN=C(N=P(Oc1ccccc1)(c1ccccc1)c1ccccc1)POc1ccccc1,False,,0,,False,,458.4380000000001,6.490900000000004,0,3,43.18000000000001,7,4,1.0112214926104486e-43
120,MOL00038,COc1ccccc1N1CCN(C(=O)CCS(C)(=O)=O)CC1,False,,0,,False,,326.41800000000006,0.7784999999999997,0,5,66.92,5,2,1.0112214926104486e-43
121,MOL00039,CCN(CC)CCNC(=O)NCC(=O)NC(C)(C)C,False,,0,,False,,272.39300000000003,0.5421000000000014,3,3,73.47,7,0,1.0112214926104486e-43
122,MOL00040,CC(C)(C)OC(=O)N1CC2CCCN2C(C(=O)O)C1,False,,0,,False,,270.329,1.1546999999999998,1,4,70.08,1,2,1.0112214926104486e-43
123,MOL00041,c1ccc2c(c1)oc1cc(-c3ccc(NCc4ccc(C5CCCCC5)cc4)cc3)ccc12,False,,0,,False,,431.5790000000003,8.912799999999999,1,2,25.17,5,6,1.0112214926104486e-43
124,MOL00042,CC(=O)Nc1ccc(S(=O)(=O)Nc2nc(-c3cccc(F)c3)c(C)s2)cc1,False,,0,,False,,405.47600000000006,4.016820000000002,2,5,88.16,5,3,1.0112214926104486e-43
125,MOL00043,COC1(C(=O)NC(C)c2cccc(F)c2F)CCC1,False,,0,,False,,269.291,2.711100000000001,1,2,38.33,4,2,1.0112214926104486e-43
126,MOL00044,COc1cc(N)c(Cl)cc1NC(=O)NC(C)(C)C,False,,0,,False,,271.74800000000005,2.8508000000000013,3,3,76.38,2,1,1.0112214926104486e-43
127,MOL00045,COC1OC(C)(C)OC1C1OC(C(=O)NC2CCCOc3ccc(C)cc32)CC1C,False,,0,,False,,419.51800000000026,3.2425200000000016,1,6,75.25,4,4,1.0112214926104486e-43
128,MOL00046,CCCN1CCC2Cc3cc(F)ccc3CC2C1,False,,0,,False,,247.35699999999997,3.272400000000002,0,1,3.24,2,3,1.0112214926104486e-43
129,MOL00047,COc1ccc(-c2cccc(C(O)CN)c2)c(F)c1F,False,,0,,False,,279.28599999999994,2.6324999999999994,2,3,55.480000000000004,4,2,1.0112214926104486e-43
130,MOL00048,O=C1c2oc3ccccc3c(=O)c2C(c2cccs2)N1c1ccccc1,False,,0,,False,,359.406,4.604300000000004,0,4,50.52,2,5,1.0112214926104486e-43
131,MOL00049,CC1Cc2cnoc2C(=N)N1,False,,0,,False,,151.169,0.5341699999999999,2,3,61.910000000000004,0,2,1.0112214926104486e-43
132,MOL00050,Cc1ccc(CN2C(=O)C(CC3=NC=CC3)CC2C(=S)N2CCCCC2)cc1,False,,0,,False,,395.57200000000023,4.273920000000004,0,3,35.910000000000004,5,4,1.0112214926104486e-43
133,MOL00051,CCOC(=O)C(Cc1c(NC=O)n(C)c2ccc(C)cc12)Nc1ccc(F)c(Cl)c1,False,,0,,False,,431.8950000000001,4.4338200000000025,2,4,72.36,8,3,1.0112214926104486e-43
134,MOL00052,CC1SCCCC1NS(=O)(=O)c1ccc(F)cc1N,False,,0,,False,,304.41200000000003,1.9703,2,4,72.19,3,2,1.0112214926104486e-43
135,MOL00054,COc1cc(C=CCC23CC(C)(C)OC2CC(C)(O)C(CO)O3)cc2c1OCO2,False,,0,,False,,406.47500000000014,2.665700000000001,2,7,86.61000000000001,5,4,1.0112214926104486e-43
136,MOL00055,CC(C)=CC(F)(c1c(F)c(F)c(F)c(Cl)c1F)C(F)(F)F,False,,0,,False,,338.62499999999994,5.589700000000002,0,0,0.0,2,1,1.0112214926104486e-43
137,MOL00056,Cn1cc(CO)nn1,False,,0,,False,,113.12,-0.6926000000000001,1,3,50.94,1,1,1.0112214926104486e-43
138,MOL00058,CCc1sccc1-c1nnnn1C1CCN(C(=O)CCOc2ccccc2)CC1,False,,0,,False,,411.53100000000023,3.5966000000000022,0,6,73.14,7,4,1.0112214926104486e-43
139,MOL00059,CC(C)c1ccc(-c2cccc(-c3ccc(-c4cccc5c4Oc4ccc(F)cc4C5(C)C)cc3)c2)nc1,False,,0,,False,,499.62900000000025,9.776699999999996,0,2,22.12,4,6,1.0112214926104486e-43
140,MOL00060,CCCN(CCC)c1cc(N2CCCC2)nc(C)n1,False,,0,,False,,262.4009999999999,3.0116200000000015,0,4,32.260000000000005,6,2,1.0112214926104486e-43
141,MOL00061,CCCN(CCC)C(=O)c1cc([N+](=O)[O-])cc(Cl)c1NC,False,,0,,False,,313.785,3.552100000000002,1,4,75.48,7,1,1.0112214926104486e-43
142,MOL00062,CC(NC1CCC(C)(C)C1)C(C)(C)C,False,,0,,False,,197.36599999999999,3.5893000000000024,1,1,12.03,2,1,1.0112214926104486e-43
143,MOL00063,N#CNCCc1nc2ccccc2s1,False,,0,,False,,203.27,1.90948,1,4,48.71,3,2,1.0112214926104486e-43
144,MOL00064,CC=Cc1ccc(OCC(=O)NCCOC(C)c2ccccc2)c(OC)c1,False,,0,,False,,369.46100000000007,4.001100000000003,1,4,56.790000000000006,10,2,1.0112214926104486e-43
145,MOL00065,NCC(O)C(O)C(CO)NC(=O)C(O)CCC(=O)O,False,,0,,False,,280.277,-3.6302999999999948,7,7,173.33999999999997,9,0,1.0112214926104486e-43
146,MOL00066,O=C(CCl)N1CCc2sccc2C1CSc1ccc(F)cc1Cl,False,,0,,False,,390.3320000000001,4.997500000000003,0,3,20.310000000000002,4,3,1.0112214926104486e-43
147,MOL00067,CCC(CC)N(C)CC(C)(CC)CN,False,,0,,False,,200.36999999999998,2.4818,1,2,29.259999999999998,7,0,1.0112214926104486e-43
148,MOL00068,Fc1cccc(-c2csc(-c3ccn[nH]3)n2)c1,False,,0,,False,,245.282,3.3393000000000015,1,3,41.57,2,3,1.0112214926104486e-43
149,MOL00069,[O-][S+](Cc1cccc(F)c1Cl)C1=NCNC=C1,False,,0,,False,,272.73199999999997,2.2007000000000003,1,3,47.45,2,2,1.0112214926104486e-43
150,MOL00070,CCC1CCCN(Cc2ccccn2)CC1,False,,0,,False,,218.34400000000002,3.093700000000002,0,2,16.130000000000003,3,2,1.0112214926104486e-43
151,MOL00071,CCC1(C)C(=O)C(=O)C(C)C1(C)C,False,,0,,False,,182.26299999999995,2.2168,0,2,34.14,1,1,1.0112214926104486e-43
152,MOL00072,NC(=O)COC(=O)c1ccc(Cl)c(S(=O)(=O)N2CCCCC2)c1,False,,0,,False,,360.81900000000024,1.1566999999999994,1,5,106.77,5,2,1.0112214926104486e-43
153,MOL00073,O=C1CC(c2cccc(Cl)c2)n2nc(C(=O)Nc3ccc(F)cc3F)cc2N1,False,,0,,False,,402.78800000000007,3.9986000000000015,2,3,76.02,3,4,1.0112214926104486e-43
154,MOL00074,CN(CC(N)=S)C(=O)c1ccccc1,False,,0,,False,,208.28600000000003,1.0447000000000004,1,2,46.33,3,1,1.0112214926104486e-43
155,MOL00075,Cn1cc(OCCOC2=CCCC=C2)cc1N,False,,0,,False,,234.29899999999998,2.2365999999999997,1,3,49.41,5,2,1.0112214926104486e-43
156,MOL00076,C=C1OC(=O)N2C(O)OC(O)C12C(=O)C=CC1CCC2NCCCN12,False,,0,,False,,351.35900000000015,-0.775299999999999,3,8,111.57000000000001,3,4,1.0112214926104486e-43
157,MOL00077,O=C(COc1cccc([N+](=O)[O-])c1)Nc1ccsc1C(=O)N1CCOCC1,False,,0,,False,,391.40500000000026,2.1461999999999994,1,7,111.00999999999999,6,3,1.0112214926104486e-43
158,MOL00078,O=C(CSc1n[nH]c(-c2ccc(F)cc2)n1)NC1CCCCC1,False,,0,,False,,334.42000000000024,3.1518000000000015,2,4,70.67,5,3,1.0112214926104486e-43
159,MOL00079,C(=Cc1ccccc1)Sc1nccn1-c1cccc2nonc12,False,,0,,False,,320.37700000000007,4.171500000000003,0,5,56.74,4,4,1.0112214926104486e-43
160,MOL00080,O=S(=O)(O)c1nc2ccccc2nc1C1CC(OC2OC(CO)C(O)C(O)C2O)CN1,False,,0,,False,,457.4610000000002,-1.9039999999999981,6,11,191.56,5,4,1.0112214926104486e-43
161,MOL00081,CCC1c2ccc(C)n2CCN1C(C)c1ccccc1,False,,0,,False,,268.404,4.3244200000000035,0,1,8.17,3,3,1.0112214926104486e-43
162,MOL00082,CCOC(=O)C(Cl)=C(CCNC)NCc1ccccc1,False,,0,,False,,296.798,2.3992000000000004,2,4,50.36,8,1,1.0112214926104486e-43
163,MOL00083,O=C(Nc1ccc(Cl)cn1)c1c(Nc2ccc(F)c(Cl)c2)nc(N2CCOCC2)nc1NC1CCNCC1O,False,,0,,False,,577.4480000000003,3.2847000000000004,5,10,136.56,7,5,1.0112214926104486e-43
164,MOL00084,Cc1ncc(-c2cc(C(=O)N3CCOCC3)no2)c(C2CC2)n1,False,,0,,False,,314.345,1.78982,0,6,81.35000000000001,3,4,1.0112214926104486e-43
165,MOL00085,CCCNC(=O)N1c2ccccc2CC1CN1CC(CC)n2c(=O)n(c(=O)c3ccccc32)CC1C(=O)N1CCOCC1,False,,0,,False,,588.7090000000001,2.2082000000000015,1,6,109.12,6,6,1.0112214926104486e-43
166,MOL00087,CCCCC(CCN1CCC(C)CC1)C(=O)O,False,,0,,False,,241.37499999999997,2.9994000000000014,1,2,40.540000000000006,7,1,1.0112214926104486e-43
167,MOL00088,CC1CN(CC(=O)Nc2cccc(C#N)c2)CCN1,False,,0,,False,,258.32499999999993,0.7904799999999996,2,4,68.16,3,2,1.0112214926104486e-43
168,MOL00089,CCN=C(C)N(C)Cc1cc(Br)ccc1F,False,,0,,False,,287.176,3.458300000000003,0,1,15.6,3,1,1.0112214926104486e-43
169,MOL00090,CC1CCN(c2c(F)cc(CO)cc2F)C1,False,,0,,False,,227.25399999999996,2.3033,1,2,23.47,2,2,1.0112214926104486e-43
170,MOL00091,Oc1ccc(-n2nnnc2C2CNC2)cc1,False,,0,,False,,217.23200000000003,0.054700000000000026,2,5,75.86,2,3,1.0112214926104486e-43
171,MOL00092,CCCCCCCCC(C)(C)CNC(=O)CNC1CC1,False,,0,,False,,282.4720000000001,3.631400000000002,2,2,41.13,12,1,1.0112214926104486e-43
172,MOL00093,Cc1ccc(CNS(=O)(=O)c2ccc3c(c2)n(C)c(=O)n3-c2ccc(F)cc2)cc1,False,,0,,False,,425.4850000000001,3.2552200000000022,1,3,73.1,5,4,1.0112214926104486e-43
173,MOL00094,CC(=O)NC1C(O)OC(COC2OC(COC3OC(CO)C(O)C(O)C3NC(C)=O)C(O)C(O)C2O)C(O)C1O,False,,0,,False,,586.5440000000003,-7.285399999999992,11,16,286.42,9,3,1.0112214926104486e-43
174,MOL00095,CN1CCCc2cc(CCNC(=O)c3ccncc3Cl)ccc21,False,,0,,False,,329.8310000000001,3.089900000000001,1,3,45.230000000000004,4,3,1.0112214926104486e-43
175,MOL00096,Cc1nc(NC2CCCC2(C)C)sc1CCCNC(C)(C)C,False,,0,,False,,323.55,4.762820000000004,2,4,36.95,6,2,1.0112214926104486e-43
176,MOL00097,COC1=c2c(O)c3c(c(=O)c(F)c2C(O)=C1O)=COC3=O,False,,0,,False,,294.19,-0.6472999999999998,3,7,113.29000000000002,1,3,1.0112214926104486e-43
177,MOL00098,CCC(=CC=CO)C(C)=N,False,,0,,False,,139.19799999999998,2.43417,2,2,44.08,3,0,1.0112214926104486e-43
178,MOL00099,CC1CC(C)CC(C(C)C)C1,False,,0,,False,,154.29699999999997,3.714700000000003,0,0,0.0,1,1,1.0112214926104486e-43
179,MOL00100,Cc1nn(-c2ccc(C(F)(F)F)cc2)cc1C(=O)Nc1cccnc1,False,,0,,False,,346.31199999999995,3.846820000000002,1,3,59.81,3,3,1.0112214926104486e-43
180,MOL00101,COC(=O)c1ccc(C2OCC2c2ccc(OC)cc2)c2c(OC3CCOC3)nccc12,False,,0,,False,,435.4760000000002,4.052800000000003,0,7,76.11000000000001,6,5,1.0112214926104486e-43
181,MOL00102,CCCN(CCNC(=O)c1nn(C)cc1Cl)C(=O)OC(C)(C)C,False,,0,,False,,344.84300000000013,2.4504,1,4,76.46000000000001,6,1,1.0112214926104486e-43
182,MOL00103,Cc1cnnc(N2CCC(N3CCCCC3)C2)c1C#N,False,,0,,False,,271.36799999999994,1.7213,0,5,56.050000000000004,2,3,1.0112214926104486e-43
183,MOL00104,Cc1cccc(CC(CCCCl)Nc2cc(Cl)c(Cl)c(Oc3cccc(F)c3)c2)c1,False,,0,,False,,466.81100000000015,8.275420000000002,1,2,21.259999999999998,9,3,1.0112214926104486e-43
184,MOL00105,O=C(c1ccc(F)c(O)c1)c1ccc(Br)c(F)c1F,False,,0,,False,,331.087,3.803,1,2,37.3,2,2,1.0112214926104486e-43
185,MOL00106,C[P+](C)(Cc1cccc(Nc2ccccc2-c2ccccc2)c1N)c1ccccc1,False,,0,,False,,411.5090000000001,6.782100000000007,2,2,38.05,6,4,1.0112214926104486e-43
186,MOL00107,CCN(CC)C(=O)CNC(=O)c1cc(S(=O)(=O)Nc2ccc(F)cc2)ccc1Cl,False,,0,,False,,441.91200000000003,2.8781000000000008,2,4,95.58000000000001,8,2,1.0112214926104486e-43
187,MOL00108,CC(C1=CCC=CC=C1)N(C)Cc1ccccc1,False,,0,,False,,239.36199999999997,3.9494000000000034,0,1,3.24,4,2,1.0112214926104486e-43
188,MOL00109,O=c1[nH]c(=S)[nH]c(-c2cccs2)c1C(F)(F)F,False,,0,,False,,278.28000000000003,3.1797900000000006,2,3,48.65,1,2,1.0112214926104486e-43
189,MOL00110,CC(CC(=O)N1CCC(C(O)c2cccc(F)c2)CC1)c1ccccc1,False,,0,,False,,355.45300000000015,4.291500000000004,1,2,40.540000000000006,5,3,1.0112214926104486e-43
190,MOL00111,COCC(Cl)CCCl,False,,0,,False,,157.04000000000002,1.8691000000000002,0,1,9.23,4,0,1.0112214926104486e-43
191,MOL00112,CCS(=O)(=O)N(C)c1ccc(CNC(=O)c2cc(C)sc2C)cc1Cl,False,,0,,False,,400.9530000000001,3.7342400000000024,1,4,66.48,6,2,1.0112214926104486e-43
192,MOL00113,CC(C)(C)c1ccc(-c2nc(-c3ccc(C(=O)N4CCN(C5CCCC5)CC4)o3)no2)cc1,False,,0,,False,,448.5670000000003,4.994500000000005,0,6,75.61000000000001,4,5,1.0112214926104486e-43
193,MOL00114,CC1=C(C=Cc2cccc(C)c2)C(C)(C)CCC1,False,,0,,False,,240.38999999999993,5.534820000000004,0,0,0.0,2,2,1.0112214926104486e-43
194,MOL00115,CC(C)(C)OC(=O)NCCc1c[nH]c2c(NC(=O)OC(C)(C)C)cccc12,False,,0,,False,,375.4690000000001,4.582100000000003,3,4,92.45,4,2,1.0112214926104486e-43
195,MOL00116,O=CCCOCCCN1C(=O)NC(=O)C1=O,False,,0,,False,,228.20399999999998,-0.9394999999999996,1,5,92.78,7,1,1.0112214926104486e-43
196,MOL00117,CC(C)c1nnc(NNC(=O)CCc2nc3ccccc3s2)[nH]c1=O,False,,0,,False,,358.427,1.9739,3,7,112.66,6,3,1.0112214926104486e-43
197,MOL00118,CC(C=CC(C)(C)C)=CC=O,False,,0,,False,,152.237,2.733900000000001,0,1,17.07,2,0,1.0112214926104486e-43
198,MOL00119,CCCOC(=O)CC(CCN)c1ccc(OC)cc1,False,,0,,False,,265.35299999999995,2.4709000000000003,1,4,61.55,8,1,1.0112214926104486e-43
199,MOL00120,CC(=O)NC(=Cc1ccsc1)C(=O)C(C#N)c1nc2ccccc2n1C(C)=O,False,,0,,False,,392.4400000000001,3.1113800000000014,1,6,104.85,5,3,1.0112214926104486e-43
200,MOL00121,N#Cc1ccc(NCC2CCCCC2C(=O)O)cc1,False,,0,,False,,258.3209999999999,2.861180000000001,2,3,73.12,4,2,1.0112214926104486e-43
201,MOL00122,Cn1cc(C2CN(C(=O)C3CC4CCC3C4)CCO2)cn1,False,,0,,False,,289.37899999999996,1.7562,0,3,47.36,2,4,1.0112214926104486e-43
202,MOL00124,COc1cc(Cl)c(NC2(CO)CCCCC2)cc1F,False,,0,,False,,287.76199999999994,3.594800000000002,2,3,41.489999999999995,4,2,1.0112214926104486e-43
203,MOL00125,CC(C)NC(=O)CCNC(=O)c1cccc([N+](=O)[O-])c1Nc1ccc(Oc2ccccc2)cc1,False,,0,,False,,462.50600000000014,4.7752000000000026,3,6,122.60000000000001,10,3,1.0112214926104486e-43
204,MOL00126,CC(=CC#N)CC12C(C#N)=C(C#N)C(C#N)(C#N)C(C#N)=C1C(=O)C2=C(C#N)C#N,False,,0,,False,,386.3340000000002,1.9703400000000002,0,9,207.38999999999996,2,2,1.0112214926104486e-43
205,MOL00127,COc1ccccc1OCCNC(=O)CN(c1ccccc1Br)S(=O)(=O)c1ccc(C)cc1,False,,0,,False,,533.4440000000002,4.156620000000003,1,5,84.94,10,3,1.0112214926104486e-43
206,MOL00129,Cc1nn(-c2ncccc2CN)cc1Cl,False,,0,,False,,222.67899999999997,1.6878199999999999,1,3,56.730000000000004,2,2,1.0112214926104486e-43
207,MOL00130,C=CC(Cc1ccc(OCOC)cc1)NC(=O)OC(C)(C)C,False,,0,,False,,307.39000000000004,3.291100000000002,1,4,56.790000000000006,7,1,1.0112214926104486e-43
208,MOL00131,CCCCCCCCCCCCNC(=O)c1ccc(-n2c3ccccc3c3ccc(-c4ccc(C(C)(C)C)cc4)cc32)cc1,False,,0,,False,,586.8640000000003,11.398899999999989,1,1,34.03,14,5,1.0112214926104486e-43
209,MOL00132,COCC(N)C(=O)NCc1cncn1C,False,,0,,False,,212.25300000000001,-0.9899999999999991,2,4,82.16999999999999,5,1,1.0112214926104486e-43
210,MOL00134,CCNC(=O)c1cc(NCc2ccc(C#N)cc2)ccn1,False,,0,,False,,280.33099999999996,2.31508,2,4,77.81,5,2,1.0112214926104486e-43
211,MOL00135,COc1cc(C=C2SC(=O)N(c3ccccc3)C2=O)ccc1OCCOc1ccccc1,False,,0,,False,,447.5120000000003,5.393900000000005,0,6,65.07000000000001,8,4,1.0112214926104486e-43
212,MOL00136,Cc1noc(CN(C)C(=O)c2ccc3c(c2)C2(CCOCC2)OC3)n1,False,,0,,False,,343.38300000000015,2.18612,0,6,77.69000000000001,3,4,1.0112214926104486e-43
213,MOL00137,Cc1ccc(CCC(=O)NCC2(CCBr)CC2)o1,False,,0,,False,,314.22300000000007,3.202020000000002,1,2,42.24,7,2,1.0112214926104486e-43
214,MOL00138,Fc1ccc2nccc(Nc3ccc(Br)cc3)c2c1,False,,0,,False,,317.161,4.880000000000002,1,2,24.92,2,3,1.0112214926104486e-43
215,MOL00139,COCCCNC(=O)CCCC(=O)Nc1nc(-c2ccccc2)cs1,False,,0,,False,,361.467,3.071600000000001,2,5,80.32,10,2,1.0112214926104486e-43
216,MOL00140,CC(NC(=O)CN(c1ccccc1F)S(=O)(=O)N(C)C)c1ccc(F)cc1Br,False,,0,,False,,476.34300000000013,3.217500000000002,1,3,69.72,7,2,1.0112214926104486e-43
217,MOL00141,Cc1nn(C)c(Br)c1C=O,False,,0,,False,,203.039,1.30352,0,2,34.89,1,1,1.0112214926104486e-43
218,MOL00142,COc1ccc(NC(=O)C2CCCN(c3cc(-c4ccc5cncnc5c4)c(F)cn3)C2)cc1F,False,,0,,False,,475.49900000000014,4.833700000000004,1,6,80.24,5,5,1.0112214926104486e-43
219,MOL00143,CCCn1cc2c(n1)C(C(=O)OC)C(=O)CC2,False,,0,,False,,236.27099999999993,1.065,0,4,61.190000000000005,3,2,1.0112214926104486e-43
220,MOL00144,Cc1cc(CC2(N)CCC(C)(C)OC2C)n(C)n1,False,,0,,False,,251.37400000000002,1.94602,1,3,53.07,2,2,1.0112214926104486e-43
221,MOL00145,CC(CCO)NCc1ccc(Cl)s1,False,,0,,False,,219.737,2.2620000000000005,2,3,32.26,5,1,1.0112214926104486e-43
222,MOL00146,NNC(Cc1sccc1Br)c1ccco1,False,,0,,False,,287.182,2.8507000000000007,2,4,51.19,4,2,1.0112214926104486e-43
223,MOL00147,CC(O)C1(C)CC2CC2C2C1CCC(C)(O)C1OC3(C)CCC4(CCC21O4)C3O,False,,0,,False,,406.5630000000003,2.7907000000000015,3,5,79.15,1,6,1.0112214926104486e-43
224,MOL00148,CCC1=C(C(N)=O)C(CC(C)=O)CC1,False,,0,,False,,195.26199999999994,1.5674000000000001,1,2,60.160000000000004,4,1,1.0112214926104486e-43
225,MOL00149,CNC1CCN(CC(=O)Nc2ncc(F)cc2C)CC1,False,,0,,False,,280.3470000000001,1.1514199999999992,2,4,57.260000000000005,4,2,1.0112214926104486e-43
226,MOL00150,COc1c(C)ccc2sccc12,False,,0,,False,,178.25599999999997,3.218320000000002,0,2,9.23,1,2,1.0112214926104486e-43
227,MOL00152,CCCCCCCOc1ccc(-c2ccc(CCCCOC)cc2)nc1,False,,0,,False,,355.5220000000001,6.066900000000007,0,3,31.35,13,2,1.0112214926104486e-43
228,MOL00153,O=c1cccc(-c2ccc(-c3ccc(-c4ccc5cc(C6CC(c7ccccc7)=NN6)c6ccccc6c5c4)cc3)cc2)[nH]1,False,,0,,False,,567.6920000000002,9.121,2,3,57.25,5,8,1.0112214926104486e-43
229,MOL00154,CN=C(NCCN1CCOCC1)NC1CCC(C)(C)CC1,False,,0,,False,,296.45900000000006,1.4524000000000001,2,3,48.89,4,2,1.0112214926104486e-43
230,MOL00155,COc1ccc(Cc2cc(SC(N)=NC(C)=O)[nH]c(=O)n2)cc1,False,,0,,False,,332.385,1.3226,2,5,110.42999999999999,4,2,1.0112214926104486e-43
231,MOL00156,COc1ccc(C(C)N2C(=O)C3C4ON=C(c5ccccc5)C4C3C2=O)cc1,False,,0,,False,,376.4120000000001,2.790300000000001,0,5,68.19999999999999,4,5,1.0112214926104486e-43
232,MOL00157,Cc1nc(CNC(=O)c2cc(NS(=O)(=O)c3ccc(F)cc3C)c3cccnc3c2O)no1,False,,0,,False,,471.4700000000002,2.810140000000002,3,8,147.31,6,4,1.0112214926104486e-43
233,MOL00158,CC(Cc1nc(=O)cc(O)[nH]1)Nc1cc2ccccc2c2ccccc12,False,,0,,False,,345.4020000000001,3.825000000000002,3,4,78.00999999999999,4,4,1.0112214926104486e-43
234,MOL00159,OCCCN(Cc1ccccc1)C(Cc1ccccc1)C(O)OCc1ccccc1,False,,0,,False,,405.5380000000001,4.017500000000004,2,4,52.93000000000001,12,3,1.0112214926104486e-43
235,MOL00160,COc1cc(Nc2ncnc(Cl)c2N)cc(OC)c1,False,,0,,False,,280.715,2.4730000000000008,2,6,82.29,4,2,1.0112214926104486e-43
236,MOL00161,O=S(=O)(O)c1ccc2cc(O)c(N=NCc3ccc(O)c(O)c3)c(O)c2c1,False,,0,,False,,390.3730000000001,3.192800000000001,5,8,160.01,4,3,1.0112214926104486e-43
237,MOL00162,O=C(CCOc1ccccc1)c1cccs1,False,,0,,False,,232.304,3.3999000000000024,0,3,26.3,5,2,1.0112214926104486e-43
238,MOL00163,CCOC(=O)Cn1c2ccccc2c2cnn(CC(=O)Nc3cccc(C)c3C)c(=O)c21,False,,0,,False,,432.48000000000025,3.1698400000000015,1,5,95.22,6,4,1.0112214926104486e-43
239,MOL00164,C=CC=c1c(=O)[nH][nH]c1=CC,False,,0,,False,,150.18099999999998,-0.5301,2,1,48.65,1,1,1.0112214926104486e-43
240,MOL00165,O=C(CNC(=O)c1ccc(Cl)cc1)NN=Cc1cccc(O)c1OC(=O)c1ccccc1F,False,,0,,False,,469.8560000000002,3.2840000000000016,3,6,117.09,7,3,1.0112214926104486e-43
241,MOL00166,O=C(O)CN1CCN(c2cccc(C(=O)O)n2)CC1=O,False,,0,,False,,279.25200000000007,-0.48700000000000054,2,5,111.03999999999999,4,2,1.0112214926104486e-43
242,MOL00167,COc1ccc(CCC(=O)NC2CCN(Cc3ccccc3Cl)CC2)cc1OC,False,,0,,False,,416.9490000000002,4.070600000000003,1,4,50.8,8,3,1.0112214926104486e-43
243,MOL00169,O=C1CC(c2cccnc2)SC(=O)N1,False,,0,,False,,208.24200000000002,1.4957999999999998,1,4,59.06,1,2,1.0112214926104486e-43
244,MOL00170,CC1=Cc2c(n(-c3ccccc3)c3cc(C)c(-n4c5ccc(Cl)cc5c5ncccc54)cc23)CC=C1,False,,0,,False,,486.0180000000002,8.60002,0,1,22.75,2,7,1.0112214926104486e-43
245,MOL00171,Cc1c(C(=O)NC2CCCC(=O)N2C(=O)O)ccc2c1NC(O)N2,False,,0,,False,,334.332,0.8547199999999999,5,6,131.0,2,3,1.0112214926104486e-43
246,MOL00172,BCCCC1COCCN(CC(NC(=O)OC(C)(C)C)c2ccccc2)C1=O,False,,0,,False,,388.3170000000001,2.559,1,4,67.87,7,2,1.0112214926104486e-43
247,MOL00173,CC(NC(=O)COC(=O)c1ccc(F)cc1N)c1ccc(Cl)cc1F,False,,0,,False,,368.76700000000005,3.2346000000000013,2,4,81.42,5,2,1.0112214926104486e-43
248,MOL00174,CCOc1ccccc1-c1nnc(C(C)Cl)s1,False,,0,,False,,268.76899999999995,3.9036000000000026,0,4,35.010000000000005,4,2,1.0112214926104486e-43
249,MOL00175,OC1(c2ccc(C3CC3)cc2F)CCOCC1,False,,0,,False,,236.28599999999992,2.701100000000001,1,2,29.46,2,3,1.0112214926104486e-43
250,MOL00176,CNC(c1ccccc1OC)C1CN(Cc2ccccc2)CCO1,False,,0,,False,,326.44000000000005,2.856700000000001,1,4,33.730000000000004,6,3,1.0112214926104486e-43
251,MOL00177,C=C1CCC(NCCC)C(C)C1,False,,0,,False,,167.296,2.7308000000000012,1,1,12.03,3,1,1.0112214926104486e-43
252,MOL00178,COC(=O)c1cccc(F)c1N(C(=O)OC(C)(C)C)S(=O)(=O)c1cnc(NC(=O)OC(C)(C)C)s1,False,,0,,False,,531.5840000000002,4.546200000000004,1,10,141.2,5,2,1.0112214926104486e-43
253,MOL00180,Cc1ccc(CSc2nnc(CCC(=O)Nc3ccc4c(c3)OCO4)n2-c2cc(C)ccc2C)cc1,False,,0,,False,,500.6240000000003,5.784860000000005,1,6,78.27000000000001,8,5,1.0112214926104486e-43
254,MOL00181,CCNC(=NCc1csc(Cc2ccccc2)n1)NCC(NC(=O)OC(C)(C)C)c1ccc(Cl)cc1,False,,0,,False,,528.1220000000003,5.7084000000000055,3,5,87.64,9,3,1.0112214926104486e-43
255,MOL00182,CC1(C)CC2CC1C1(C=O)CC2(C)O1,False,,0,,False,,194.27399999999994,2.1691000000000003,0,2,26.3,1,4,1.0112214926104486e-43
256,MOL00183,Cc1cc(C)c(-n2c(C)cc(C=NN3CCN(c4ccccc4)CC3)c2C)c(C)c1,False,,0,,False,,400.5700000000002,5.175500000000006,0,3,23.770000000000003,4,4,1.0112214926104486e-43
257,MOL00184,CCc1nc2c(F)ccc(-c3ccccc3)c2s1,False,,0,,False,,257.33299999999997,4.664800000000002,0,2,12.89,2,3,1.0112214926104486e-43
258,MOL00185,CC(C)NCCOc1ccc(OC(F)F)c(Cl)c1,False,,0,,False,,279.71399999999994,3.318200000000001,1,3,30.49,7,1,1.0112214926104486e-43
259,MOL00186,CC(=O)c1sc(C(C)NC(=O)c2ccccc2)nc1C,False,,0,,False,,288.372,3.1451200000000012,1,4,59.06,4,2,1.0112214926104486e-43
260,MOL00187,CC1(C)CCC(C)(C)c2c1sc(C(=O)NN=CC1C3N(C(C)(C)C)C(=O)C1(Br)C3(C)Cl)c2O,False,,0,,False,,558.9700000000003,5.288600000000006,2,5,82.0,3,5,1.0112214926104486e-43
261,MOL00188,Cc1cnccc1OC1CCN(C(=O)c2cnccc2C(F)(F)F)CC1,False,,0,,False,,365.3550000000001,3.487420000000002,0,4,55.32,3,3,1.0112214926104486e-43
262,MOL00189,Cc1ccsc1-c1ncc(C(=O)N2CCN(Cc3ccccc3)CC2)c(C)n1,False,,0,,False,,392.52800000000013,3.7799400000000025,0,5,49.330000000000005,4,4,1.0112214926104486e-43
263,MOL00190,NC(=NO)c1ccc(N2C(=O)c3ccccc3C2=O)cc1,False,,0,,False,,281.27099999999996,1.5817,2,4,95.99000000000001,2,3,1.0112214926104486e-43
264,MOL00191,CCSC1CCC(NC(=O)C2(C#N)CCCC2)C1,False,,0,,False,,266.40999999999997,2.860780000000001,1,3,52.89,4,2,1.0112214926104486e-43
265,MOL00192,CC(O)CCNCc1cc2ccccc2n1C(C)C,False,,0,,False,,260.38100000000003,3.0827000000000018,2,2,37.19,6,2,1.0112214926104486e-43
266,MOL00193,O=C(CC1CCCN1C(=O)NC1CCCCCC1)N1CCN(CC2CC2)CC1,False,,0,,False,,390.5720000000003,2.8275000000000006,1,3,55.89000000000001,5,4,1.0112214926104486e-43
267,MOL00194,COc1ccc(C(Cl)c2ccc(C(F)(F)F)c(Br)c2)cc1Cl,False,,0,,False,,414.048,6.458100000000002,0,1,9.23,3,2,1.0112214926104486e-43
268,MOL00195,CSCCN(C)c1ccc(C(C)N)cc1F,False,,0,,False,,242.363,2.6446000000000005,1,3,29.259999999999998,5,1,1.0112214926104486e-43
269,MOL00196,CCCC[P+](=O)OC(CO)OO,False,,0,,False,,197.147,1.3535,2,5,75.99000000000001,7,0,1.0112214926104486e-43
270,MOL00197,O=C(CN1CCCCCC1c1ccc(Cl)cc1)N1CCCC1c1cccnc1,False,,0,,False,,397.9500000000002,5.015800000000005,0,3,36.440000000000005,4,4,1.0112214926104486e-43
271,MOL00198,C=C(O)CCCc1ccccc1O,False,,0,,False,,178.231,2.7866000000000013,2,2,40.46,4,1,1.0112214926104486e-43
272,MOL00199,CC(C#N)N(C(=O)NCCO)C(=O)c1c(C(=O)P)cc(C#N)c2ccccc12,False,,0,,False,,396.34300000000013,1.7829600000000003,2,6,134.29,5,2,1.0112214926104486e-43
273,MOL00200,CC(F)=CC=C(C)CN1CCN(c2ncc(C3CC3)c(Nc3ccc(Cl)cc3S(N)(=O)=O)n2)CC1,False,,0,,False,,521.0620000000001,4.340000000000002,2,7,104.45,8,4,1.0112214926104486e-43
274,MOL00201,Cc1cnc(S(=O)(=O)C2(C#N)CC2)[nH]1,False,,0,,False,,211.24599999999998,0.5479999999999998,1,4,86.60999999999999,2,2,1.0112214926104486e-43
275,MOL00203,CC(C)CC(O)CCC1CCOC1,False,,0,,False,,186.29499999999993,2.2100999999999997,1,2,29.46,5,1,1.0112214926104486e-43
276,MOL00204,CCOc1cc(-c2nc(-c3ccncc3)c(CC)s2)ccc1OC(C)C,False,,0,,False,,368.5020000000001,5.6204000000000045,0,5,44.24000000000001,7,3,1.0112214926104486e-43
277,MOL00205,CC(C)C(C)c1cc(C=O)c2cc(Cl)c(F)cc2n1,False,,0,,False,,279.74199999999996,4.599300000000003,0,2,29.96,3,2,1.0112214926104486e-43
278,MOL00206,COc1ccc(N2N=C(C)C3C(=O)C=C(Cl)C(=O)C32)cc1,False,,0,,False,,304.733,2.1504000000000003,0,5,58.97,2,3,1.0112214926104486e-43
279,MOL00207,COCCN(NC(=O)COc1cc(C)cc(C)c1C)C(=O)Nc1cccc(C)c1C,False,,0,,False,,413.51800000000014,3.819200000000002,2,4,79.9,7,2,1.0112214926104486e-43
280,MOL00208,CC1CCC(CN)C(NS(C)(=O)=O)C1,False,,0,,False,,220.33799999999997,0.29910000000000064,2,3,72.19,3,1,1.0112214926104486e-43
281,MOL00209,CC(=O)c1sc(NCC2CC3CCCC(C3)C2)nc1C,False,,0,,False,,292.448,4.282420000000004,1,4,41.99,4,3,1.0112214926104486e-43
282,MOL00210,c1ccc(COC2CCC3CNCC3C2)cc1,False,,0,,False,,231.339,2.5913000000000004,1,2,21.259999999999998,3,3,1.0112214926104486e-43
283,MOL00212,CCC(CC(N)=O)N1CCCc2cc3sc(=O)[nH]c3cc21,False,,0,,False,,305.403,1.9961999999999993,2,4,79.19,4,3,1.0112214926104486e-43
284,MOL00213,CCc1ccc(C(Br)c2cccc(C)c2)cc1,False,,0,,False,,289.21599999999995,5.041720000000004,0,0,0.0,3,2,1.0112214926104486e-43
285,MOL00214,O=C(c1cccs1)N1CCOCN(c2ccc(OC3CCCCO3)cc2)CC1,False,,0,,False,,402.51600000000025,3.5900000000000025,0,6,51.24000000000001,4,4,1.0112214926104486e-43
286,MOL00215,C=C(C)C(=CC1=CC=CCC=C=C1)c1nnc2c(n1)CCN1CCN(C(C)=O)C21,False,,0,,False,,387.4870000000002,3.1475000000000017,0,5,62.220000000000006,3,4,1.0112214926104486e-43
287,MOL00216,C=C(C=CO)CCCNCCO,False,,0,,False,,171.23999999999998,0.9763999999999997,3,3,52.489999999999995,7,0,1.0112214926104486e-43
288,MOL00217,COc1cc(-c2nnc(C)c3c2c(N)nn3Cc2cncc(F)c2)ccc1C(F)(F)F,False,,0,,False,,432.38100000000003,3.9937200000000024,1,6,91.74,4,4,1.0112214926104486e-43
289,MOL00218,O=C(O)C1CN(C(=O)c2ccccc2)CCO1,False,,0,,False,,235.239,0.6121999999999996,1,3,66.84,2,2,1.0112214926104486e-43
290,MOL00219,Cc1ccnc(N2CC(CBr)CC2=O)c1,False,,0,,False,,269.142,2.1378200000000005,0,2,33.2,2,2,1.0112214926104486e-43
291,MOL00220,CN(Cc1ccccc1-c1ccccc1)C(=O)c1ccc(S(=O)(=O)N(C)C)cc1,False,,0,,False,,408.52300000000014,3.8761000000000028,0,3,57.690000000000005,6,3,1.0112214926104486e-43
292,MOL00221,Cn1c(=O)cc(N)n(CCc2noc(C3CC3)n2)c1=O,False,,0,,False,,277.284,-0.3677000000000006,1,6,108.94,4,3,1.0112214926104486e-43
293,MOL00222,Cc1ccccc1OC(=O)c1ccc(Br)cc1,False,,0,,False,,291.144,3.976720000000002,0,2,26.3,2,2,1.0112214926104486e-43
294,MOL00223,COCc1ccccc1NC(=O)C1CCNC(C)C1C,False,,0,,False,,276.38,2.4056000000000006,2,3,50.36,4,2,1.0112214926104486e-43
295,MOL00224,Cc1ccc(CN2CCN(CC(=O)NCc3cccc(C(C)C)c3)CC2)cc1,False,,0,,False,,379.5480000000002,3.5524200000000024,1,3,35.58,7,3,1.0112214926104486e-43
296,MOL00226,Cc1c(C(=O)O)coc1C=O,False,,0,,False,,154.12099999999998,1.09872,1,3,67.50999999999999,2,1,1.0112214926104486e-43
297,MOL00227,CC1C(CSc2ccc(C(=O)O)cc2)OC(c2ccc(CCCCCN(C)C)cc2)OC1c1ccc(CO)cc1,False,,0,,False,,563.7600000000004,6.735200000000008,2,6,79.23,13,4,1.0112214926104486e-43
298,MOL00228,NC(=O)c1cccc(N2CCC3(CC2)CCN(c2ncc(Cl)c(Oc4ccc(F)c(CCC(F)(F)F)c4)n2)CC3)n1,False,,0,,False,,593.025,5.937200000000005,1,7,97.47000000000001,7,5,1.0112214926104486e-43
299,MOL00229,O=C(Cc1cccc(F)c1F)C(O)c1cc(F)c(F)c(F)c1,False,,0,,False,,316.22499999999997,3.2273000000000014,1,2,37.3,4,2,1.0112214926104486e-43
300,MOL00231,c1ccc(C2C3CC2C(c2cnccn2)=N3)cc1,False,,0,,False,,235.29000000000002,2.451600000000001,0,3,38.14,2,5,1.0112214926104486e-43
301,MOL00232,COC(=O)c1ccccc1Nc1cc(C(=O)Nc2ccccc2Cl)ncn1,False,,0,,False,,382.807,3.9125000000000023,2,6,93.21,5,3,1.0112214926104486e-43
302,MOL00233,CC(=O)NCCSCC(=O)O,False,,0,,False,,177.225,-0.05970000000000014,2,3,66.4,5,0,1.0112214926104486e-43
303,MOL00234,CC(=O)Nc1ccc(S(=O)(=O)Nc2ccc3nc(C(C)(C)C)sc3c2)cc1,False,,0,,False,,403.52900000000017,4.353000000000002,2,5,88.16,4,3,1.0112214926104486e-43
304,MOL00235,O=C(CNC(=O)c1ccccc1Br)NN=Cc1ccccc1[N+](=O)[O-],False,,0,,False,,405.20800000000014,2.2374,2,5,113.70000000000002,6,2,1.0112214926104486e-43
305,MOL00236,CC(C)(C)OC(=O)NCc1ccc(-n2c(=O)n(CC3CCCCC3)c3ccccc32)cc1,False,,0,,False,,435.56800000000027,5.397200000000005,1,3,65.25999999999999,5,4,1.0112214926104486e-43
306,MOL00237,COc1ccc(OC)c(NC(C)c2nc3ccccc3s2)c1,False,,0,,False,,314.41,4.486600000000004,1,5,43.38,5,3,1.0112214926104486e-43
307,MOL00238,C#Cc1cccc(C(C)C(=O)OC)c1,False,,0,,False,,188.22599999999997,1.9444000000000001,0,2,26.3,2,1,1.0112214926104486e-43
308,MOL00239,O=C1C(=O)N(c2nccs2)C(c2ccccc2)C1=C(O)c1ccc(Cl)cc1,False,,0,,False,,396.85500000000013,4.422800000000002,1,5,70.5,3,4,1.0112214926104486e-43
309,MOL00240,Cc1ncccc1OC1=C(Cl)C=C(c2c(-c3cnn(C)c3)ncn2CC(=O)N2CCCC(CO)C2)CC1,False,,0,,False,,523.0370000000004,3.924520000000003,1,6,98.30000000000001,7,5,1.0112214926104486e-43
310,MOL00241,O=C(O)c1cc(Oc2ccc(I)cc2F)c(=O)n(C2CC2)c1,False,,0,,False,,415.15800000000013,3.4174000000000015,1,3,68.53,4,3,1.0112214926104486e-43
311,MOL00242,CC(=O)Cn1nnc(-c2cccc([N+](=O)[O-])c2)n1,False,,0,,False,,247.21400000000003,0.8372999999999998,0,6,103.81,4,2,1.0112214926104486e-43
312,MOL00243,CC(Oc1cccc(Cl)c1)C(=O)NCCc1cnccn1,False,,0,,False,,305.765,2.2561999999999998,1,4,64.11,6,2,1.0112214926104486e-43
313,MOL00244,CC(C)COC(=O)Nc1ccc(C(F)(F)F)cn1,False,,0,,False,,262.23099999999994,3.3049000000000017,1,3,51.22,3,1,1.0112214926104486e-43
314,MOL00245,CC1=NN(c2nc(CC(=O)OC3CCCC3)cs2)C(=O)C1c1ccccn1,False,,0,,False,,384.46100000000007,3.072700000000002,0,7,84.75000000000001,5,4,1.0112214926104486e-43
315,MOL00246,COc1c(C)cc(C)cc1S(=O)(=O)N1CCN(C(=O)c2ccccc2NS(C)(=O)=O)CC1,False,,0,,False,,481.59600000000023,1.83024,1,6,113.09,6,3,1.0112214926104486e-43
316,MOL00247,CC(CN(C)C(=O)C1COCCN1)C(=O)O,False,,0,,False,,230.26399999999995,-0.8460999999999985,2,4,78.87,4,1,1.0112214926104486e-43
317,MOL00249,CCOc1ccc(NC(=O)CC(NC(C)=O)c2ccc(OC)cc2)cc1OCC,False,,0,,False,,400.4750000000002,3.6986000000000026,2,5,85.89000000000001,10,2,1.0112214926104486e-43
318,MOL00250,N#Cc1ccc(F)c(N2CC(=O)CC2=O)c1,False,,0,,False,,218.18699999999995,1.00318,0,3,61.17,1,2,1.0112214926104486e-43
319,MOL00251,CCC(=O)NC1CCNC1COc1ccc(Oc2ncccc2C#N)nc1,False,,0,,False,,367.40900000000005,1.7760799999999997,2,7,109.16000000000001,7,3,1.0112214926104486e-43
320,MOL00252,CCC(C)N(C)C(=O)c1ccc(OC)c(S(=O)(=O)Nc2cccc(C)c2)c1,False,,0,,False,,390.5050000000001,3.674920000000003,1,4,75.71,7,2,1.0112214926104486e-43
321,MOL00253,COc1ccc(OC)c(OCCCNC(C)O)c1OC,False,,0,,False,,285.34,1.4091999999999998,2,6,69.18,9,1,1.0112214926104486e-43
322,MOL00254,c1cnnc(N2CCNCC2)c1,False,,0,,False,,164.212,-0.11380000000000035,1,4,41.050000000000004,1,2,1.0112214926104486e-43
323,MOL00255,O=C(O)CCOC(=O)c1ccc(OCC(=O)Nc2ccccc2)cc1,False,,0,,False,,343.33500000000004,2.3356000000000003,2,5,101.93,8,2,1.0112214926104486e-43
324,MOL00256,Cc1ccc(CC(N)Cc2ccccc2C(C)(C)C)s1,False,,0,,False,,287.47200000000004,4.466520000000004,1,2,26.02,4,2,1.0112214926104486e-43
325,MOL00257,CN1C(=O)C(=O)c2cc(Oc3ccccc3C(=O)Nc3cccc4ccccc34)ccc21,False,,0,,False,,422.4400000000001,5.043500000000003,1,4,75.71,4,5,1.0112214926104486e-43
326,MOL00258,Cc1cccc(C(C)CNC(C)C(N)=NO)c1,False,,0,,False,,235.33100000000002,1.8230199999999996,3,3,70.64,5,1,1.0112214926104486e-43
327,MOL00259,NC(=O)c1nc2nccc(N)n2n1,False,,0,,False,,178.155,-1.1946000000000003,2,5,112.19,1,2,1.0112214926104486e-43
328,MOL00260,CCn1c(-c2ccc3ccccc3c2)csc1=O,False,,0,,False,,255.34199999999998,3.749900000000002,0,2,22.0,2,3,1.0112214926104486e-43
329,MOL00262,COc1cc(C(c2cc3cc(C)ccc3[nH]c2=O)N2CCCC2)ccc1OC(=O)c1ccccc1,False,,0,,False,,468.55300000000034,5.249520000000005,1,5,71.63,6,5,1.0112214926104486e-43
330,MOL00263,CCCCC1CCC(CCl)(Cc2ncnn2C)CC1,False,,0,,False,,283.8470000000001,3.963200000000003,0,2,30.71,6,2,1.0112214926104486e-43
331,MOL00264,OCC12CCN(CF)C1C1CC(CC34CCCC5CCOC1C(CC3)C54)C2,False,,0,,False,,377.5440000000002,3.997900000000003,1,3,32.7,2,6,1.0112214926104486e-43
332,MOL00265,CC(C)(C)OC(=O)NCc1cccc(C2CN2C(=O)ON)c1,False,,0,,False,,307.35,2.0783,2,5,93.66,3,2,1.0112214926104486e-43
333,MOL00266,c1ccc(-c2ccc(-c3nc4c5c6ccccc6n(-c6ccccc6)c5ccc4n3-c3ccc(-c4nc(-c5ccccc5)nc(-c5ccccc5)n4)cc3)cc2)cc1,False,,0,,False,,742.8860000000002,12.642599999999979,0,4,61.42,7,11,1.0112214926104486e-43
334,MOL00267,CCNC(c1ccc(F)cc1Cl)C(C)(C)N(C)C,False,,0,,False,,272.795,3.4699000000000018,1,2,15.27,5,1,1.0112214926104486e-43
335,MOL00268,CCN(c1ccc(NC(=O)NC2CN(C)CC2C)cc1)C(C)C,False,,0,,False,,318.46500000000003,2.9929000000000014,2,3,47.61000000000001,5,2,1.0112214926104486e-43
336,MOL00269,COc1ccc(Br)cc1C(=O)NC(=S)NNC(=O)CCc1ccccc1,False,,0,,False,,436.33100000000013,2.726000000000001,3,4,79.46000000000001,5,2,1.0112214926104486e-43
337,MOL00270,CC(C)OC(=O)C(NC(=O)c1ccc(F)cc1)C(C)C,False,,0,,False,,281.32700000000006,2.5317000000000007,1,3,55.4,5,1,1.0112214926104486e-43
338,MOL00271,Fc1ccc(Cc2noc(C3CCCCC3)n2)cc1,False,,0,,False,,260.31199999999995,3.8472000000000026,0,3,38.92,3,3,1.0112214926104486e-43
339,MOL00272,COc1ccc(C2C3=NNC(C)(NC2CO)N3Cc2ccccc2)cc1,False,,0,,False,,352.43800000000005,1.835499999999999,3,6,69.11999999999999,5,4,1.0112214926104486e-43
340,MOL00274,CCOCCCNC(=O)c1ccccc1C1CCN(CCCC(=O)OC(C)(C)C)CC1,False,,0,,False,,432.60500000000036,4.144300000000004,1,5,67.87,11,2,1.0112214926104486e-43
341,MOL00275,CCCCCCOC(=O)C(C)OC(=O)c1cc(O)c2ccccc2c1,False,,0,,False,,344.40700000000004,4.2142000000000035,1,5,72.83,8,2,1.0112214926104486e-43
342,MOL00276,O=S(=O)(Nc1cc(F)ccc1Br)c1ccc(F)cc1Cl,False,,0,,False,,382.61300000000006,4.1815000000000015,1,2,46.17,3,2,1.0112214926104486e-43
343,MOL00277,C=Cc1cc2c(F)c(F)c(C)cc2c(F)c1C=C(F)c1c(F)cc(C2CCC(CC=CC)CC2)cc1F,False,,0,,False,,514.5530000000003,10.194319999999992,0,0,0.0,6,4,1.0112214926104486e-43
344,MOL00278,Cn1c(Sc2ncccc2S(N)(=O)=O)n[nH]c1=O,False,,0,,False,,287.326,-0.698,2,6,123.72999999999999,3,2,1.0112214926104486e-43
345,MOL00279,CCC1CCCCN1C(=O)NC(CO)C(=O)O,False,,0,,False,,244.29100000000003,0.40599999999999997,3,3,89.87000000000002,4,1,1.0112214926104486e-43
346,MOL00280,COC(=O)C(C)=Cc1ccc(C)cc1Cl,False,,0,,False,,224.68699999999998,3.2247200000000014,0,2,26.3,2,1,1.0112214926104486e-43
347,MOL00281,CC(C)CN1CCN(C(=O)C2CC2C(=O)O)CC1,False,,0,,False,,254.32999999999996,0.5073000000000003,1,3,60.85000000000001,4,2,1.0112214926104486e-43
348,MOL00282,Cc1ccc(S(=O)(=O)N(CC(=O)N(Cc2ccccc2)C(Cc2ccccc2)C(=O)NC2CCCCC2)c2ccccc2F)cc1,False,,0,,False,,641.8090000000003,6.418420000000007,1,4,86.79,12,5,1.0112214926104486e-43
349,MOL00283,COc1cc(C(=O)c2ccc(OS(=O)(=O)CC(C)(F)F)c(F)c2)c(C)cc1NC(C)=O,False,,0,,False,,459.4420000000001,3.6959200000000028,1,6,98.77000000000001,8,2,1.0112214926104486e-43
350,MOL00284,CCCOc1c(Cl)cc(C(=O)Nc2ccc3c(c2)C(=O)N(c2cccc(Cl)c2)C3=O)cc1OC,False,,0,,False,,499.3500000000002,5.843700000000005,1,5,84.94000000000001,7,4,1.0112214926104486e-43
351,MOL00285,CC1CCCC(Nc2cncc(N(C)c3ccccc3)n2)C1C,False,,0,,False,,310.44500000000005,4.481100000000003,1,4,41.050000000000004,4,3,1.0112214926104486e-43
352,MOL00286,Nc1cnnn1-c1cccc(C(=O)NC2CN3CCC2CC3)c1,False,,0,,False,,312.3770000000001,0.6734999999999995,2,5,89.07,3,5,1.0112214926104486e-43
353,MOL00287,Nn1c(SCc2cn3nc(Cl)ccc3n2)nnc1-c1cccs1,False,,0,,False,,363.8590000000001,2.708800000000001,1,7,86.92,4,4,1.0112214926104486e-43
354,MOL00288,CC(CO)c1cc(Br)ccc1O,False,,0,,False,,231.089,2.250500000000001,2,2,40.46,2,1,1.0112214926104486e-43
355,MOL00289,O=C(Nc1ccc([N+](=O)[O-])cc1)c1nc2ccccn2c(=O)c1-c1ccccc1,False,,0,,False,,386.36700000000013,3.522000000000002,1,5,106.60999999999999,4,4,1.0112214926104486e-43
356,MOL00290,COc1cc(C)c(-c2ccc(S(=O)(=O)c3cn4nc(CCCC5CCCC(O)(C(=O)O)C5)nc4c4ccccc34)c(F)c2)cc1OC,False,,0,,False,,661.7520000000004,6.175620000000007,2,8,140.32,10,6,1.0112214926104486e-43
357,MOL00291,CCC(C(=O)Nn1c(C)cnc1CN1c2ccccc2CC1C)c1ccccc1,False,,0,,False,,388.51500000000016,4.406620000000004,1,3,50.160000000000004,6,4,1.0112214926104486e-43
358,MOL00292,COc1cccc(OC)c1C(CC(=O)NCC1CCCO1)c1nccs1,False,,0,,False,,376.4780000000001,2.977500000000002,1,6,69.68,8,3,1.0112214926104486e-43
359,MOL00293,CN1CCN(c2nn(CCP(C)(C)=O)c3ccccc23)CC1,False,,0,,False,,320.37700000000007,2.4108,0,4,41.370000000000005,4,3,1.0112214926104486e-43
360,MOL00295,CCCNC(=O)C(c1ccccc1)N(C(=O)C(CC(C)C)NC(=O)OC(C)(C)C)C(C)C,False,,0,,False,,447.62000000000023,4.4303000000000035,2,4,87.74000000000001,10,1,1.0112214926104486e-43
361,MOL00296,OC(O)C12CC3C4C5CC5C3C1C42,False,,0,,False,,178.231,0.44509999999999983,2,2,40.46,1,6,1.0112214926104486e-43
362,MOL00297,Cc1cccc(Cc2nnc3c(C)c(C(=O)NCCCc4ccccc4C)cnn23)c1,False,,0,,False,,413.5250000000001,4.002960000000003,1,4,72.18,7,4,1.0112214926104486e-43
363,MOL00298,CC(Oc1ccccc1)c1nc(-c2cccc([N+](=O)[O-])c2)no1,False,,0,,False,,311.297,3.7848000000000033,0,6,91.29,5,3,1.0112214926104486e-43
364,MOL00299,Cc1ccccc1CN(C)CC(=O)NCc1ccc(Cl)cc1F,False,,0,,False,,334.822,3.535720000000002,1,2,32.34,6,2,1.0112214926104486e-43
365,MOL00300,CC(=O)c1ccc(F)cc1NC1COc2ccccc2C1,False,,0,,False,,285.31800000000004,3.443900000000002,1,3,38.33,3,3,1.0112214926104486e-43
366,MOL00301,O=C(CCc1nc(-c2cccs2)no1)Nc1nc2ccccc2o1,False,,0,,False,,340.3640000000001,3.510600000000002,1,7,94.05,5,4,1.0112214926104486e-43
367,MOL00302,Cc1cccc(C(C)(C)ON)c1O,False,,0,,False,,181.23499999999999,1.8260200000000002,2,3,55.480000000000004,2,1,1.0112214926104486e-43
368,MOL00304,CC(C)CCCC(Cc1cc(Br)cs1)NN,False,,0,,False,,305.285,3.7113000000000023,2,3,38.05,7,1,1.0112214926104486e-43
369,MOL00305,Cc1c(C=C2SC(=O)N(Cc3ccc(C(F)(F)F)cc3)C2=O)ccc2c1OCCO2,False,,0,,False,,435.42300000000023,5.021520000000003,0,5,55.84,3,4,1.0112214926104486e-43
370,MOL00306,Cc1c(C(=O)OC(C)C)sc2nc(C(c3ccccc3)S(=O)(=O)c3ccccc3)nc(N3CCN(c4ccccn4)CC3)c12,False,,0,,False,,627.792,5.8498200000000065,0,10,105.58999999999999,8,6,1.0112214926104486e-43
371,MOL00307,CCNC(c1ccc(F)c(F)c1)C1CCCCC1C,False,,0,,False,,267.36299999999994,4.4417000000000035,1,1,12.03,4,2,1.0112214926104486e-43
372,MOL00308,Cc1ccc(NC(=S)N(Cc2ccccc2)Cc2ccc3c(c2)OCO3)cc1C,False,,0,,False,,404.5350000000002,5.431340000000004,1,3,33.730000000000004,5,4,1.0112214926104486e-43
373,MOL00309,Cc1ccc2ccn(C3CC(C)C(COc4nc(N(C)C)nc(N5CCC(NCCCN)CC5)n4)O3)c2n1,False,,0,,False,,523.6860000000004,2.5055200000000015,2,10,119.48,10,5,1.0112214926104486e-43
374,MOL00310,C=C(Cn1ccc2cccnc21)NC(Cc1ccccc1)C(=O)O,False,,0,,False,,321.38000000000005,2.8355000000000006,2,3,67.15,7,3,1.0112214926104486e-43
375,MOL00311,CC=CCNCC(C)C=Cc1ccc(-c2cnc(N)c(-c3ccc4c(Br)cncc4c3)n2)cc1,False,,0,,False,,514.4710000000001,6.518500000000006,2,5,76.72,8,4,1.0112214926104486e-43
376,MOL00312,CCOC(=O)Cc1ccc([O-])cc1-c1cc[n+](C)c(-c2ccc(N)cc2)c1,False,,0,,False,,362.4290000000001,2.6065000000000005,1,4,79.26,5,3,1.0112214926104486e-43
377,MOL00313,CCc1cccc(NC(=O)CN(C)Cc2nc(-c3ccccc3C)no2)c1,False,,0,,False,,364.449,3.677920000000002,1,5,71.26,7,3,1.0112214926104486e-43
378,MOL00314,CC1CCCN1NC(=O)Cn1cc([N+](=O)[O-])ccc1=O,False,,0,,False,,280.28400000000005,0.27199999999999985,1,5,97.47999999999999,4,2,1.0112214926104486e-43
379,MOL00315,Cc1ccc(-c2nnnn2-c2ccnc(-n3cccn3)c2)cc1,False,,0,,False,,303.32900000000006,2.21842,0,5,74.31,3,4,1.0112214926104486e-43
380,MOL00316,CCCC(CNc1cc(C(=O)OC)ccn1)CC(C)C,False,,0,,False,,278.396,3.7425000000000033,1,4,51.22,8,1,1.0112214926104486e-43
381,MOL00317,COc1ccc2c(Oc3cccc(CC(=O)N=c4oc5ccc(F)cc5c(C)c4Br)c3)ccnc2c1NS(C)(=O)=O,False,,0,,False,,640.4870000000001,6.033420000000004,1,7,120.09,7,5,1.0112214926104486e-43
382,MOL00318,Cc1ccc(Cn2c(CCl)nc3ccc(C)c(C)c32)cc1,False,,0,,False,,298.81700000000006,4.7486600000000045,0,1,17.82,3,3,1.0112214926104486e-43
383,MOL00319,CC(=N)c1ccc(C(=O)Nc2ccc(S(=O)(=O)N3CCCC3)c(C(F)(F)F)c2)cc1,False,,0,,False,,439.4590000000002,4.129970000000003,2,4,90.33,5,3,1.0112214926104486e-43
384,MOL00320,COC(C)(CC[N+]1(C)CCC(C)(O)C1)C(C)CCC(C)(C)C(=O)O,False,,0,,False,,344.5160000000001,2.91,2,3,66.76,9,1,1.0112214926104486e-43
385,MOL00321,CN1C(=O)COc2ccc(C(=O)N3CC(CN)C3)cc21,False,,0,,False,,275.30799999999994,0.07250000000000029,1,4,75.87,2,3,1.0112214926104486e-43
386,MOL00322,Brc1cccc(Nc2cnnc(N3CCN(Cc4ccccc4)CC3)n2)c1,False,,0,,False,,425.33400000000023,3.699900000000002,1,6,57.18000000000001,5,4,1.0112214926104486e-43
387,MOL00323,Cc1ccc(C)c(C2CC(=O)N(CCC(=O)O)c3cc(Cl)ccc3S2)c1,False,,0,,False,,389.90400000000005,5.001640000000004,1,3,57.61,4,3,1.0112214926104486e-43
388,MOL00324,CCC(CC)CNc1cc(N)ccc1CC(N)=O,False,,0,,False,,249.35799999999998,2.1447,3,3,81.13999999999999,7,1,1.0112214926104486e-43
389,MOL00325,COc1ccc(Cl)cc1CC(=O)N1CCCC1CNC1CC1,False,,0,,False,,322.83600000000007,2.634100000000001,1,3,41.57,6,3,1.0112214926104486e-43
390,MOL00326,CN1CCCC1(Cc1ncn[nH]1)C(=O)O,False,,0,,False,,210.23700000000002,-0.10380000000000011,2,4,82.11,3,2,1.0112214926104486e-43
391,MOL00327,N#CCC(=O)Nc1c2nc[nH]c(=O)c2nn1Cc1ccccc1,False,,0,,False,,308.301,1.0200799999999994,2,5,116.45999999999998,4,3,1.0112214926104486e-43
392,MOL00328,CCc1ccc(O)c(N=Cc2cc3ccccc3n(C)c2=O)c1,False,,0,,False,,306.36500000000007,3.557100000000003,1,3,54.59,3,3,1.0112214926104486e-43
393,MOL00329,C1CCC2OSNC2C1,False,,0,,False,,145.227,1.4806,1,3,21.259999999999998,0,2,1.0112214926104486e-43
394,MOL00330,O=C1C2C3CCC(C3)C2C(=O)N1c1ccc(Cl)c(F)c1,False,,0,,False,,293.725,3.0146000000000015,0,2,37.38,1,4,1.0112214926104486e-43
395,MOL00331,COc1ccc(F)cc1C(Nc1cc(=O)oc2c(Br)cccc12)C1=C(O)CC(C)(C)CC1=O,False,,0,,False,,516.3630000000003,6.057600000000004,2,6,88.77000000000001,5,4,1.0112214926104486e-43
396,MOL00333,Brc1ccn2cc(CNC3CC3)nc2c1,False,,0,,False,,266.14199999999994,2.3487999999999998,1,2,29.33,3,3,1.0112214926104486e-43
397,MOL00334,CCOC(=O)C(C)(C)OCCOc1ccc(C(=O)NO)cc1,False,,0,,False,,311.33399999999995,1.5426999999999997,2,6,94.09,8,1,1.0112214926104486e-43
398,MOL00335,Cc1ccc(NC(=S)NC2c3ccccc3OC3CN(c4ccc(C)cc4F)CC32)cc1,False,,0,,False,,447.57900000000024,5.367640000000005,2,3,36.53,3,5,1.0112214926104486e-43
399,MOL00337,Cc1nc(CN(Cc2ccc(C(=O)CCCNC(=O)OC(C)(C)C)cc2)S(C)(=O)=O)no1,False,,0,,False,,466.56000000000023,2.827420000000001,1,8,131.7,10,2,1.0112214926104486e-43
400,MOL00338,CCC(CC)(CN(C)C)c1ncc2c(n1)CCN(Cc1ccsc1)C2,False,,0,,False,,358.55500000000006,3.7158000000000024,0,5,32.260000000000005,7,3,1.0112214926104486e-43
401,MOL00339,CCOc1ccc(NC(=O)C(C)Cn2nc(C)c(Cl)c2C)cc1,False,,0,,False,,335.83500000000004,3.8268400000000025,1,3,56.15,6,2,1.0112214926104486e-43
402,MOL00340,CC(C)C(N)=CC=C(C=NCC(=O)O)C(=N)N,False,,0,,False,,238.29099999999997,0.5027700000000005,4,4,125.55,6,0,1.0112214926104486e-43
403,MOL00341,O=c1cnn(C2CCN2)s1,False,,0,,False,,157.198,-0.20329999999999998,1,4,46.92,1,2,1.0112214926104486e-43
404,MOL00343,CC1(C)CN(c2ccc(Br)cc2)c2c(Cl)nc(-c3ccc(F)cc3)nc21,False,,0,,False,,432.7240000000001,6.127900000000005,0,3,29.020000000000003,2,4,1.0112214926104486e-43
405,MOL00345,O=C(O)c1ccccc1NC(=O)c1c(F)ccc(Br)c1Cl,False,,0,,False,,372.577,4.192100000000002,2,2,66.4,3,2,1.0112214926104486e-43
406,MOL00346,O=C1NCCOC12CN1CCC2CC1,False,,0,,False,,196.24999999999997,-0.40280000000000027,1,3,41.57,0,4,1.0112214926104486e-43
407,MOL00348,CSc1nc(C#N)c(N)c(N=Cc2cccs2)n1,False,,0,,False,,275.362,2.46448,1,7,87.95,3,2,1.0112214926104486e-43
408,MOL00350,O=C(NNC(=O)C1COc2ccccc2O1)c1n[nH]c(=O)c2ccccc12,False,,0,,False,,366.3330000000001,0.5241,3,6,122.41,2,4,1.0112214926104486e-43
409,MOL00351,COC(=O)c1nc2cc(N)ccc2n1-c1ccc(C)cc1,False,,0,,False,,281.315,2.702720000000001,1,4,70.13999999999999,2,3,1.0112214926104486e-43
410,MOL00352,CCCN(CC)Cc1cn(C2CCNCC2)nn1,False,,0,,False,,251.37799999999996,1.4344999999999999,1,4,45.980000000000004,6,2,1.0112214926104486e-43
411,MOL00353,CCOC(=O)C(C)(C)CN1C(=O)C(=C2CCC2)CC(C(=O)OC(C)(C)C)=C1C,False,,0,,False,,391.50800000000015,3.904200000000003,0,5,72.91,5,2,1.0112214926104486e-43
412,MOL00354,CCNC(=NCC1(N2CCOCC2)CCCCC1)NCCCSc1ccccc1,False,,0,,False,,418.65100000000007,3.7590000000000012,2,4,48.89,9,3,1.0112214926104486e-43
413,MOL00355,CC1CCCCN1S(=O)(=O)c1cccc2c(NC(=O)c3cccc(Cl)c3)cccc12,False,,0,,False,,442.96800000000013,5.308600000000005,1,3,66.48,4,4,1.0112214926104486e-43
414,MOL00358,CCCOc1ncnc(NC2CCN(C(=O)OC)CC2)c1C,False,,0,,False,,308.38200000000006,2.21652,1,6,76.58000000000001,5,2,1.0112214926104486e-43
415,MOL00359,COc1ccc2c(c1)CC1(C2)C(=O)C(C(C)N2CCN(C)CC2)=NC1(O)c1c(F)ccc(-n2nccn2)c1F,False,,0,,False,,536.5830000000002,2.1439999999999992,1,8,96.08000000000001,5,6,1.0112214926104486e-43
416,MOL00360,CCc1nn(C)cc1NC(=O)N(C)Cc1cccs1,False,,0,,False,,278.381,2.7079000000000013,1,3,50.160000000000004,4,2,1.0112214926104486e-43
417,MOL00361,Nc1cncc(-c2cc(C3(O)Cc4c(C(F)(F)F)nnc5[nH]cc3c45)[nH]n2)c1,False,,0,,False,,387.325,2.136,4,6,129.39,2,5,1.0112214926104486e-43
418,MOL00362,CC(=O)OCC=C(C)CC(C(C)=O)C(C)C,False,,0,,False,,226.316,2.7471000000000014,0,3,43.370000000000005,6,0,1.0112214926104486e-43
419,MOL00363,COc1ccc(OC(C)=C(O)C=Cc2cc(C)cc(C3(C)OCCO3)c2)cc1,False,,0,,False,,382.4560000000002,5.104820000000004,1,5,57.150000000000006,6,3,1.0112214926104486e-43
420,MOL00364,Cc1ncccc1C(=O)NC1CCCC1CN,False,,0,,False,,233.31499999999994,1.24722,2,3,68.01,3,2,1.0112214926104486e-43
421,MOL00365,COc1ccc(CO)c2c1OC(CO)C2,False,,0,,False,,210.22899999999996,0.4833000000000001,2,4,58.92,3,2,1.0112214926104486e-43
422,MOL00366,Cc1nn(-c2ccccc2)c(Nc2c(Cl)ccc3c2ccn3C)c1C=C(O)CC(C)C,False,,0,,False,,434.97100000000023,7.014420000000006,2,3,55.010000000000005,6,4,1.0112214926104486e-43
423,MOL00367,CC1=CC(C)CC(N2C=CN(CCOO)CCC2C)C1,False,,0,,False,,280.41200000000003,3.0882000000000023,1,4,35.94,4,2,1.0112214926104486e-43
424,MOL00368,CC(=O)OC(=O)OC1CCC2C(CCC3C2CCC2(C)CCCC32)C1,False,,0,,False,,348.4830000000002,5.097400000000006,0,4,52.60000000000001,1,4,1.0112214926104486e-43
425,MOL00369,Cc1ccccc1C(=O)NC(C)CN1CCN(c2cccc(Cl)c2)CC1,False,,0,,False,,371.91200000000003,3.5889200000000026,1,3,35.580000000000005,5,3,1.0112214926104486e-43
426,MOL00371,Nc1ccccc1C(=O)N1CC=CCC1,False,,0,,False,,202.25699999999995,1.6709,1,2,46.330000000000005,1,2,1.0112214926104486e-43
427,MOL00372,CCCOc1c(C2CCCC2)ccc2nc(C)nc(N3CCCC(N4CCC(=O)CC4)C3)c12,False,,0,,False,,450.6270000000004,5.0183200000000046,0,6,58.56000000000001,6,5,1.0112214926104486e-43
428,MOL00373,COc1ccc(N=Nc2ccc(C3CC(c4ccccc4)=NN3c3ccc(C(C)=O)cc3)s2)cc1,False,,0,,False,,480.5930000000002,7.730400000000007,0,7,66.62,7,5,1.0112214926104486e-43
429,MOL00374,O=C(NCc1ccc2c(c1)C(=O)c1cccc(NC(=O)N3CCC(F)(F)CC3)c1C2=O)Nc1ccc(Cl)cn1,False,,0,,False,,553.9530000000003,5.095100000000004,3,5,120.50000000000001,4,5,1.0112214926104486e-43
430,MOL00375,CC(C)=NNC(=O)CCc1nn(C)c2c1C(=O)CCC2,False,,0,,False,,276.34000000000003,1.3836999999999995,1,4,76.35,4,2,1.0112214926104486e-43
431,MOL00376,CC1(C)COc2cc3cc(O)nc(-c4ccc(S(C)(=O)=O)cc4)c3cc2N1,False,,0,,False,,384.4570000000001,3.5938000000000025,2,6,88.52000000000001,2,4,1.0112214926104486e-43
432,MOL00377,CC(=O)NC(C)c1nc2n(n1)CCN(CCCC(C)C)C2,False,,0,,False,,293.415,1.7269999999999994,1,4,63.050000000000004,6,2,1.0112214926104486e-43
433,MOL00378,CCCCCC1CC(O)C(CCC(=O)O)C1C=CC(C)(O)CCCCC,False,,0,,False,,368.5580000000002,4.932200000000004,3,3,77.76,13,1,1.0112214926104486e-43
434,MOL00379,CN(CCOc1ccc(F)cc1)C(=O)Cn1nnc2ccccc21,False,,0,,False,,328.34700000000004,2.1078,0,4,60.25,6,3,1.0112214926104486e-43
435,MOL00380,CCS(=O)(=O)N1CCC(Nc2cncc(-c3cc(F)cc4c3OCC4)n2)CC1,False,,0,,False,,406.4830000000003,2.443600000000001,1,6,84.42,5,4,1.0112214926104486e-43
436,MOL00381,Cc1c(-c2ccccc2F)nn(-c2ccccc2)c1NC(=O)CCc1ccc(-c2ccc(F)c(F)c2)o1,False,,0,,False,,501.50800000000027,7.096320000000004,1,3,60.06,7,5,1.0112214926104486e-43
437,MOL00383,Cc1cc(Cl)ccc1CCn1ccnc1,False,,0,,False,,220.703,3.087620000000001,0,1,17.82,3,2,1.0112214926104486e-43
438,MOL00384,Clc1cccc(OC2CCSC2)c1,False,,0,,False,,214.71699999999996,3.2243000000000013,0,2,9.23,2,2,1.0112214926104486e-43
439,MOL00385,CC(C)N1C=C(F)C2=NCCN21,False,,0,,False,,169.20299999999997,1.1504,0,3,18.84,1,2,1.0112214926104486e-43
440,MOL00386,Cc1cc(Cl)c(Cl)cc1NC(=O)c1cc(Br)cnc1NN,False,,0,,False,,390.06800000000004,3.9972200000000013,3,4,80.04,3,2,1.0112214926104486e-43
441,MOL00387,COC(=O)C=Cc1cc2c(s1)N(C1CCCCC1)C(=O)CC2,False,,0,,False,,319.4260000000001,3.5462000000000025,0,4,46.61,3,3,1.0112214926104486e-43
442,MOL00388,CC1CCCCN1c1nc(-c2ccccn2)nc2ccccc12,False,,0,,False,,304.39700000000005,4.070600000000003,0,4,41.910000000000004,2,4,1.0112214926104486e-43
443,MOL00389,CCOC(=O)Cc1c(CO)cnc(C)c1CO,False,,0,,False,,239.271,0.48022000000000015,2,5,79.65,5,1,1.0112214926104486e-43
444,MOL00390,O=C(CC1CCSCC1)NC1COC(CN2CCCC2)C1O,False,,0,,False,,328.4780000000001,0.8599999999999999,2,5,61.8,5,3,1.0112214926104486e-43
445,MOL00391,O=C1CC(c2cc(-c3cccn4cc(C(F)F)nc34)cc(=O)[nH]2)CN1CC(F)(F)F,False,,0,,False,,426.34500000000014,3.5054000000000016,1,3,70.47,4,4,1.0112214926104486e-43
446,MOL00393,CCCn1c(=O)c(CCl)nc2cc(Br)cnc21,False,,0,,False,,316.586,2.7028000000000008,0,3,47.78,3,2,1.0112214926104486e-43
447,MOL00394,COc1ccc(CC(=O)NCC(=O)Nc2ccc(Cl)cc2)cc1,False,,0,,False,,332.78700000000003,2.646000000000001,2,3,67.42999999999999,6,2,1.0112214926104486e-43
448,MOL00395,CCOC(=O)C1=C(C)Nc2[nH]c(=O)[nH]c(=O)c2C1c1ccc(Br)cc1,False,,0,,False,,406.23600000000005,2.2201999999999993,3,5,104.04999999999998,3,3,1.0112214926104486e-43
449,MOL00396,CCCCNC(=O)c1sc2nsc(-c3ccccc3)c2c1N,False,,0,,False,,331.46600000000007,4.1369000000000025,2,5,68.01,5,3,1.0112214926104486e-43
450,MOL00397,COC(=O)CC(NC(=O)c1nc2ccc([N+](=O)[O-])cc2[nH]1)C(=O)O,False,,0,,False,,336.26000000000005,0.21719999999999984,3,7,164.51999999999998,6,2,1.0112214926104486e-43
451,MOL00398,CCC(Oc1ccc(Cl)cc1)C(=O)Nc1ccccc1F,False,,0,,False,,307.752,4.275200000000002,1,2,38.33,5,2,1.0112214926104486e-43
452,MOL00399,CN1CCCC(NC2CCS(=O)(=O)C2)CC1=O,False,,0,,False,,260.359,-0.2259999999999993,1,4,66.48,2,2,1.0112214926104486e-43
453,MOL00400,COC(=O)C(C)(C)NC(=O)C1NCCSC1(C)C,False,,0,,False,,274.386,0.5378000000000003,2,5,67.42999999999999,3,1,1.0112214926104486e-43
454,MOL00401,Cc1nc(CC2C(O)CCN2C(=O)c2ccc(-c3ccccc3)c(Cl)c2)no1,False,,0,,False,,397.862,3.5165200000000025,1,5,79.46000000000001,4,4,1.0112214926104486e-43
455,MOL00402,O=C(O)N1CCC(c2nc3c([nH]2)c2c(c4c(O)cccc43)CCCC2)CC1,False,,0,,False,,365.4330000000003,4.157900000000002,3,3,89.45,1,5,1.0112214926104486e-43
456,MOL00403,CC1(C)C2C(=O)CC(SC(=O)NC(=O)C3CC4CCC3C4)C21,False,,0,,False,,321.4420000000001,3.005600000000001,1,4,63.24,2,4,1.0112214926104486e-43
457,MOL00404,Cc1nnn(CC(=O)C=Cc2c(CCCc3ccc(C#N)cc3)[nH]c(=O)n2-c2ccc(OC3CCC(N(C)C)CC3)c(F)c2)n1,False,,0,,False,,612.71,4.180700000000003,1,8,134.71999999999997,12,5,1.0112214926104486e-43
458,MOL00405,COc1cccc(N(C)C(=O)c2cc(C)ccc2NN)c1,False,,0,,False,,285.34700000000004,2.5658199999999995,2,4,67.59,4,2,1.0112214926104486e-43
459,MOL00407,CC(I)C1CCCCN1C(F)(F)C(F)(F)F,False,,0,,False,,357.1039999999999,3.8195000000000023,0,1,3.24,2,1,1.0112214926104486e-43
460,MOL00408,COCC(C)N(C)c1ncnc2sccc12,False,,0,,False,,237.32800000000003,2.1624,0,5,38.25,4,2,1.0112214926104486e-43
461,MOL00409,N#Cc1c(-c2cccs2)cc(-c2cccnc2)[nH]c1=O,False,,0,,False,,279.324,3.0370800000000013,1,4,69.53999999999999,2,3,1.0112214926104486e-43
462,MOL00410,CC(NC(c1cccc2ccccc12)C(C)C)c1ccccc1,False,,0,,False,,303.449,5.887700000000005,1,1,12.03,5,3,1.0112214926104486e-43
463,MOL00411,COC(CNC(=O)Cc1ccc2ccccc2c1)c1ccc2c(c1)OCCO2,False,,0,,False,,377.4400000000002,3.6574000000000018,1,4,56.790000000000006,6,4,1.0112214926104486e-43
464,MOL00412,CCNc1ncnc(N2CCN(c3ccc(C)cn3)CC2)c1C,False,,0,,False,,312.4210000000001,2.2468399999999997,1,6,57.18000000000001,4,3,1.0112214926104486e-43
465,MOL00413,O=C(Nc1ccc(O)c2ncccc12)C1CC2CC2N1,False,,0,,False,,269.3039999999999,1.6293,3,4,74.25,2,4,1.0112214926104486e-43
466,MOL00414,CCc1cc(S(C)(=O)=O)cc2c1OCO2,False,,0,,False,,228.26899999999995,1.3812,0,4,52.60000000000001,2,2,1.0112214926104486e-43
467,MOL00415,Cc1ccc(S(=O)(=O)C2CC(N(CC(=O)O)C(C)C)C2)cc1,False,,0,,False,,325.43000000000006,2.0947199999999997,1,4,74.68,6,2,1.0112214926104486e-43
468,MOL00416,CC1CCC(C)(C)C(=O)C1N(C)C=O,False,,0,,False,,197.278,1.4684,0,2,37.38,2,1,1.0112214926104486e-43
469,MOL00417,Cc1cnc(NC=C2SC(=S)N(c3ccc(C)c(Cl)c3)C2=O)s1,False,,0,,False,,381.9350000000001,4.7315400000000025,1,6,45.230000000000004,3,3,1.0112214926104486e-43
470,MOL00418,Cc1cccc(F)c1NC(=O)NCC(N)C1CC1,False,,0,,False,,251.30499999999998,1.9929199999999998,3,2,67.15,4,2,1.0112214926104486e-43
471,MOL00419,CCOC1CCN(C(=O)NC2CCCN(C(=O)CC)C2)CC1,False,,0,,False,,311.4260000000001,1.5978999999999992,1,3,61.88,4,2,1.0112214926104486e-43
472,MOL00420,Cc1cc2c(Cl)c(Cl)c(Br)cc2nc1Cl,False,,0,,False,,325.4200000000001,5.265920000000001,0,1,12.89,0,2,1.0112214926104486e-43
473,MOL00421,CC1(C)OB(c2cnc3ccnn3c2)OC1(C)C,False,,0,,False,,245.091,1.0284999999999997,0,4,48.650000000000006,1,3,1.0112214926104486e-43
474,MOL00422,COc1cc(C(N)=S)ccc1OCCN1C=CC=CC1,False,,0,,False,,290.38800000000003,2.0937,1,4,47.720000000000006,6,2,1.0112214926104486e-43
475,MOL00423,CCCCCCC(C)CCc1nc(C)c(N2CCOCC2)n1C,False,,0,,False,,321.50900000000007,4.104220000000003,0,3,30.290000000000003,9,2,1.0112214926104486e-43
476,MOL00424,CCOC(COCn1cnc2c(N)ncnc21)OCC,False,,0,,False,,281.3160000000001,0.7816999999999997,1,7,97.31,8,2,1.0112214926104486e-43
477,MOL00425,O=C(OCc1cc(=O)oc2ccc(Br)cc12)c1cc[n+]([O-])cc1,False,,0,,False,,376.1620000000001,2.5459000000000005,0,5,83.45,3,3,1.0112214926104486e-43
478,MOL00426,CC(=O)c1cccc(NC2CC(=O)N(c3ccc(F)cc3F)C2=O)c1,False,,0,,False,,344.31700000000006,2.9114000000000013,1,4,66.48,4,3,1.0112214926104486e-43
479,MOL00427,CC1CC(C)CC(n2c(CCl)nc3ccccc32)C1,False,,0,,False,,276.8110000000001,4.772300000000004,0,1,17.82,2,3,1.0112214926104486e-43
480,MOL00428,Cc1ccc([N+](=O)[O-])cc1C(=O)Nc1ccc(S(=O)(=O)CCc2ccncc2)cc1,False,,0,,False,,425.4660000000002,3.5669200000000023,1,6,119.27,7,3,1.0112214926104486e-43
481,MOL00429,CC(Br)c1cc(OC(F)(F)F)cc(C(F)(F)F)c1,False,,0,,False,,337.05699999999996,5.059900000000002,0,1,9.23,2,1,1.0112214926104486e-43
482,MOL00430,C=NC(=C(F)OC)c1n[nH]c2cccc(Nc3nc(N4CCOCC4)c(C=N)cc3Cl)c12,False,,0,,False,,457.89700000000033,4.131770000000002,3,8,111.50999999999999,7,4,1.0112214926104486e-43
483,MOL00432,CC(C)COc1ccc(CN)cc1,False,,0,,False,,179.26299999999998,2.1801000000000004,1,2,35.25,4,1,1.0112214926104486e-43
484,MOL00433,CC=C1OC2C3C4CC42C32C3CC2C2(OCCO2)C13,False,,0,,False,,258.31699999999995,1.9341,0,3,27.69,0,9,1.0112214926104486e-43
485,MOL00434,Cc1nc(C)c(CC(=O)N2CCCC2CO)c(C)n1,False,,0,,False,,263.3409999999999,0.9276600000000002,1,4,66.32000000000001,3,2,1.0112214926104486e-43
486,MOL00435,Cc1cc(N)ccc1C=CCN,False,,0,,False,,162.236,1.5491199999999998,2,2,52.04,2,1,1.0112214926104486e-43
487,MOL00436,CNC(=O)c1c(C)cc(C(=O)Cc2ccc(N3CCC(C)CC3)c(Cl)c2)cc1F,False,,0,,False,,416.9240000000001,4.808820000000005,1,3,49.410000000000004,5,3,1.0112214926104486e-43
488,MOL00437,CC(O)(CNC(=O)c1ccc(-n2cnc3ccccc32)cc1)c1ccsc1,False,,0,,False,,377.4690000000001,3.7245000000000017,2,4,67.15,5,4,1.0112214926104486e-43
489,MOL00438,Cc1noc(C)c1CCC(=O)N1CCCC1c1cc[nH]c1,False,,0,,False,,287.36299999999994,2.915840000000001,1,3,62.13,4,3,1.0112214926104486e-43
490,MOL00439,CCC=CC=CC(C)C=C(C)C1=CCCC=C1,False,,0,,False,,228.37899999999996,5.367600000000005,0,0,0.0,5,1,1.0112214926104486e-43
491,MOL00441,CCOC(=O)c1c([N+](=O)[O-])n(Nc2nc3ccccc3o2)c2cc(Cl)cc(Cl)c2c1=O,False,,0,,False,,463.2330000000003,4.409600000000002,1,8,129.5,5,4,1.0112214926104486e-43
492,MOL00442,CC(Nc1ccc(Cn2cncn2)cc1)C(C)(C)C,False,,0,,False,,258.36899999999997,3.172900000000002,1,3,42.74,4,2,1.0112214926104486e-43
493,MOL00443,Cc1ccccc1N(c1ccccc1)c1c2cccc(C)c2cc2c1ccc1cc3cc(N(c4ccccc4)c4ccc(-c5ccccc5)cc4)ccc3cc12,False,,0,,False,,716.9280000000002,15.522839999999967,0,2,6.48,7,10,1.0112214926104486e-43
494,MOL00444,CNCc1cc(Sc2ccccc2)ccc1F,False,,0,,False,,247.338,3.6963000000000026,1,2,12.03,4,2,1.0112214926104486e-43
495,MOL00445,COCC(C)NC(=O)CSc1cc(C)ncn1,False,,0,,False,,255.34300000000002,1.02822,1,5,64.11,6,1,1.0112214926104486e-43
496,MOL00446,CC(C)COc1ccc(CC2CCNCC2)cc1,False,,0,,False,,247.38199999999995,3.2635000000000014,1,2,21.259999999999998,5,2,1.0112214926104486e-43
497,MOL00447,COc1ccc2c(c1)C(=O)CCC2,False,,0,,False,,176.21499999999995,2.2142,0,2,26.3,1,2,1.0112214926104486e-43
498,MOL00448,Cc1[nH]nc(Oc2n[nH]c(-c3cccs3)n2)c1-c1ccncc1,False,,0,,False,,324.369,3.4190200000000006,2,6,92.37,4,4,1.0112214926104486e-43
499,MOL00449,CC(O)CN1CCC2(CC1)CN(C(=O)C1CC1)C(C(C)(C)C)CO2,False,,0,,False,,338.49200000000013,1.8852999999999998,1,4,53.010000000000005,3,3,1.0112214926104486e-43
500,MOL00450,Cc1ccc(-c2ccc(C(=O)C=O)cc2)c(C)c1,False,,0,,False,,238.286,3.3520400000000015,0,2,34.14,3,2,1.0112214926104486e-43
501,MOL00451,C=P(CCC(C)C)(OP(=O)(OC)OC)C1=CC(C)NC=C1,False,,0,,False,,335.32099999999997,4.203900000000003,1,5,56.790000000000006,8,1,1.0112214926104486e-43
502,MOL00452,CC(=Cc1cc(C)n(-c2ccccc2C)c1C)C(=O)NCC1CCOC1c1nncn1C,False,,0,,False,,433.5560000000002,3.8283600000000018,1,4,73.97,6,4,1.0112214926104486e-43
503,MOL00453,CC1CCCC(C(Cc2ccc(S(C)(=O)=O)cc2)NN)C1,False,,0,,False,,310.463,2.290800000000001,2,4,72.19,5,2,1.0112214926104486e-43
504,MOL00454,CCn1nc(C)c(N)c1NCc1cc(Cl)cc(Cl)c1Cl,False,,0,,False,,333.65,4.365920000000003,2,3,55.870000000000005,4,2,1.0112214926104486e-43
505,MOL00455,O=C(OCCC1=CC=NC1)C(F)(F)F,False,,0,,False,,207.15099999999995,1.4928,0,3,38.66,3,1,1.0112214926104486e-43
506,MOL00456,O=S(=O)(Nc1cnn(Cc2ccccc2F)c1)c1ccc2c(c1)CCCC2,False,,0,,False,,385.4640000000002,3.7501000000000033,1,3,63.99,5,4,1.0112214926104486e-43
507,MOL00457,CN(C)c1ccc(Oc2ccnc(-n3cccn3)c2Cl)cc1C(=O)O,False,,0,,False,,358.7850000000001,3.4772000000000016,1,5,80.48,5,3,1.0112214926104486e-43
508,MOL00458,Cn1cc(C(=O)c2cccc(F)c2O)c(=O)o1,False,,0,,False,,237.18599999999995,1.0539999999999998,1,4,72.44,2,2,1.0112214926104486e-43
509,MOL00460,O=C(O)n1cc([N+](=O)[O-])cn1,False,,0,,False,,157.085,0.3173999999999999,1,4,98.25999999999999,1,1,1.0112214926104486e-43
510,MOL00461,C=C(C)CCNC(=O)c1ccco1,False,,0,,False,,179.219,1.9756,1,2,42.24,4,1,1.0112214926104486e-43
511,MOL00462,CCc1ccccc1CCN1CCC(CN(C)C(=O)c2cnn(C)c2)CC1,False,,0,,False,,368.5250000000001,3.0092000000000017,0,3,41.37,7,3,1.0112214926104486e-43
512,MOL00465,Cc1ccc(C2CCCC(NCCC3CCOC3)C2)cc1,False,,0,,False,,287.447,4.037420000000004,1,2,21.259999999999998,5,3,1.0112214926104486e-43
513,MOL00466,Nc1nccn1CC1COCCN1c1nccs1,False,,0,,False,,265.342,0.8271999999999993,1,6,69.19999999999999,3,3,1.0112214926104486e-43
514,MOL00467,CC(C)(C)C(F)(F)C=C[N+](=O)[O-],False,,0,,False,,179.166,2.4582000000000006,0,2,43.14,2,0,1.0112214926104486e-43
515,MOL00468,CCCCn1nnnc1C(c1ccc(Cl)cc1Cl)N(C(=O)CS(C)(=O)=O)C1CC1,False,,0,,False,,460.3870000000003,2.905000000000001,0,6,98.05000000000001,9,3,1.0112214926104486e-43
516,MOL00469,C=CCNC(=O)N(CC)Cc1nccn1CCC,False,,0,,False,,250.34599999999998,2.0106,1,2,50.160000000000004,7,1,1.0112214926104486e-43
517,MOL00470,O=C1CNCC(Oc2ccc(C3=CCOc4ccc(-c5cn[nH]c5)cc43)cc2F)C1,False,,0,,False,,405.4290000000001,3.349700000000002,2,5,76.24000000000001,4,5,1.0112214926104486e-43
518,MOL00471,CC(=O)NC(CC(=O)NNC(=O)c1cc(-c2ccccc2)nc2ccccc12)c1ccc2c(c1)CCCC2,False,,0,,False,,506.60600000000034,4.809100000000004,3,4,100.19000000000001,6,5,1.0112214926104486e-43
519,MOL00472,O=C(Cc1ccc(Br)cc1)N(CCc1c[nH]c2ccccc12)c1nc2ccccc2s1,False,,0,,False,,490.4260000000001,6.358500000000004,1,3,48.99,6,5,1.0112214926104486e-43
520,MOL00473,COCC1CCCN(S(=O)(=O)c2cc(C)ccc2N)C1,False,,0,,False,,298.4080000000001,1.62432,1,4,72.63,4,2,1.0112214926104486e-43
521,MOL00474,O=C1OC2(CCN(CCc3ccc(OC(F)(F)F)cn3)CC2)CN1c1cccc(F)c1,False,,0,,False,,439.4090000000002,4.1532000000000036,0,5,54.9,5,4,1.0112214926104486e-43
522,MOL00475,CC(C)C1CCCC2C(NC(=O)c3ccc(Oc4ccccc4)cc3)CCN12,False,,0,,False,,378.5160000000001,4.8601000000000045,1,3,41.57,5,4,1.0112214926104486e-43
523,MOL00476,O=C(Oc1cccs1)C1CCCN1,False,,0,,False,,197.25899999999996,1.4054999999999997,1,4,38.33,2,2,1.0112214926104486e-43
524,MOL00477,COc1c(C(=O)N2CC(O)CC2c2ccc(F)cc2F)ccc2ccccc12,False,,0,,False,,383.39400000000006,4.074700000000003,1,3,49.769999999999996,3,4,1.0112214926104486e-43
525,MOL00478,Cc1cnc(Nc2ccc(-c3ncco3)cc2)nc1NC1CCNCC1,False,,0,,False,,350.42600000000016,3.347520000000001,3,7,87.9,5,4,1.0112214926104486e-43
526,MOL00479,COc1ccc(CN2CCN(c3nc(CCN)nc(Nc4ccc(OC)c(OC)c4)n3)CC2C)cc1,False,,0,,False,,493.61200000000025,2.852900000000001,2,10,110.89000000000001,10,4,1.0112214926104486e-43
527,MOL00480,CCCCCCCCC=CCC=CC(NC(=O)CC(CCCC=CCCCCCCCC)OP(=O)(O)OCC[N+](C)(C)C)C(C=CCCCCCCCCCCCCC)OC(=O)CCCCCCCCCCCCCCCCCCC,False,,0,,False,,1160.849999999999,22.01070000000001,2,6,111.16,63,0,1.0112214926104486e-43
528,MOL00481,c1cc2cc(-c3ccc4oc5ccccc5c4c3)cc3c4c5nc(-n6c7ccccc7c7ccccc76)ncc5c-4c3c-2c1,False,,0,,False,,559.6280000000002,10.531699999999987,0,3,43.85,2,11,1.0112214926104486e-43
529,MOL00482,CCc1ccccc1NC(=O)Cc1cn2ccccc2n1,False,,0,,False,,279.343,3.0779000000000014,1,2,46.400000000000006,4,3,1.0112214926104486e-43
530,MOL00483,CCCC(C)(N)CN1CCCC(C)C1,False,,0,,False,,198.35399999999996,2.2358000000000002,1,2,29.259999999999998,4,1,1.0112214926104486e-43
531,MOL00485,CCNC(c1ccsc1)C1(C(C)C)CC1,False,,0,,False,,223.38499999999996,3.834900000000003,1,2,12.03,5,2,1.0112214926104486e-43
532,MOL00486,CCC(O)CCNC(=O)CCOc1ccc(Cl)cc1,False,,0,,False,,285.77099999999996,2.3861,2,3,58.56,8,1,1.0112214926104486e-43
533,MOL00487,CCN(CCCO)C(C)C,False,,0,,False,,145.24599999999998,1.0991,1,2,23.47,5,0,1.0112214926104486e-43
534,MOL00488,O=C(NCc1ccc(F)cc1)c1cc(S(=O)(=O)N2CCCCCC2)cnc1Cl,False,,0,,False,,425.91300000000024,3.368800000000002,1,4,79.37,5,3,1.0112214926104486e-43
535,MOL00490,CCNC(=O)CN1CCN(CC2CCCN2C)CC1,False,,0,,False,,268.405,-0.1656999999999973,1,4,38.82000000000001,5,2,1.0112214926104486e-43
536,MOL00491,Cc1ccc(-c2nc(C)c(N)c(C(=O)O)n2)cc1,False,,0,,False,,243.26600000000002,2.04084,2,4,89.1,2,2,1.0112214926104486e-43
537,MOL00492,CC(=O)Nc1nnc(SC(C)C(=O)NCc2ccccc2Cl)s1,False,,0,,False,,370.88700000000006,2.946900000000001,2,6,83.98,6,2,1.0112214926104486e-43
538,MOL00493,COc1cccc(F)c1CN1CCc2sc(C3CC(NC(=O)OC(C)(C)C)C3)nc2C1,False,,0,,False,,447.57600000000025,4.619800000000004,1,6,63.69,5,4,1.0112214926104486e-43
539,MOL00494,CC1CCOC1C(O)CCc1cccs1,False,,0,,False,,226.34099999999998,2.4666000000000006,1,3,29.46,4,2,1.0112214926104486e-43
540,MOL00495,COc1ccc(OC)c(NC(=O)C(C)SCC(=O)NCCC2=CCCCC2)c1,False,,0,,False,,406.5480000000003,3.7707000000000024,2,5,76.66,10,2,1.0112214926104486e-43
541,MOL00496,COc1ccc(C2C(NC(=O)Nc3ccc(OC(F)(F)F)cc3)CCC3(C)CCN(CC4CC4)CC23)cc1O,False,,0,,False,,547.6180000000005,6.105300000000007,3,5,83.06,7,5,1.0112214926104486e-43
542,MOL00497,Cc1c(-c2ccccc2)oc(SC(C)c2ccccc2O)c1C#N,False,,0,,False,,335.42800000000005,5.685600000000004,1,4,57.160000000000004,4,3,1.0112214926104486e-43
543,MOL00498,CCCN(CCC)CCOc1cccc2[nH]c(C(=O)Nc3cc(F)c(F)c(F)c3)cc12,False,,0,,False,,433.4740000000001,5.338300000000005,2,3,57.36,10,3,1.0112214926104486e-43
544,MOL00499,NC1=NC=NC2N1N=C(N)N2C1OC(CO)C(O)C1O,False,,0,,False,,285.264,-4.087099999999999,5,11,165.51999999999998,2,3,1.0112214926104486e-43
545,MOL00500,CCn1c(=NC(=O)C=Cc2cccs2)sc2c(Cl)cccc21,False,,0,,False,,348.88000000000005,4.578300000000003,0,3,34.36,3,3,1.0112214926104486e-43
546,MOL00501,COc1nc(NC2CCOC(C)C2)nc(N2CCN(C)CC2)n1,False,,0,,False,,322.41300000000007,0.6114000000000002,1,8,75.64,4,3,1.0112214926104486e-43
547,MOL00502,C=CCCNc1ccnc(C(C)O)c1,False,,0,,False,,192.26199999999997,2.1228999999999996,2,3,45.150000000000006,5,1,1.0112214926104486e-43
548,MOL00503,COc1ccc(C(=O)c2c(S(=O)(=O)NCC3CCCO3)cn3c2CCC3)cc1,False,,0,,False,,404.4880000000002,2.1311999999999998,1,5,86.63,7,4,1.0112214926104486e-43
549,MOL00504,CCCNC(=O)C1CCCN(Cc2ccc(N3Cc4ccccc4C3=O)cc2)C1,False,,0,,False,,391.5150000000001,3.585200000000002,1,3,52.650000000000006,6,4,1.0112214926104486e-43
550,MOL00505,COC(=O)C(C)(C)N1CCCC(C)(C(=O)O)C1,False,,0,,False,,243.30299999999994,1.1246999999999998,1,4,66.84,3,1,1.0112214926104486e-43
551,MOL00506,CCCCCCc1nc2c(C(C)(C)C#N)noc2c(=O)[nH]1,False,,0,,False,,288.351,2.8350800000000014,1,5,95.57,6,2,1.0112214926104486e-43
552,MOL00507,CCOC(=O)c1ccc(C)c(NS(=O)(=O)c2sc(=O)n(C)c2C)c1,False,,0,,False,,370.4520000000001,2.04114,1,6,94.47,5,2,1.0112214926104486e-43
553,MOL00508,CN(C)c1nc(N)nc(-c2ccc(Br)cc2)n1,False,,0,,False,,294.156,1.9493,1,5,67.93,2,2,1.0112214926104486e-43
554,MOL00509,CC(CN)C(=O)NCc1ccc(F)c(F)c1,False,,0,,False,,228.242,1.1758000000000002,2,2,55.120000000000005,4,1,1.0112214926104486e-43
555,MOL00510,COc1ccc2c(c1)c1c(n2C)C(N)CCC1,False,,0,,False,,230.31099999999995,2.5230000000000006,1,2,40.18,1,3,1.0112214926104486e-43
556,MOL00511,Cc1ccc(-n2cnnc2SCC(=O)Nc2ccccc2F)cc1C,False,,0,,False,,356.4260000000001,3.7540400000000016,1,4,59.81,5,3,1.0112214926104486e-43
557,MOL00512,COc1ccc(C(=O)Nc2cc(-c3ccccc3)nn(C(C)C3CC3)c2=O)cc1,False,,0,,False,,389.4550000000002,4.1422000000000025,1,4,73.22,6,4,1.0112214926104486e-43
558,MOL00514,COc1cc2ccc(OCCc3cc(Br)c4oncc4c3)cc2cc1F,False,,0,,False,,416.2460000000001,5.512700000000003,0,4,44.49,5,4,1.0112214926104486e-43
559,MOL00515,C#CCN(Cn1ccc2ccc(S(=O)(=O)N3CCOCC3)cc21)S(=O)(=O)c1ccc(OC)cc1,False,,0,,False,,503.6020000000003,1.9523999999999997,0,6,98.14999999999999,8,4,1.0112214926104486e-43
560,MOL00516,O=C(NC(=S)N1CCN(c2ccc(O)cc2)CC1)c1ccccc1,False,,0,,False,,341.4360000000001,2.2291,2,4,55.81,2,3,1.0112214926104486e-43
561,MOL00517,COc1cc(OC)cc(OC2CCN(C(=O)Cc3ccc(O)cc3)CC2)c1,False,,0,,False,,371.43300000000005,3.0219000000000014,1,5,68.23,6,3,1.0112214926104486e-43
562,MOL00518,CC1CN(c2ccc(C(=O)N=S(=O)=O)cc2)CCN1C(=O)C1CN(c2ccnnc2)C1,False,,0,,False,,442.5010000000002,0.8529999999999995,0,8,116.14,4,4,1.0112214926104486e-43
563,MOL00519,O=S(=O)(c1cc(Cl)cc(Cl)c1)N1CCCC(CNC2CC2)C1,False,,0,,False,,363.3100000000002,3.1461000000000015,1,3,49.410000000000004,5,3,1.0112214926104486e-43
564,MOL00520,COCONC(=O)c1ccc(CN(c2cc(-c3cnc4ccccc4c3)nn2C)C2CCC3(CC2)CO3)cc1,False,,0,,False,,527.6250000000005,4.618800000000005,1,7,94.04000000000002,9,6,1.0112214926104486e-43
565,MOL00521,CCC1(C)CN(CC(C)(C)c2ccccc2)C(C)CN1,False,,0,,False,,274.45200000000006,3.4266000000000014,1,2,15.27,4,2,1.0112214926104486e-43
566,MOL00522,CCCCCCCCOCC1CCCCC1,False,,0,,False,,226.40399999999994,4.943800000000005,0,1,9.23,9,1,1.0112214926104486e-43
567,MOL00523,CN(C1CCCC1)C(C)(CN)C1CCCCC1,False,,0,,False,,238.41899999999993,3.158500000000002,1,2,29.259999999999998,4,2,1.0112214926104486e-43
568,MOL00525,CCC(NCC1(CC)CC1)c1c(F)cccc1F,False,,0,,False,,253.33599999999998,4.195700000000003,1,1,12.03,6,2,1.0112214926104486e-43
569,MOL00526,COc1ccc(C2=C(Nc3cc(C)ccc3OC)C(=O)N(c3ccc(OC)c(OC)c3)C2=O)cc1,False,,0,,False,,474.51300000000026,4.426020000000003,1,7,86.33000000000001,8,4,1.0112214926104486e-43
570,MOL00527,CN(CC(F)F)C(=O)c1csnn1,False,,0,,False,,207.205,0.8752,0,4,46.09,3,1,1.0112214926104486e-43
571,MOL00528,CS(=O)(=O)c1ccc(C2=C3CCCC4(CCCC(C(=O)O)C4)C3CC(=NOCc3ccccc3)C2)cc1,False,,0,,False,,521.6790000000003,6.2716000000000065,1,5,93.03,6,5,1.0112214926104486e-43
572,MOL00529,CCNC(=NCc1ccc(N2CCC(C)CC2)nc1)NC(C)CCOc1cc(C)ccc1C,False,,0,,False,,451.6590000000002,4.847440000000004,2,4,61.78,9,3,1.0112214926104486e-43
573,MOL00531,Cn1cc(Br)c(-c2ccc3c(c2)CC(C)(C)O3)n1,False,,0,,False,,307.19100000000003,3.563100000000002,0,2,27.05,1,3,1.0112214926104486e-43
574,MOL00532,CC(=Nc1ccc(N2CCC(CCN3CCCCC3)C2)cc1)c1c(O)[nH]c2cccc(C)c12,False,,0,,False,,444.62300000000016,6.024920000000008,2,4,54.86,6,5,1.0112214926104486e-43
575,MOL00534,CNC(CN(C)Cc1ccc(C(=O)NCC2CC2)cc1)c1ccccc1F,False,,0,,False,,369.48400000000004,3.3580000000000014,2,3,44.370000000000005,9,3,1.0112214926104486e-43
576,MOL00535,O=C(Nc1ccccc1)Nc1cccc2c1NCCC2,False,,0,,False,,267.332,3.6887000000000008,3,2,53.160000000000004,2,3,1.0112214926104486e-43
577,MOL00536,CC(c1ccccc1Cl)C(O)COCCN,False,,0,,False,,243.73399999999992,1.7797,2,3,55.480000000000004,6,1,1.0112214926104486e-43
578,MOL00537,NC(=O)n1c2ccc(F)cc2c2cc(Cl)ccc21,False,,0,,False,,262.671,3.5138000000000016,1,1,48.02,0,3,1.0112214926104486e-43
579,MOL00538,CCS(=O)(=O)c1ccccc1C(=O)N(C)Cc1ccc(F)cc1,False,,0,,False,,335.4,2.8915000000000015,0,3,54.45,5,2,1.0112214926104486e-43
580,MOL00540,Cc1ccc2c(c1)C(O)(C(F)(F)F)c1cc(C(=O)c3cc(Cl)c4c(c3)OCO4)ccc1-2,False,,0,,False,,446.80800000000016,5.386720000000004,1,4,55.760000000000005,2,5,1.0112214926104486e-43
581,MOL00541,CC1CN(C(=O)C(F)F)CC(c2nccs2)O1,False,,0,,False,,262.281,1.6965999999999999,0,4,42.43000000000001,2,2,1.0112214926104486e-43
582,MOL00542,CCc1nc2c(s1)CCOC2,False,,0,,False,,169.24899999999997,1.7782,0,3,22.12,1,2,1.0112214926104486e-43
583,MOL00543,CSc1ncccc1C(=O)NC1CC(=O)N(c2ccc(F)cc2)C1,False,,0,,False,,345.39900000000006,2.477900000000001,1,4,62.300000000000004,4,3,1.0112214926104486e-43
584,MOL00544,COc1cc(OC)c(NC(=O)N2CCSCC2)cc1Cl,False,,0,,False,,316.80999999999995,2.9379000000000017,1,4,50.800000000000004,3,2,1.0112214926104486e-43
585,MOL00545,CC(C)C(Cc1cccc(C(=N)N)c1)NC(=O)c1ncnc2nc(N(C)C)ccc12,False,,0,,False,,405.50600000000014,2.37197,3,6,120.88,7,3,1.0112214926104486e-43
586,MOL00546,CC(C)c1cccc(C(C)C)c1N(C)P(=O)(Sc1cccc(C(C)(C)C)c1N1CCCC1)C(C)C,False,,0,,False,,514.7600000000003,9.661099999999998,0,3,23.550000000000004,8,3,1.0112214926104486e-43
587,MOL00547,CN(Cc1nc2ccccc2n1C)C1CN(S(=O)(=O)c2cn(CCO)c3ccncc23)C1,False,,0,,False,,454.55600000000027,1.4201999999999992,1,6,96.49000000000001,7,5,1.0112214926104486e-43
588,MOL00549,COC(=O)c1cccc(NC(=O)c2cc(Nc3cccc(-c4cnco4)c3)ncn2)c1,False,,0,,False,,415.4090000000001,3.914100000000002,2,8,119.24,6,4,1.0112214926104486e-43
589,MOL00550,COCCNC(=O)CSc1ncnc2c1cnn2-c1ccc(Cl)cc1,False,,0,,False,,377.8570000000001,2.3236000000000008,1,6,81.93,7,3,1.0112214926104486e-43
590,MOL00551,COc1ccccc1C(Cc1ccccc1C(F)(F)F)(c1ccccc1)c1ccccc1C1CCN(CC[SH](=O)(O)c2ccccc2Br)CC1,False,,0,,False,,764.7480000000002,9.781799999999999,2,3,49.769999999999996,11,6,1.0112214926104486e-43
591,MOL00552,CC12CC3CC(CC(C3)C1=NNC(=S)N1CCN(c3ccccn3)CC1)C2,False,,0,,False,,383.56500000000017,3.280300000000002,1,4,43.760000000000005,2,6,1.0112214926104486e-43
592,MOL00553,CC1(C)OC(=O)c2ccc3c(c21)C(=Cc1cccnc1)CCO3,False,,0,,False,,307.3490000000001,3.8102000000000036,0,4,48.42,1,4,1.0112214926104486e-43
593,MOL00554,COC(=O)C1=C(C)N(Cc2ccc(C)cc2)C(=S)NC1c1c(Cl)cccc1Cl,False,,0,,False,,435.3760000000001,5.180220000000004,1,3,41.57,4,3,1.0112214926104486e-43
594,MOL00556,Cc1ccc(C(=O)CSc2nn[nH]n2)cc1C,False,,0,,False,,248.31100000000004,1.7915399999999997,1,5,71.53,4,2,1.0112214926104486e-43
595,MOL00557,CS(=O)(=O)c1ccc(COC(=O)CCC(=O)O)cc1,False,,0,,False,,286.30499999999995,0.9980999999999998,1,5,97.74000000000001,6,1,1.0112214926104486e-43
596,MOL00558,CNC(=O)C(CC(C)C)NC(=O)c1cn(-c2ccc(OC)nn2)ccc1=O,False,,0,,False,,373.4130000000001,0.5265999999999997,2,6,115.21000000000001,7,2,1.0112214926104486e-43
597,MOL00559,CC(C)NCc1ncn(Cc2ccoc2)n1,False,,0,,False,,220.276,1.4173999999999998,1,4,55.88,5,2,1.0112214926104486e-43
598,MOL00560,O=C1NN=C(c2ccc(-c3ccccc3Cl)cc2)C2CCCC12,False,,0,,False,,324.81100000000015,4.257200000000003,1,2,41.46,2,4,1.0112214926104486e-43
599,MOL00561,COc1c[nH]cc(CN2CCC(c3ccccc3F)CC2)c1=O,False,,0,,False,,316.37600000000015,2.9022000000000014,1,3,45.33,4,3,1.0112214926104486e-43
600,MOL00562,Nc1cc(O)cc(CNCCN2CCOCC2)c1,False,,0,,False,,251.32999999999993,0.3962000000000001,3,5,70.75,5,2,1.0112214926104486e-43
601,MOL00563,CC(C)NC1CCCc2ccccc21,False,,0,,False,,189.30200000000002,3.062000000000001,1,1,12.03,2,2,1.0112214926104486e-43
602,MOL00564,CCOC(=O)CC(CC)c1c(Cl)ccc2c1OCO2,False,,0,,False,,284.73900000000003,3.515500000000002,0,4,44.760000000000005,5,2,1.0112214926104486e-43
603,MOL00565,CCNC(=O)C(CC)N(Cc1cccc(OC)c1)C(=O)CN(c1ccc(Oc2ccc(F)cc2)cc1)S(=O)(=O)CC,False,,0,,False,,585.6980000000001,4.726200000000004,1,6,105.25,14,3,1.0112214926104486e-43
604,MOL00566,Cc1ccc(F)c(NC(=O)C(C)Oc2cccc(Cl)c2)c1,False,,0,,False,,307.75200000000007,4.193520000000003,1,2,38.33,4,2,1.0112214926104486e-43
605,MOL00567,Cn1cc(-c2cncc3c2cnn3CC(=O)N2CCCCC2Cc2ccn(C)n2)cn1,False,,0,,False,,418.50500000000017,2.1891,0,5,86.66000000000001,5,5,1.0112214926104486e-43
606,MOL00568,CCCCN(C)C(=O)c1cnc(NC2CCCCC2)nc1,False,,0,,False,,290.411,3.093300000000002,1,4,58.120000000000005,6,2,1.0112214926104486e-43
607,MOL00571,COc1cc(C(=O)c2ccccc2F)cc(OC)c1OC,False,,0,,False,,290.29,3.0825000000000014,0,4,44.760000000000005,5,2,1.0112214926104486e-43
608,MOL00573,CC1=C(Nc2cc(C(C)C)ccc2C(=O)Cc2ccccc2)C(=O)CC1O,False,,0,,False,,363.45700000000005,4.255000000000004,2,4,66.4,6,3,1.0112214926104486e-43
609,MOL00574,CCC1C(Br)C2OCCC12,False,,0,,False,,205.09499999999997,2.1948,0,1,9.23,1,2,1.0112214926104486e-43
610,MOL00575,CCCn1c(=O)c(C(=O)Nc2ncn[nH]2)c(C)c2cc(C(F)(F)F)cc([N+](=O)[O-])c21,False,,0,,False,,424.3390000000001,3.0173200000000007,2,6,135.81,5,3,1.0112214926104486e-43
611,MOL00576,Cc1ccccc1OCCCOc1c(CC2CN(C(=O)OCc3ccccc3)C2)cncc1CN1CC(OCc2ccccc2)C1,False,,0,,False,,621.7780000000001,6.450020000000007,0,7,73.36,15,6,1.0112214926104486e-43
612,MOL00577,Cc1cc(C)cc(N2CC3C(=O)N(CCN4CCCC4)C(=O)C3S2)c1,False,,0,,False,,359.4950000000001,2.2210400000000003,0,5,43.86000000000001,4,4,1.0112214926104486e-43
613,MOL00578,O=c1oc2cc(OCF)ccc2n1-c1cccnc1,False,,0,,False,,260.224,2.2844999999999995,0,4,57.26,3,3,1.0112214926104486e-43
614,MOL00579,CC(C)(C)OC(=O)N1CCN(Cc2ccncc2C2CCC(N)C2)CC1,False,,0,,False,,360.50200000000024,2.7291000000000007,1,5,71.69,3,3,1.0112214926104486e-43
615,MOL00580,COC(=O)CCN(C)c1cc(N(C)C)nc(C)n1,False,,0,,False,,252.318,0.8503199999999995,0,6,58.56,5,1,1.0112214926104486e-43
616,MOL00581,Cc1cc2c(cc1N1CCCC(NC(=O)C3CCC(=O)N3)C1=O)cc1c(=O)n2C(=O)c2ccc([N+](=O)[O-])cc2-1,False,,0,,False,,529.5090000000002,1.7772199999999996,2,7,160.72000000000003,4,6,1.0112214926104486e-43
617,MOL00582,Cc1cc(=O)[nH]c(C2(NC(=O)C(C)C)CCCCC2)n1,False,,0,,False,,277.368,2.0099199999999997,2,3,74.85,3,2,1.0112214926104486e-43
618,MOL00584,Cc1cc(C)n(CCC(=O)N2CCCC(C(C)O)C2)n1,False,,0,,False,,279.384,1.50944,1,3,58.36,4,2,1.0112214926104486e-43
619,MOL00585,COc1ccc(Cc2cnc(NC(=O)c3ccc(S(=O)(=O)N4CCCCC4)cc3)s2)cc1OC,False,,0,,False,,501.63000000000034,4.1780000000000035,1,7,97.82999999999998,8,4,1.0112214926104486e-43
620,MOL00586,Cc1ccccc1CNc1cc(-c2ccccc2Cl)n(Cc2ccc(F)cc2)n1,False,,0,,False,,405.90400000000017,6.3114200000000045,1,2,29.85,6,4,1.0112214926104486e-43
621,MOL00587,O=C(c1cc(C2CC2)cs1)C1CCCc2ccccc21,False,,0,,False,,282.40799999999996,4.928300000000005,0,2,17.07,3,4,1.0112214926104486e-43
622,MOL00588,CN(CC(=O)N(Cc1ccc(Cl)cc1)C(Cc1ccccc1)C(=O)NC1CCCCC1)S(=O)(=O)c1ccccc1,False,,0,,False,,582.1660000000004,5.0495000000000045,1,4,86.78999999999999,11,4,1.0112214926104486e-43
623,MOL00589,CC(N)Cc1ccc2c(C=O)cn(C3CC3)c2c1,False,,0,,False,,242.32199999999997,2.678400000000001,1,2,48.02,4,3,1.0112214926104486e-43
624,MOL00590,O=C1CC(c2cccc(CNCC(O)CO)c2)C1,False,,0,,False,,249.30999999999997,0.5759000000000001,3,4,69.56,6,2,1.0112214926104486e-43
625,MOL00591,CC(Oc1cccc(F)c1)C(=O)NC12CC3CC(CC(C3)C1)C2,False,,0,,False,,317.4040000000001,3.6780000000000026,1,2,38.33,4,5,1.0112214926104486e-43
626,MOL00592,CN=C(N)Sc1c(C)cc2c(c1C)CCO2,False,,0,,False,,236.33999999999995,2.27494,1,3,47.61,1,2,1.0112214926104486e-43
627,MOL00593,O=CC1CCCN(C(=O)C2CCCS2)C1,False,,0,,False,,227.32899999999998,1.3194999999999997,0,3,37.38,2,2,1.0112214926104486e-43
628,MOL00594,Cc1cccc(CSCC(=O)N(Cc2ccc(Cl)c(Cl)c2)C(C)C(=O)NCC2CCCO2)c1,False,,0,,False,,509.49900000000025,5.247520000000005,1,4,58.64,10,3,1.0112214926104486e-43
629,MOL00595,NCC1(c2nc(-c3cc(F)cc(C(F)(F)F)c3)no2)CC1,False,,0,,False,,301.24300000000005,2.884800000000001,1,4,64.94,3,3,1.0112214926104486e-43
630,MOL00596,COc1cc(C2CN(C(=O)CCl)c3cc[nH]c32)cc(OC)c1OC,False,,0,,False,,350.80200000000013,2.7578000000000005,1,4,63.790000000000006,5,3,1.0112214926104486e-43
631,MOL00597,CC(C(=O)N(C)Cc1ccc(F)cc1)c1ccc(F)c(Br)c1,False,,0,,False,,368.221,4.489400000000003,0,1,20.310000000000002,4,2,1.0112214926104486e-43
632,MOL00598,Cc1c(C(=O)OC(C)C(=O)N(CCC#N)CCC(N)=O)c(C)n(C2CC2)c1C,False,,0,,False,,388.46800000000013,1.9112399999999996,1,5,118.42000000000002,9,2,1.0112214926104486e-43
633,MOL00599,CCC=CCC=CCC=CCC=CCCCCC(=O)OC(COC(=O)CCCC=CCCC=CCCCCCCCCCCCCCCCC)COP(=O)(O)O,False,,0,,False,,805.1309999999997,13.85049999999997,2,6,119.36000000000001,40,0,1.0112214926104486e-43
634,MOL00601,O=C(c1cccc(C(F)(F)F)c1)N1CC(N2CCC(N3CCc4[nH]c5ccccc5c4C3)CC2)C1,False,,0,,False,,482.55000000000035,4.533800000000004,1,3,42.580000000000005,3,6,1.0112214926104486e-43
635,MOL00602,CC12CCC(=NOC3CCNCC3)CC1C1CC=C3C4CC(O)C(=O)OC4(C)CCC3(C)C1CC2,False,,0,,False,,484.6810000000004,4.756500000000004,2,6,80.14999999999999,2,6,1.0112214926104486e-43
636,MOL00603,CCCCNCCn1cc(Br)c(-c2ccnn2C)n1,False,,0,,False,,326.242,2.4358000000000004,1,3,47.67,7,2,1.0112214926104486e-43
637,MOL00604,C=CCN1C(=O)CC(=O)N1CCOCC,False,,0,,False,,212.24899999999994,0.18480000000000008,0,3,49.85000000000001,6,1,1.0112214926104486e-43
638,MOL00605,CC(Sc1cc(Cl)ccc1Cl)C(=O)c1ccccc1F,False,,0,,False,,329.223,5.496000000000004,0,2,17.07,4,2,1.0112214926104486e-43
639,MOL00606,CCNC(=NCC(C)(C)c1cccc(C)c1)NCC1CCCN(C(C)=O)C1,False,,0,,False,,372.55700000000024,3.0862200000000017,2,2,56.730000000000004,6,2,1.0112214926104486e-43
640,MOL00607,Cc1c(C(=O)NCc2ccccc2)ccc2[nH]nc(-c3cnn(C4CC4CF)c3)c12,False,,0,,False,,403.4610000000002,4.195320000000003,2,3,75.6,6,5,1.0112214926104486e-43
641,MOL00608,CC(C)CNCC(C)(C)CNC1CC1(C)C,False,,0,,False,,226.40799999999996,2.646300000000001,2,2,24.06,7,1,1.0112214926104486e-43
642,MOL00609,CC(Nc1cc(C(=O)O)ccn1)c1ccc(C(F)(F)F)nc1,False,,0,,False,,311.263,3.3667000000000007,2,4,75.11,4,2,1.0112214926104486e-43
643,MOL00610,Cn1cc(N2CCC(NC(=O)C(=O)Nc3ccc(Cl)cc3)C2=O)cn1,False,,0,,False,,361.7890000000001,0.9336999999999999,2,4,96.33,3,3,1.0112214926104486e-43
644,MOL00611,O=S(=O)(c1ccc(Cl)cc1)N1CCC(CO)C(Oc2ccccc2C(F)(F)F)C1O,False,,0,,False,,465.87700000000007,3.127700000000002,2,5,87.07000000000001,5,3,1.0112214926104486e-43
645,MOL00612,CN(C)C(=O)CN(C)C(=O)CNC(=O)c1cc(F)ccc1F,False,,0,,False,,313.30400000000003,0.24120000000000014,1,3,69.72,5,1,1.0112214926104486e-43
646,MOL00613,CC(C)c1cccc(C2(NC(C)(C)CO)CC2)c1,False,,0,,False,,247.38199999999992,3.159600000000002,2,2,32.26,5,2,1.0112214926104486e-43
647,MOL00614,CC(Br)C1COCc2cc(Br)ccc21,False,,0,,False,,320.024,3.846300000000003,0,1,9.23,1,2,1.0112214926104486e-43
648,MOL00615,CCCCCCC(=CC(=O)c1ccccc1)Nc1cc(OCC)ccc1O,False,,0,,False,,367.48900000000015,5.940000000000006,2,4,58.56,11,2,1.0112214926104486e-43
649,MOL00616,CCN(CC)CCc1nc2n(n1)CCCC2,False,,0,,False,,222.33599999999996,1.4986999999999995,0,3,33.95,5,2,1.0112214926104486e-43
650,MOL00617,CCOc1cc(C(C)N)ccc1-c1ccc(OC)c(Cl)c1,False,,0,,False,,305.80500000000006,4.434000000000004,1,3,44.480000000000004,5,2,1.0112214926104486e-43
651,MOL00618,O=C(Nc1ccc(-c2nc3ccccc3s2)cn1)c1cc(Br)ccc1OCCc1ccccc1,False,,0,,False,,530.4470000000002,6.994600000000005,1,5,64.11,7,5,1.0112214926104486e-43
652,MOL00619,CCC1CCc2[nH]c(=O)c3c(Cl)c4oc5cc6ccccc6cc5c(=O)c4c(OCc4ccccc4)c3c2C1,False,,0,,False,,536.0270000000002,7.688200000000006,1,4,72.3,4,7,1.0112214926104486e-43
653,MOL00620,COc1c(Cl)cc2c(N3CCNCC3)c(C=C3NC(C)=CS3)cnc2c1OC,False,,0,,False,,418.9500000000001,3.8111000000000024,2,7,58.650000000000006,4,4,1.0112214926104486e-43
654,MOL00621,CNCc1ccc(Oc2cc(C)cc(C(=O)NC(CCC(=O)O)C(=O)O)c2)cc1,False,,0,,False,,400.43100000000015,2.55452,4,5,124.96000000000002,10,2,1.0112214926104486e-43
655,MOL00622,CCC(C)N(C)C(=O)N(C)CC(F)(F)F,False,,0,,False,,226.24199999999993,2.3308,0,1,23.550000000000004,3,0,1.0112214926104486e-43
656,MOL00623,Fc1ccc(N2CCN(c3nc(-c4ccncc4)cs3)CC2)cc1F,False,,0,,False,,358.41700000000014,3.8099000000000025,0,5,32.260000000000005,3,4,1.0112214926104486e-43
657,MOL00624,CC(C(=O)N(C)C)=C(C)C(=O)N1CCC(CN)C1,False,,0,,False,,253.34599999999995,0.21820000000000161,1,3,66.64,3,1,1.0112214926104486e-43
658,MOL00625,Cc1cn2c(C3CCCN3)nnc2s1,False,,0,,False,,208.29000000000002,1.5237199999999997,1,4,42.22,1,3,1.0112214926104486e-43
659,MOL00627,CCc1nc(N)n(-c2ccc(S(N)(=O)=O)cc2Cl)n1,False,,0,,False,,301.759,0.7126999999999999,2,5,116.89,3,2,1.0112214926104486e-43
660,MOL00628,CSc1ccccc1NC(=O)COC(=O)C1(NC(C)=O)CCCCC1,False,,0,,False,,364.4670000000002,2.7292000000000005,2,5,84.5,6,2,1.0112214926104486e-43
661,MOL00629,CN1C=C(Cl)C(=O)C1=N,False,,0,,False,,144.561,0.55837,1,2,44.160000000000004,0,1,1.0112214926104486e-43
662,MOL00630,CCC(NCc1cc2ccccc2[nH]c1=O)C1CCCCC1,False,,0,,False,,298.4300000000001,3.976600000000003,2,2,44.89,5,3,1.0112214926104486e-43
663,MOL00631,CC(C)(C)OC(=O)CCc1ccccc1OCF,False,,0,,False,,254.30099999999996,3.266700000000002,0,3,35.53,5,1,1.0112214926104486e-43
664,MOL00632,COC(=O)C(C)CN(Cc1ccc(OCc2ccc(OC)cc2)cc1)c1ccc(Br)cc1,False,,0,,False,,498.41700000000014,5.852400000000006,0,5,48.0,10,3,1.0112214926104486e-43
665,MOL00633,CCCCC(=O)NC(C)CC(=O)O,False,,0,,False,,187.23899999999995,1.156,2,2,66.4,6,0,1.0112214926104486e-43
666,MOL00634,O=S(=O)(CCCC(F)(F)F)Nc1cccc(Oc2ccc3cncnc3c2)c1,False,,0,,False,,411.40500000000014,4.506300000000003,1,5,81.18,7,3,1.0112214926104486e-43
667,MOL00635,COCC(C)CC(=O)c1c(C)cccc1C,False,,0,,False,,220.312,3.1587400000000017,0,2,26.3,5,1,1.0112214926104486e-43
668,MOL00636,CCC(NCC(O)c1ccc(C)cc1)C(C)C,False,,0,,False,,235.37099999999998,3.052620000000002,2,2,32.26,6,1,1.0112214926104486e-43
669,MOL00637,Cc1cc(C(=O)NN2CCCCC2)nn1-c1c(NC(=O)c2nc3c(c(=O)[nH]2)OCCC3)cc(F)c(F)c1F,False,,0,,False,,531.4950000000003,2.3893199999999997,3,7,134.23999999999998,5,5,1.0112214926104486e-43
670,MOL00638,O=C(NC1CCCC1)C(Cc1ccccc1)N(Cc1ccc(Cl)c(Cl)c1)C(=O)CN(CCc1ccccc1)S(=O)(=O)c1ccccc1,False,,0,,False,,692.7090000000005,6.925700000000007,1,4,86.78999999999999,14,5,1.0112214926104486e-43
671,MOL00639,COc1ccc2cc(-c3nc4cc(C)ccn4c3C=NO)oc2c1C,False,,0,,False,,335.36300000000006,4.181040000000003,1,5,72.26,3,4,1.0112214926104486e-43
672,MOL00640,COC(=O)C(C)CN(C)C(=O)C(C)Oc1c(C)cccc1C,False,,0,,False,,307.39000000000004,2.33824,0,4,55.84,6,1,1.0112214926104486e-43
673,MOL00641,CC1(Cc2ccc([N+](=O)[O-])cc2)C(=O)CCCN1C(=O)c1ccccc1,False,,0,,False,,352.39000000000004,3.4013000000000027,0,4,80.52000000000001,4,3,1.0112214926104486e-43
674,MOL00642,Cc1[nH]nc2c(N3CCCC(C(=O)OCc4csc(CN5CCCC5)n4)C3)ncnc12,False,,0,,False,,441.5610000000003,2.673420000000001,1,9,100.13,6,5,1.0112214926104486e-43
675,MOL00643,Cc1cc2c(=O)c(C)c(CC(=O)NC(C)C(=O)O)oc2cc1-c1ccccc1,False,,0,,False,,379.4120000000001,3.208640000000001,2,4,96.61,5,3,1.0112214926104486e-43
676,MOL00644,CCCOc1ccc(NC(=O)C2=C(C)NC(=O)NC2c2ccccc2C)cc1C,False,,0,,False,,393.48700000000014,4.3588400000000025,3,3,79.46000000000001,6,3,1.0112214926104486e-43
677,MOL00645,O=C(CCS(=O)(=O)Cl)N1CCC(n2cncc2[N+](=O)[O-])CC1,False,,0,,False,,350.78400000000016,0.9135,0,6,115.41000000000003,5,2,1.0112214926104486e-43
678,MOL00647,COC(=O)C(O)CNCc1cc[nH]c1,False,,0,,False,,198.222,-0.3618000000000005,3,4,74.35,5,1,1.0112214926104486e-43
679,MOL00648,O=C(Nc1nc2ccc(S(=O)(=O)N3CCCC3)cc2s1)C1CC1,False,,0,,False,,351.45300000000003,2.4293000000000005,1,5,79.36999999999999,4,4,1.0112214926104486e-43
680,MOL00649,CN(C)C(=O)NC1CCc2[nH]c3ccccc3c2C1NC(=O)c1ccc2c(c1)OCO2,False,,0,,False,,420.4690000000002,2.9537000000000013,3,4,95.69000000000001,3,5,1.0112214926104486e-43
681,MOL00650,CN(C)c1cc(NC(=O)OC(C)(C)C)ccc1C(N)=S,False,,0,,False,,295.40799999999996,2.7338000000000005,2,4,67.59,3,1,1.0112214926104486e-43
682,MOL00651,O=S(=O)(NCc1cccc(C#CCO)c1)c1ccc(F)cc1,False,,0,,False,,319.357,1.648,2,3,66.4,4,2,1.0112214926104486e-43
683,MOL00652,CCc1nn(C)c(N(C)CCSC)c1N,False,,0,,False,,228.36499999999995,1.3639000000000001,1,4,47.08,5,1,1.0112214926104486e-43
684,MOL00653,CN(C)S(=O)(=O)c1cc(C2CCCC2)[nH]c(=O)n1,False,,0,,False,,271.342,0.6778000000000002,1,4,83.13000000000001,3,2,1.0112214926104486e-43
685,MOL00654,CCCSCCCNC(=O)C(N)CCC,False,,0,,False,,232.39299999999997,1.7632999999999996,2,3,55.120000000000005,9,0,1.0112214926104486e-43
686,MOL00655,COc1cc2c(cc1OC)CN(c1cc(C(=O)NCCC(C)C)c3cc(OC)c(OC)cc3n1)CC2,False,,0,,False,,493.6040000000004,4.607800000000005,1,7,82.15,9,4,1.0112214926104486e-43
687,MOL00656,Cc1cc(=O)n(CC2CCCCN2C)c(SCC(=O)Nc2cccc(Cl)c2C)n1,False,,0,,False,,434.9930000000001,3.728640000000003,1,5,67.23,6,3,1.0112214926104486e-43
688,MOL00657,CC(C)(C)n1cc(Cn2ccc3cc(N)ccc32)nn1,False,,0,,False,,269.35200000000003,2.6183000000000005,1,3,61.66,2,3,1.0112214926104486e-43
689,MOL00658,CCC(O)(CO)C1=CCCC1,False,,0,,False,,156.22499999999994,1.2301,2,2,40.46,3,1,1.0112214926104486e-43
690,MOL00659,COC(=O)c1cc[n+](CC2=CC(=O)OC2=O)cc1,False,,0,,False,,248.214,-0.22950000000000048,0,5,73.55000000000001,3,2,1.0112214926104486e-43
691,MOL00660,CCCCCCCCCCCC(=O)OCCN1C(=O)c2cc3ccc(CCCCCCCC)cc3cc2C1=O,False,,0,,False,,535.7690000000005,8.802900000000005,0,4,63.68,20,3,1.0112214926104486e-43
692,MOL00661,CCCC(NC(C)=O)(C(=O)ONCCCN(C)C)N1C(=O)CCC1=O,False,,0,,False,,356.4230000000001,-0.23259999999999859,2,7,108.04999999999998,10,1,1.0112214926104486e-43
693,MOL00662,COc1ccc2oc(C(C=O)(CO)C(=O)S)cc2c1,False,,0,,False,,280.301,1.3268,2,5,76.74000000000001,5,2,1.0112214926104486e-43
694,MOL00663,CNC(=O)CNC(=O)c1ccc(N2CCN(C)CC2)cn1,False,,0,,False,,291.355,-0.6907999999999983,2,5,77.57000000000001,4,2,1.0112214926104486e-43
695,MOL00664,Cc1[nH]c(C(=O)O)c(C)c1C(=O)C(Cl)(Cl)Cl,False,,0,,False,,284.52599999999995,2.8826400000000003,2,2,70.16,2,1,1.0112214926104486e-43
696,MOL00665,Cc1cc(C)c(S(=O)(=O)NC(=O)NC2CC2C(=O)O)c(C)c1,False,,0,,False,,326.3740000000001,1.07286,3,4,112.57000000000001,4,2,1.0112214926104486e-43
697,MOL00666,O=C(c1cc(Br)nn2ccnc12)N1CCCN(c2ccc(F)cc2)CC1,False,,0,,False,,418.2700000000002,2.9834000000000014,0,4,53.74000000000001,2,4,1.0112214926104486e-43
698,MOL00667,COC(=O)C1C2CC3C4C5CC5C2C4N(Cc2ccccc2)C31,False,,0,,False,,309.409,2.5604000000000005,0,3,29.54,3,7,1.0112214926104486e-43
699,MOL00668,COC(=O)N1CC2CC(c3ccc4c(C(=O)NCCCN5CCOCC5)cc(=O)oc4c3)C2C1,False,,0,,False,,469.5380000000004,2.0468,1,7,101.32000000000001,6,5,1.0112214926104486e-43
700,MOL00669,COc1cc(C=C(c2cccs2)c2nc3ccccc3s2)cc(OC)c1,False,,0,,False,,379.50600000000014,5.963900000000004,0,5,31.35,5,4,1.0112214926104486e-43
701,MOL00671,Cc1nc(C(C)C)n(-c2ccc(Br)cc2F)n1,False,,0,,False,,298.159,3.6007200000000026,0,2,30.71,2,2,1.0112214926104486e-43
702,MOL00672,CC(NC(=O)NCc1nccn1C)c1ccc(F)cc1Br,False,,0,,False,,355.211,2.882100000000001,2,2,58.95,4,2,1.0112214926104486e-43
703,MOL00673,Cc1ccncc1-c1cc(N)n(CC2CNC2)n1,False,,0,,False,,243.31399999999996,1.0551199999999998,2,4,68.75999999999999,3,3,1.0112214926104486e-43
704,MOL00674,CC=C(C)C=Cc1cc(C(=O)NCC2CC2)cc2oc3cc(F)ccc3c(=O)c12,False,,0,,False,,391.4420000000001,5.204500000000005,1,3,59.31,5,4,1.0112214926104486e-43
705,MOL00675,O=C(CCCNC(=O)c1cccc(NC(=O)C2CC2)c1)Nc1nncs1,False,,0,,False,,373.4380000000001,2.0352999999999994,3,6,113.08000000000001,8,3,1.0112214926104486e-43
706,MOL00676,COC(C)OC(C=C(C)C=O)OC(C)=O,False,,0,,False,,216.23299999999995,1.0298,0,5,61.830000000000005,6,0,1.0112214926104486e-43
707,MOL00677,COC(=O)c1cc2ccccc2n2nc(NC(C)=O)nc12,False,,0,,False,,284.27500000000003,1.6274999999999997,1,5,85.59,2,3,1.0112214926104486e-43
708,MOL00678,COc1ccc(CCCNC(=O)Cn2c(=S)[nH]c3cc(OC)ccc3c2=O)cc1,False,,0,,False,,413.4990000000002,2.8252900000000016,2,5,85.35,8,3,1.0112214926104486e-43
709,MOL00679,Cc1nc2ccccc2c(-c2cccc(N3CCOCC3)n2)c1C,False,,0,,False,,319.4080000000001,3.7502400000000025,0,4,38.25,2,4,1.0112214926104486e-43
710,MOL00680,Cc1nc(C(=O)N(C2CC2)C(COc2cccc(F)c2)c2ccco2)c(C)s1,False,,0,,False,,400.4750000000001,4.916940000000004,0,5,55.57000000000001,7,4,1.0112214926104486e-43
711,MOL00681,O=C(O)c1cc(-c2ccc(F)cc2F)ncn1,False,,0,,False,,236.17699999999996,2.1199999999999997,1,3,63.08,2,2,1.0112214926104486e-43
712,MOL00682,COc1cc(C(=O)c2sc(C)nc2C)ccc1Nc1ncc2c(n1)N1CCCOC1C(=O)N2C,False,,0,,False,,480.5500000000003,3.0623400000000007,1,10,109.77999999999999,5,5,1.0112214926104486e-43
713,MOL00683,C1=C(CN2CCOc3ccccc3C2)CCCCC1,False,,0,,False,,257.37699999999995,3.771500000000003,0,2,12.47,2,3,1.0112214926104486e-43
714,MOL00684,COc1cc(C(C)C)c(I)cc1C(C)CCN,False,,0,,False,,347.2400000000001,3.8755000000000015,1,2,35.25,5,1,1.0112214926104486e-43
715,MOL00687,O=c1sc2ccccc2n1CCCCC(=C1CCN(Cc2ccccc2)CC1)c1ccccc1,False,,0,,False,,468.66600000000017,6.983100000000007,0,3,25.240000000000002,8,5,1.0112214926104486e-43
716,MOL00688,CCCOC1(c2sc(C)nc2-c2ccc(F)cc2)CCO1,False,,0,,False,,307.3900000000001,4.2573200000000035,0,4,31.35,5,3,1.0112214926104486e-43
717,MOL00689,O=S(=O)(c1c(F)cccc1F)N1CCN(c2cc(N3CCOCC3)ncn2)CC1,False,,0,,False,,425.4610000000003,1.1023,0,7,78.87,4,4,1.0112214926104486e-43
718,MOL00690,CS(=O)(=O)c1ccc(Oc2ccc(CCl)cc2Cl)cc1,False,,0,,False,,331.22,4.274600000000003,0,3,43.370000000000005,4,2,1.0112214926104486e-43
719,MOL00691,CC1(CCBr)CCC(=O)N1,False,,0,,False,,206.08299999999997,1.4401,1,1,29.1,2,1,1.0112214926104486e-43
720,MOL00692,N#Cc1ccc(CSCC(=O)NC2CC2)cc1,False,,0,,False,,246.33499999999998,2.07008,1,3,52.89,5,2,1.0112214926104486e-43
721,MOL00693,CC(C)c1c(NN)ncnc1OCCCCCO,False,,0,,False,,254.33399999999992,1.4270000000000003,3,6,93.29,8,1,1.0112214926104486e-43
722,MOL00694,O=C(O)CC1CCCN1C(=O)c1ccc(-c2ccc(Oc3ccc(F)cc3)cc2)s1,False,,0,,False,,425.4810000000001,5.425800000000004,1,4,66.84,6,4,1.0112214926104486e-43
723,MOL00695,NCc1ccc2c(c1)CCN2Cc1cncnc1,False,,0,,False,,240.30999999999997,1.4980000000000002,1,4,55.04,3,3,1.0112214926104486e-43
724,MOL00696,Cc1ccc(COc2ccc3c(c2)CCC(=O)N3)c(F)c1,False,,0,,False,,285.318,3.5978200000000022,1,2,38.33,3,3,1.0112214926104486e-43
725,MOL00697,CCOC(=O)c1c(NC(=O)CN(CC)c2ccc(F)cc2)sc2c1CCCC2,False,,0,,False,,404.50700000000023,4.407700000000004,1,5,58.64,7,3,1.0112214926104486e-43
726,MOL00698,C=CC(C=CCCCCCCCC)=CCC,False,,0,,False,,220.39999999999995,5.815600000000005,0,0,0.0,10,0,1.0112214926104486e-43
727,MOL00699,O=C(OCC1CCCO1)C1(F)CCN(CC2CCCCC2)C1,False,,0,,False,,313.4130000000001,2.7029000000000014,0,4,38.77,5,3,1.0112214926104486e-43
728,MOL00700,O=C(Nc1ccc(O)cc1C(=O)c1ccccc1)c1ccccc1F,False,,0,,False,,335.334,4.0146000000000015,2,3,66.4,4,3,1.0112214926104486e-43
729,MOL00701,CC(C)N1C(=O)CCC2CN(Cc3cc(Cl)nc(-c4ccc(N(C)C)cc4)c3)CC21,False,,0,,False,,426.9920000000002,4.2992000000000035,0,4,39.68000000000001,5,4,1.0112214926104486e-43
730,MOL00703,COc1cc(OC)cc(C(=O)NCc2ccc(CN3CCOCC3)cc2)c1,False,,0,,False,,370.4490000000002,2.466,1,5,60.03,7,3,1.0112214926104486e-43
731,MOL00704,CCSc1nccnc1-c1ccc(C(=O)O)c(OS(=O)(=O)C(F)(F)F)c1,False,,0,,False,,408.3790000000001,3.1822000000000017,1,7,106.44999999999999,6,2,1.0112214926104486e-43
732,MOL00705,Cc1nn(-c2ccccn2)c(Br)c1CN,False,,0,,False,,267.12999999999994,1.79692,1,3,56.730000000000004,2,2,1.0112214926104486e-43
733,MOL00707,COc1ccc2c(c1)OC(C(C)(C)C(=O)O)C(=O)N2,False,,0,,False,,265.26499999999993,1.5054999999999994,2,4,84.86000000000001,3,2,1.0112214926104486e-43
734,MOL00708,CC1(C(=O)O)CCCC1CCc1ccc(CC(N)C(=O)N2CCC2)cc1,False,,0,,False,,358.48200000000014,2.6123000000000003,2,3,83.62999999999998,7,3,1.0112214926104486e-43
735,MOL00709,COc1ccc(NC(=O)c2cnc(Nc3cccc(C)c3)cn2)c(OC)c1,False,,0,,False,,364.40500000000014,3.7981200000000017,2,6,85.37,6,3,1.0112214926104486e-43
736,MOL00710,O=C(N1CCCCC1)N1CCN(c2ccccc2O)CC1,False,,0,,False,,289.3790000000001,2.1201,1,3,47.02000000000001,1,3,1.0112214926104486e-43
737,MOL00712,CCOc1cc(OC)cc(C(=O)N2CCCN(Cc3ccc(Cl)s3)CC2)c1,False,,0,,False,,408.951,4.156900000000004,0,5,42.010000000000005,6,3,1.0112214926104486e-43
738,MOL00713,CC(C)C1CCC2CC(C)C2(C)C1,False,,0,,False,,180.33499999999998,4.104800000000004,0,0,0.0,1,2,1.0112214926104486e-43
739,MOL00714,O=c1c2ccccc2[n+]([O-])c(-c2ccccc2)n1CCCc1nc2ccccc2o1,False,,0,,False,,397.4340000000002,4.075900000000003,0,4,74.97,5,5,1.0112214926104486e-43
740,MOL00715,COC(=O)c1cc2nc(-c3cncc(Cl)c3)[nH]c2cc1C(C)O,False,,0,,False,,331.7590000000001,3.118200000000001,2,5,88.10000000000001,3,3,1.0112214926104486e-43
741,MOL00716,CC(N)Cc1nc2ccc(-c3c(F)c(Cl)cc(F)c3CC=CC=O)cc2[nH]1,False,,0,,False,,389.8330000000001,4.348800000000002,2,3,71.77,6,3,1.0112214926104486e-43
742,MOL00717,COC(=O)c1ccccc1OC(=O)O,False,,0,,False,,196.15799999999996,1.53,1,4,72.83,2,1,1.0112214926104486e-43
743,MOL00718,CC(C)(C)CN1CC(=O)Nc2ccccc2C1=O,False,,0,,False,,246.31,2.127,1,2,49.410000000000004,1,2,1.0112214926104486e-43
744,MOL00720,CC(C)N1CCN(S(=O)(=O)c2ccc(C(=C3CCCC3)c3ccccc3)cc2C#N)CC1,False,,0,,False,,449.6200000000003,4.648880000000005,0,4,64.41,5,4,1.0112214926104486e-43
745,MOL00722,Cc1cc(N(C)C(=O)C2CCCN(c3ccc(C)c(O)c3)C2)ccn1,False,,0,,False,,339.439,3.2834400000000024,1,4,56.67,3,3,1.0112214926104486e-43
746,MOL00724,Cc1c(-c2cc(CO)cc(CN3CCN(c4ccccn4)CC3)n2)cnn1C,False,,0,,False,,378.4800000000001,2.00002,1,6,70.31,5,4,1.0112214926104486e-43
747,MOL00725,CN=C(NCCCn1ccccc1=O)NCCc1ccnn1C,False,,0,,False,,316.40900000000005,0.3796000000000004,2,3,76.24000000000001,7,2,1.0112214926104486e-43
748,MOL00726,CC1=CC2CC(=O)CCC2(C)CC=C1,False,,0,,False,,190.286,3.2681000000000022,0,1,17.07,0,2,1.0112214926104486e-43
749,MOL00727,CC1CN(C(=O)c2cccc(C(=O)O)n2)Cc2ccccc21,False,,0,,False,,296.32599999999996,2.539300000000001,1,3,70.5,2,3,1.0112214926104486e-43
750,MOL00728,CCC(CC[S+]([O-])CCS(C)(=O)=O)NC1CC1,False,,0,,False,,281.44300000000004,0.7003999999999999,1,4,69.22999999999999,9,1,1.0112214926104486e-43
751,MOL00729,Cc1cc(C(Cl)c2nncn2C2CC2)c(C)s1,False,,0,,False,,267.78499999999997,3.6195400000000024,0,3,30.71,3,3,1.0112214926104486e-43
752,MOL00730,COc1ccccc1CN(C)CCNCC(F)(F)F,False,,0,,False,,276.3019999999999,2.2789,1,3,24.5,7,1,1.0112214926104486e-43
753,MOL00731,CCCC(C[N+](=O)[O-])C1CCC(C)C1,False,,0,,False,,199.29399999999998,3.1156000000000015,0,2,43.14,5,1,1.0112214926104486e-43
754,MOL00732,O=C(CO)c1cc(Br)n2c1CC=CC2,False,,0,,False,,256.099,1.5379,1,2,42.23,2,2,1.0112214926104486e-43
755,MOL00733,CCOCCn1c(=NC(=O)c2ccc3c(c2)N(Cc2cccc(F)c2)C(=O)C(C)O3)sc2cc(Cl)c(C)c(C)c21,False,,0,,False,,582.0970000000001,6.203840000000006,0,5,73.13000000000001,7,5,1.0112214926104486e-43
756,MOL00734,CCC(C)CC(CC)C(CC)(CC1CCOCC1)c1ccc2ccc(N(C3(C(=O)OC)CCCCC3)S(C)(=O)=O)cc2c1,False,,0,,False,,613.9050000000003,8.408600000000007,0,5,72.91,13,4,1.0112214926104486e-43
757,MOL00735,CCCCCCCCCCCCCC1CC(C)(C)N(Cc2ccccc2)C1O,False,,0,,False,,387.65200000000004,7.30660000000001,1,2,23.47,14,2,1.0112214926104486e-43
758,MOL00736,COCCOCCOCC(=O)Nc1ccc(CCl)cc1,False,,0,,False,,301.77,2.0435,1,4,56.790000000000006,10,1,1.0112214926104486e-43
759,MOL00737,CN=C(NCCOc1ccc(C)cc1)N(C)Cc1ccccc1C,False,,0,,False,,325.456,3.3896400000000027,1,2,36.86000000000001,6,2,1.0112214926104486e-43
760,MOL00738,CCc1nc(-c2ccc(-c3ccccc3)cc2)nc2oc3ncccc3c12,False,,0,,False,,351.4090000000001,5.667400000000004,0,4,51.81,3,5,1.0112214926104486e-43
761,MOL00739,CC1=Nn2c(cc3occc32)NC1(C)C,False,,0,,False,,203.24499999999998,2.6624000000000008,1,3,42.46,0,3,1.0112214926104486e-43
762,MOL00740,C=CC1CCC(C2CCC(C(=O)OC3CC4CCCC(c5cccs5)C4CC3C3CCC(CC)CC3)CC2)CC1,False,,0,,False,,564.9200000000001,10.584999999999992,0,3,26.3,7,6,1.0112214926104486e-43
763,MOL00741,CC(C)CN(C(=O)c1ccccc1NS(=O)(=O)c1ccc2c(c1)NC(=O)CO2)C1CCS(=O)(=O)C1,False,,0,,False,,521.6170000000003,2.1036,2,7,138.95000000000002,7,4,1.0112214926104486e-43
764,MOL00742,N#Cc1cnc(N2CCCN(C(=O)C3CCCC3)CC2)cn1,False,,0,,False,,299.37800000000004,1.57718,0,5,73.12,2,3,1.0112214926104486e-43
765,MOL00743,CC(=O)OC12CC(=O)OCC1=CCC1C2C(C)C2C(=CC(=O)C2C(=O)C=C(C)C)C(C)(C(O)CC=C(C)C)C1(C)O,False,,0,,False,,568.7070000000003,4.198700000000005,2,8,127.20000000000002,6,4,1.0112214926104486e-43
766,MOL00744,COCC1NC(=NCc2ccccc2)NC1=O,False,,0,,False,,233.27100000000004,0.27699999999999975,2,3,62.72,4,2,1.0112214926104486e-43
767,MOL00745,COC1CCC2(C)C(CCC3C2CCC2(C)C3CCC3(C)C(OC(C)=O)CC(C4CCOC4=O)CC32)C1,False,,0,,False,,514.7470000000004,6.571400000000008,0,5,61.830000000000005,3,6,1.0112214926104486e-43
768,MOL00746,COCCCn1c(N)nnc1N1CCOCC1,False,,0,,False,,241.29499999999996,-0.2665999999999993,1,6,78.43,5,2,1.0112214926104486e-43
769,MOL00747,Cc1cc(C)cc(C(Cl)c2cccc(Cl)c2F)c1,False,,0,,False,,283.173,5.424140000000002,0,0,0.0,2,2,1.0112214926104486e-43
770,MOL00749,Cn1c2cc(F)ccc2c2cc3c(cc21)Cn1c-3nc2ccccc2c1=O,False,,0,,False,,355.37200000000007,4.209200000000004,0,2,39.82,0,6,1.0112214926104486e-43
771,MOL00750,CN(C)c1ccc(Sc2nnc(-c3ccccc3)s2)cc1,False,,0,,False,,313.451,4.422300000000003,0,5,29.020000000000003,4,3,1.0112214926104486e-43
772,MOL00751,CCCCN(C)C1C2Oc3c(OC)cc(OC)c4c3C23C(CC(N(C)C)C4)C2OCCC213,False,,0,,False,,442.60000000000025,3.098200000000001,0,6,43.400000000000006,7,6,1.0112214926104486e-43
773,MOL00752,CC(C)(C)OC(=O)CSc1nnc(NN=Cc2c(Cl)cccc2Cl)n1N,False,,0,,False,,417.3220000000002,3.1785000000000005,2,8,107.42,6,2,1.0112214926104486e-43
774,MOL00753,CC(NC(C)c1cnn(C)c1)c1ccc2nccnc2c1,False,,0,,False,,281.36300000000006,2.775100000000001,1,4,55.63,4,3,1.0112214926104486e-43
775,MOL00754,COc1cccc(NC(OC)c2ccco2)c1,False,,0,,False,,233.267,3.045300000000002,1,4,43.629999999999995,5,2,1.0112214926104486e-43
776,MOL00755,CC(CCO)NC(=O)CC1CCCNC1,False,,0,,False,,214.30899999999994,0.2631999999999995,3,3,61.36,5,1,1.0112214926104486e-43
777,MOL00756,CCNCc1cc(C)c(C)cc1S(=O)(=O)NCC1CCSC1,False,,0,,False,,342.5300000000001,2.4443400000000004,2,4,58.2,7,2,1.0112214926104486e-43
778,MOL00758,CNc1nc(C(=O)N2CCC(c3nccnc3-c3cnn(C)c3)CC2)cs1,False,,0,,False,,383.4810000000001,2.3951000000000002,1,7,88.83000000000001,4,4,1.0112214926104486e-43
779,MOL00759,CCCCCCCCCCCCC=COC(=O)c1cc(-c2cnoc2N=O)ccc1F,False,,0,,False,,430.5200000000001,7.860100000000008,0,6,81.75999999999999,15,2,1.0112214926104486e-43
780,MOL00760,CCCOC(=O)C=Cc1ccccc1[N+](=O)[O-],False,,0,,False,,235.23899999999998,2.5612000000000004,0,4,69.44,5,1,1.0112214926104486e-43
781,MOL00761,N=C(N)COc1ccncn1,False,,0,,False,,152.157,-0.2086300000000001,2,4,84.88000000000001,3,1,1.0112214926104486e-43
782,MOL00762,O=C(c1ccc(Oc2ncccn2)cc1)N1CCCC(c2cncc(-c3cccnc3)n2)C1,False,,0,,False,,438.49100000000016,4.140700000000003,0,7,93.99000000000001,5,5,1.0112214926104486e-43
783,MOL00763,CC(=O)C(C)C(C)(CNC(=O)OC(C)(C)C)C(=O)Cl,False,,0,,False,,291.775,2.507900000000001,1,4,72.47,5,0,1.0112214926104486e-43
784,MOL00764,CCCP(CC)CCC(C)(C)CCC,False,,0,,False,,216.34899999999993,5.114600000000005,0,0,0.0,8,0,1.0112214926104486e-43
785,MOL00765,CN(C)C(=O)OCCOC(=O)Br,False,,0,,False,,240.05299999999997,1.2161000000000002,0,4,55.84,3,0,1.0112214926104486e-43
786,MOL00766,CN(Cc1ccc([N+](=O)[O-])s1)CC(F)(F)F,False,,0,,False,,254.23299999999995,2.650400000000001,0,4,46.379999999999995,4,1,1.0112214926104486e-43
787,MOL00767,CC(CCO)CNCc1cccc(CN(C)C)c1,False,,0,,False,,250.386,1.8563,2,3,35.5,8,1,1.0112214926104486e-43
788,MOL00768,CC1CCC(C(=O)Cc2cccc(Cl)c2F)CC1,False,,0,,False,,268.759,4.417000000000003,0,1,17.07,3,2,1.0112214926104486e-43
789,MOL00769,O=C(Nc1ccc(Oc2ccccn2)nc1)c1cccnc1,False,,0,,False,,292.298,2.916200000000001,1,5,77.0,4,3,1.0112214926104486e-43
790,MOL00770,CNC1(C(=O)O)CC2CCC(C1)N2c1ccc(OC)cc1,False,,0,,False,,290.363,1.8691999999999993,2,4,61.8,4,3,1.0112214926104486e-43
791,MOL00771,CCc1ccc(-c2nnc(SCC(=O)N(CC(=O)O)C(C)(C)C)n2-c2ccccc2)cc1,False,,0,,False,,452.58000000000015,4.300500000000003,1,5,88.32,8,3,1.0112214926104486e-43
792,MOL00772,O=C(NC(=O)C(F)(F)F)N1CCCO1,False,,0,,False,,212.12699999999995,0.42219999999999996,1,3,58.64,0,1,1.0112214926104486e-43
793,MOL00773,O=C(NC(Cc1ccn[nH]1)CC1CCCO1)c1nc(C2CC2)ncc1C1CC1,False,,0,,False,,381.4800000000002,2.864700000000001,2,5,92.79,8,5,1.0112214926104486e-43
794,MOL00774,CNC1CC(C)(C)CC1OCCCCOC,False,,0,,False,,229.36399999999992,2.2062,1,3,30.49,7,1,1.0112214926104486e-43
795,MOL00775,OCC1OC2OC(O)(CO)C1C1COC(c3ccccc3)OC21,False,,0,,False,,324.329,-0.2387000000000008,3,7,97.61000000000001,3,5,1.0112214926104486e-43
796,MOL00776,Cc1ccc(C)c(N2C(=O)NC(=O)C(=Cc3cc(I)c(OCc4ccc(Br)cc4)c(I)c3)C2=O)c1,False,,0,,False,,757.1600000000001,6.520540000000004,1,4,75.71000000000001,5,4,1.0112214926104486e-43
797,MOL00778,Cc1ccc2nc(SCC(=O)Nc3cc(F)c(F)c(Br)c3)[nH]c2c1,False,,0,,False,,412.259,4.642820000000002,2,3,57.78,4,3,1.0112214926104486e-43
798,MOL00779,CNC(=O)C1(C)CCCN(C(=O)c2cnn3ccccc23)C1,False,,0,,False,,300.3620000000001,1.3225999999999993,1,3,66.71000000000001,2,3,1.0112214926104486e-43
799,MOL00780,Nc1c(O)c2ccccc2c2c3ccccc3n(-c3ccccc3)c12,False,,0,,False,,324.38300000000004,5.224700000000003,2,2,51.18,1,5,1.0112214926104486e-43
800,MOL00781,CC(c1ccccc1)C(C)(C)O,False,,0,,False,,164.24799999999996,2.5610000000000004,1,1,20.23,2,1,1.0112214926104486e-43
801,MOL00782,O=C1CCCN1N(Cc1ccccc1)c1ccc(C2CCCCC2)cc1,False,,0,,False,,348.4900000000003,5.278300000000005,0,2,23.550000000000004,5,4,1.0112214926104486e-43
802,MOL00783,CC(=O)c1ccc(Nc2nc3c(c(Oc4ncccc4C)n2)CN(Cc2ccccc2F)CC3)cc1,False,,0,,False,,483.54700000000025,5.6159200000000045,1,7,80.24,7,5,1.0112214926104486e-43
803,MOL00784,Cc1c(I)cccc1C(=O)NCCC1(O)CCCCC1,False,,0,,False,,387.2610000000003,3.4147200000000018,2,2,49.33,4,2,1.0112214926104486e-43
804,MOL00785,CC(CCCN)NC(=O)c1ccsc1,False,,0,,False,,212.31800000000004,1.6053,2,3,55.12,5,1,1.0112214926104486e-43
805,MOL00786,N=C(N)C1CCCN1C(=O)NC(c1ccccc1)c1ccccc1,False,,0,,False,,322.4120000000001,2.8859700000000013,3,2,82.21000000000001,4,3,1.0112214926104486e-43
806,MOL00787,O=C(CCc1ccccc1)NCC(=O)NNC(=O)C1CCC1,False,,0,,False,,303.36200000000014,0.6828999999999991,3,3,87.30000000000001,6,2,1.0112214926104486e-43
807,MOL00788,Cc1cc(C2(C)CCC3C(O)C(=O)C4(C)C3C(CC4(O)C(F)(F)F)O2)on1,False,,0,,False,,389.37000000000006,2.2566200000000003,2,6,92.79,1,4,1.0112214926104486e-43
808,MOL00789,COc1cccc(CC(=O)NC2CCOCC2Oc2cn[nH]c2)c1,False,,0,,False,,331.37199999999996,1.3134999999999994,2,5,85.47,6,3,1.0112214926104486e-43
809,MOL00790,CC(O)C1CCCN1,False,,0,,False,,115.17600000000002,0.11920000000000003,2,2,32.26,1,1,1.0112214926104486e-43
810,MOL00791,Cc1cc(C)c(C2CCNCC2)c(F)c1,False,,0,,False,,207.29199999999997,2.9095400000000007,1,1,12.03,1,2,1.0112214926104486e-43
811,MOL00792,CCC(C)(C)OC(=O)c1ccc(OCOC(C)(C)C)cc1,False,,0,,False,,294.39099999999996,4.183400000000003,0,4,44.760000000000005,6,1,1.0112214926104486e-43
812,MOL00793,CCCCc1ccc(C2(C(N)=O)CCCC2)cc1,False,,0,,False,,245.36599999999993,3.3263000000000025,1,1,43.09,5,2,1.0112214926104486e-43
813,MOL00794,O=C(CNCC(F)(F)F)NCC1CCN(C(=O)CCc2ccncc2)C2CC12,False,,0,,False,,398.42900000000014,1.5192999999999997,2,4,74.33000000000001,8,3,1.0112214926104486e-43
814,MOL00795,CCCS(=O)(=O)Nc1cc(N2C(=O)CCC2=O)ccc1C,False,,0,,False,,310.375,1.8001200000000002,1,4,83.55000000000001,5,2,1.0112214926104486e-43
815,MOL00796,O=C(O)CCN(Cc1cc(Cl)ccc1Cl)C(=O)OCC1c2ccccc2-c2ccccc21,False,,0,,False,,470.35200000000026,6.219200000000004,1,3,66.84,7,4,1.0112214926104486e-43
816,MOL00797,CCCOc1ccc(OCCOC(C)C)cc1C(NC(=O)c1cccs1)C1CCCN1S(=O)(=O)c1ccc(C)cc1,False,,0,,False,,600.8030000000001,5.973520000000006,1,7,94.16999999999999,14,4,1.0112214926104486e-43
817,MOL00799,CCCCCCCC1(CCCC)C(=O)CC(=O)C2(CCCCC2)C1c1cccc(OCc2ccccc2)c1,False,,0,,False,,516.7660000000004,9.3787,0,3,43.370000000000005,13,4,1.0112214926104486e-43
818,MOL00800,CCC(N)c1ccccc1Oc1ccccc1,False,,0,,False,,227.307,3.888700000000002,1,2,35.25,4,2,1.0112214926104486e-43
819,MOL00801,CCCc1nc(NC)c(C)c(NCC(C)C(C)(C)C)n1,False,,0,,False,,278.444,3.873320000000003,2,4,49.84,6,1,1.0112214926104486e-43
820,MOL00802,CN1CC(Cl)=Cc2ccc(Br)cc21,False,,0,,False,,258.546,3.478600000000002,0,1,3.24,0,2,1.0112214926104486e-43
821,MOL00803,COc1cc(C=C2CCCN(c3ccccc3)C2=O)ccc1OCC(=O)NCc1ccc2c(c1)OCO2,False,,0,,False,,500.55100000000033,4.329500000000003,1,6,86.33,8,5,1.0112214926104486e-43
822,MOL00804,CCOC(=O)C(NCCNc1ccc(S(N)(=O)=O)cc1NS(=O)(=O)c1ccccc1)C1CCCC1,False,,0,,False,,524.6650000000003,2.2582000000000004,4,8,156.68999999999997,12,3,1.0112214926104486e-43
823,MOL00805,CCC1CC1([S+](C)[O-])S(=O)(=O)c1ccccc1N,False,,0,,False,,287.40600000000006,1.5472000000000001,1,4,83.22,4,2,1.0112214926104486e-43
824,MOL00806,Cc1nsnc1Cn1c(=O)oc2ccccc21,False,,0,,False,,247.27900000000002,1.8027199999999999,0,5,60.92,2,3,1.0112214926104486e-43
825,MOL00807,Cn1ccnc1C(O)CNC(=O)c1cccc(Cl)n1,False,,0,,False,,280.715,0.9318999999999997,2,4,80.04,4,2,1.0112214926104486e-43
826,MOL00808,Cc1ccc(C)c2sc(N3CCC(C(=O)NCCC(C)O)CC3)nc12,False,,0,,False,,361.51100000000014,3.0166400000000015,2,5,65.46000000000001,5,3,1.0112214926104486e-43
827,MOL00809,O=C(NCc1ccco1)c1c[nH]c(C=C2CC(=O)N(C3CCS(=O)(=O)C3)C2=O)c1,False,,0,,False,,417.4430000000002,0.8671,2,6,129.54999999999998,5,4,1.0112214926104486e-43
828,MOL00811,CN(CCOc1ccccc1)S(=O)(=O)c1ccc(C#N)cc1,False,,0,,False,,316.38200000000006,2.2577800000000003,0,4,70.4,6,2,1.0112214926104486e-43
829,MOL00812,O=C1Nc2nc(NCCCN3CCOCC3)nnc2C1c1cccs1,False,,0,,False,,360.44300000000004,1.1513000000000004,2,8,92.27000000000001,6,4,1.0112214926104486e-43
830,MOL00813,CC[P+](CC)(CC)CCCCCOC(=O)C(C)C,False,,0,,False,,275.393,4.433200000000004,0,2,26.3,10,0,1.0112214926104486e-43
831,MOL00814,Brc1cnc2ccccc2n1,False,,0,,False,,209.04600000000002,2.3922999999999996,0,2,25.78,0,2,1.0112214926104486e-43
832,MOL00815,CSC1=NCCN1N1CCOCC1,False,,0,,False,,201.29499999999996,0.2682,0,5,28.07,1,2,1.0112214926104486e-43
833,MOL00816,CCC(CC)CNS(=O)(=O)c1cc(F)c(Cl)c(F)c1,False,,0,,False,,311.781,3.3327000000000018,1,2,46.17,6,1,1.0112214926104486e-43
834,MOL00817,COc1ccc(NC(=O)c2cc(F)c(C)c(F)c2)cc1,False,,0,,False,,277.27,3.5341200000000015,1,2,38.33,3,2,1.0112214926104486e-43
835,MOL00818,Cc1cc(=O)oc2cc(OCC(=O)NCC(Cc3ccccc3)N3CCCC3)ccc12,False,,0,,False,,420.5090000000002,3.3035200000000016,1,5,71.77999999999999,8,4,1.0112214926104486e-43
836,MOL00819,COc1cc(C)c(C(N)CCCC(=O)O)cc1OC,False,,0,,False,,267.325,2.2669200000000007,2,4,81.78,7,1,1.0112214926104486e-43
837,MOL00820,Cc1cccc(C(=O)O)c1Nc1c(F)cccc1Br,False,,0,,False,,324.149,4.338420000000001,2,2,49.33,3,2,1.0112214926104486e-43
838,MOL00822,COc1cc(C=C2SC(=S)N(Cc3cccs3)C2=O)cc(Br)c1OC(C)C(=O)Nc1ccc2c(c1)OCO2,False,,0,,False,,633.5670000000001,6.055300000000004,1,9,86.33,8,5,1.0112214926104486e-43
839,MOL00823,CC(C)C(N)C1CCc2ccccc2O1,False,,0,,False,,205.30100000000002,2.3635,1,2,35.25,2,2,1.0112214926104486e-43
840,MOL00824,CC(NC1CC2COCC21)c1ncc(-c2ccc(-c3ccccc3Cl)c(F)c2)[nH]1,False,,0,,False,,411.908,5.221700000000005,2,3,49.94,5,5,1.0112214926104486e-43
841,MOL00825,Cc1ccccc1-c1noc(CCNS(=O)(=O)c2ccc3nc(C)c(=O)[nH]c3c2)n1,False,,0,,False,,425.47000000000014,2.1109399999999994,2,7,130.83999999999997,6,4,1.0112214926104486e-43
842,MOL00826,COc1ccc(CN2CCN(C(=O)Cn3cc(CO)c4ccccc43)CC2)cc1,False,,0,,False,,393.48700000000014,2.4866,1,4,57.94,6,4,1.0112214926104486e-43
843,MOL00827,COCCNc1nc(N2CCN(C=O)CC2)ncc1[N+](=O)[O-],False,,0,,False,,310.314,-0.2784999999999995,1,8,113.73000000000002,7,2,1.0112214926104486e-43
844,MOL00828,Cc1ccc2c(c1)OC(=Cc1ccccc1[N+](=O)[O-])C2=O,False,,0,,False,,281.26700000000005,3.519420000000002,0,4,69.44,2,3,1.0112214926104486e-43
845,MOL00829,Cc1ccc(N(c2ccc(C=CC=C(c3ccccc3)c3ccc(N(c4ccccc4)c4ccccc4)cc3)cc2)c2ccc(N(C)C)cc2)cc1,False,,0,,False,,673.9040000000001,13.145719999999976,0,3,9.72,11,7,1.0112214926104486e-43
846,MOL00830,CC1CN(C(=O)c2ccc(C#N)cc2)CCN1CC1CC1,False,,0,,False,,283.375,2.11458,0,3,47.34,3,3,1.0112214926104486e-43
847,MOL00832,COC(=O)C1COC(C)(C)CC1(C)C(=O)O,False,,0,,False,,230.25999999999996,1.0653999999999997,1,4,72.83,2,1,1.0112214926104486e-43
848,MOL00833,Cc1cc(Cl)ccc1OCC(=O)Nc1sc2c(c1C#N)CCC(C)C2,False,,0,,False,,374.8930000000002,4.723900000000003,1,4,62.12,4,3,1.0112214926104486e-43
849,MOL00834,COCC(C)N(C)c1nc(C)c(CN)cc1Br,False,,0,,False,,302.216,2.08232,1,4,51.379999999999995,5,1,1.0112214926104486e-43
850,MOL00835,O=C(O)C1CCc2c([nH]c3cc(Cl)ccc23)C1,False,,0,,False,,249.697,3.0108000000000006,2,1,53.089999999999996,1,3,1.0112214926104486e-43
851,MOL00836,CC1OCC(O)(c2cncc(Cl)c2)C1C,False,,0,,False,,227.691,1.9774,1,3,42.35,1,2,1.0112214926104486e-43
852,MOL00837,OCC1CCn2cc(C3COCCO3)nc2C1,False,,0,,False,,238.28699999999995,0.5256999999999998,1,4,56.510000000000005,2,3,1.0112214926104486e-43
853,MOL00838,CC(C)C(N)CNc1ccc(Br)cc1C#N,False,,0,,False,,282.18500000000006,2.715980000000001,2,3,61.839999999999996,4,1,1.0112214926104486e-43
854,MOL00839,CCc1oc2c(c1CN1CCN(C(CC(C)C)c3cccc(F)c3)CC1)CCNC2=O,False,,0,,False,,427.5640000000002,4.172000000000003,1,4,48.720000000000006,7,4,1.0112214926104486e-43
855,MOL00840,CC1=NC(C)(C)N(NC(=O)OC(C)(C)C)C1=N[N+](=O)[O-],False,,0,,False,,285.30400000000003,1.5289,1,5,109.43,2,1,1.0112214926104486e-43
856,MOL00841,COc1ccc(C=CC(=O)Oc2cc(C=CC(=O)Nc3ccc(F)cc3F)ccc2OC)cc1OC,False,,0,,False,,495.4780000000002,5.261300000000005,1,6,83.09,9,3,1.0112214926104486e-43
857,MOL00843,CCOC(=O)c1c(C)[nH]c(C(=O)C(C)OC(=O)COc2ccccn2)c1C,False,,0,,False,,374.3930000000001,2.3966400000000005,1,7,107.58000000000001,8,2,1.0112214926104486e-43
858,MOL00844,O=C1C=CC(O)(O)CCCC1,False,,0,,False,,156.18099999999995,0.3665999999999999,2,3,57.53,0,1,1.0112214926104486e-43
859,MOL00845,COCCCNC(=O)Cn1nc(C)cc1SCC(=O)O,False,,0,,False,,301.36800000000005,0.5209199999999996,2,5,93.45,9,1,1.0112214926104486e-43
860,MOL00846,CC(C)CCCCCCCCCCCCCCC(=O)NCC(=O)O,False,,0,,False,,341.536,5.304600000000004,2,2,66.4,17,0,1.0112214926104486e-43
861,MOL00847,COc1cc(C)c(C(=O)N2CCC(Cc3nc(-c4ccncc4)no3)CC2)cc1OC,False,,0,,False,,422.4850000000001,3.552120000000002,0,7,90.58000000000001,6,4,1.0112214926104486e-43
862,MOL00848,Cc1cc(Oc2ncc(Br)cc2C)ccc1N,False,,0,,False,,293.16400000000004,3.835440000000003,1,3,48.14,2,2,1.0112214926104486e-43
863,MOL00849,CCCCC(C)(C)C(C)(C)Cc1ccc(C)c(C)c1C,False,,0,,False,,274.492,6.396960000000007,0,0,0.0,6,1,1.0112214926104486e-43
864,MOL00850,Cc1cc(C(=O)CN2CCC(=O)CC2)ccc1Br,False,,0,,False,,310.191,2.6051200000000003,0,3,37.38,3,2,1.0112214926104486e-43
865,MOL00851,COc1ccccc1C1CNC(=O)C1CCCO,False,,0,,False,,249.30999999999995,1.2973,2,3,58.56,5,2,1.0112214926104486e-43
866,MOL00852,O=C(O)CC(NC(=O)C1CCCCS1(=O)=O)c1cccs1,False,,0,,False,,331.41499999999996,1.3473999999999997,2,5,100.53999999999999,5,2,1.0112214926104486e-43
867,MOL00853,COCCOCC(O)CN1CCCCCC1c1ccccc1,False,,0,,False,,307.4339999999999,2.627600000000001,1,4,41.93,8,2,1.0112214926104486e-43
868,MOL00854,CCCCCCOC(=O)OCCCCCCOc1ccc(C(=O)Oc2ccc3cc(C(=O)OCCCCCCOc4ccc(C(=O)OC5CCc6c(ccc(OC(=O)c7ccc(C(=O)OC)cc7)c6F)C5)cc4)ccc3c2)cc1,False,,0,,False,,1083.2119999999998,13.387099999999977,0,15,185.48999999999995,29,7,1.0112214926104486e-43
869,MOL00855,O=C1C2C(C(=O)N1c1ccc(Br)cc1)C1c3ccccc3C(c3ccc(O)cc3)N1C2Cc1ccc(Cl)cc1Cl,False,,0,,False,,634.3570000000002,7.3383000000000065,1,4,60.85,4,7,1.0112214926104486e-43
870,MOL00856,COc1ccc2ccc(=O)n(CCCNC(=O)COCc3ccccc3)c2c1,False,,0,,False,,380.4440000000001,2.733200000000001,1,4,69.56,9,3,1.0112214926104486e-43
871,MOL00858,CCOc1ccccc1-c1nc(C(=O)NCCc2ccc(OC)c(OC)c2)n(-c2ccccc2)n1,False,,0,,False,,472.54500000000013,4.322700000000004,1,6,87.50000000000001,10,4,1.0112214926104486e-43
872,MOL00859,Cc1noc(C)c1CCNS(=O)(=O)c1cc(C(=O)O)c[nH]c1=O,False,,0,,False,,341.345,0.19893999999999945,3,6,142.36,6,2,1.0112214926104486e-43
873,MOL00861,CCc1cc(N)n(CCO)n1,False,,0,,False,,155.20100000000002,0.019999999999999962,2,3,64.07,3,1,1.0112214926104486e-43
874,MOL00862,CCCc1ccc(CCC(O)C2CCCCC2)cc1,False,,0,,False,,260.42099999999994,4.512900000000005,1,1,20.23,6,2,1.0112214926104486e-43
875,MOL00863,CCOCc1nnc(-c2ccc(CO)cc2)o1,False,,0,,False,,234.25500000000002,1.7653999999999999,1,5,68.38000000000001,5,2,1.0112214926104486e-43
876,MOL00864,O=C1CN(C(=O)C2CCC2)CCN1,False,,0,,False,,182.22299999999996,-0.2550999999999998,1,2,49.410000000000004,1,2,1.0112214926104486e-43
877,MOL00865,CCc1nc2nccc(Nc3ccc(OC)cc3)c2cc1C(=O)Cc1ccc(Cl)nc1,False,,0,,False,,432.9110000000001,5.418200000000004,1,6,77.00000000000001,7,4,1.0112214926104486e-43
878,MOL00866,COc1ccc(N(Cc2ccc(C(=O)Nc3sc4c(c3C(=O)N3CCCC3)CCCCC4)cc2)S(C)(=O)=O)cc1OC,False,,0,,False,,611.7860000000005,5.488700000000006,1,7,105.25000000000001,9,5,1.0112214926104486e-43
879,MOL00868,CCCN1C(=O)CCSC12CCN(C(=O)c1ccsc1)CC2,False,,0,,False,,338.49800000000005,3.055900000000002,0,4,40.620000000000005,3,3,1.0112214926104486e-43
880,MOL00869,CC(O)c1ccc(OCc2ccsc2)cn1,False,,0,,False,,235.30800000000002,2.775400000000001,1,4,42.35,4,2,1.0112214926104486e-43
881,MOL00870,CN(C)C(C)(C)CNC(=O)c1cccc(S(=O)(=O)Nc2ccc(F)cc2)c1,False,,0,,False,,393.48400000000004,2.6965000000000003,2,4,78.51,7,2,1.0112214926104486e-43
882,MOL00871,O=S(=O)(O)Nc1ccc(S(=O)(=O)O)cc1,False,,0,,False,,253.257,0.14800000000000008,3,4,120.77,3,1,1.0112214926104486e-43
883,MOL00872,CCN1C(=O)C(NC(=O)OC(C)(C)C)CN(C2CN(C(=O)OC(C)(C)C)C2)c2ccccc21,False,,0,,False,,460.5750000000002,3.3721000000000023,1,6,91.42,3,3,1.0112214926104486e-43
884,MOL00873,CC1=C(OC(=O)C2(C)CCCCC(C)C2)NC(C)C1,False,,0,,False,,265.397,3.7494000000000023,1,3,38.33,2,2,1.0112214926104486e-43
885,MOL00874,O=C(N1CCSC(c2ccco2)CC1)N1CCN(c2ccccc2)CC1,False,,0,,False,,371.5060000000001,3.701800000000003,0,4,39.93000000000001,2,4,1.0112214926104486e-43
886,MOL00876,CCC=CCC=CCC=CCC=CCC=CCC=CCCC(=O)OCC(COC(=O)CCCCCC=CCC=CCC=CCC=CCC=CCC)OC(=O)CCCCCCCC=CC=CCCCCC,False,,0,,False,,963.4819999999994,18.58779999999998,0,6,78.9,47,0,1.0112214926104486e-43
887,MOL00878,COc1cc(OC)c(Cl)c(C(=O)N(CCCCCCNCC(O)c2cccnc2)c2nc(N)ncc2Cl)c1,False,,0,,False,,563.4860000000002,4.308200000000002,3,9,135.72,14,3,1.0112214926104486e-43
888,MOL00879,CC(C)N(CCO)Cc1csc(-c2cccs2)n1,False,,0,,False,,282.434,3.074300000000002,1,5,36.36,6,2,1.0112214926104486e-43
889,MOL00880,CCC(O)CCNC(=O)C(=O)Nc1c(C)cccc1C,False,,0,,False,,278.35200000000003,1.5191399999999997,3,3,78.43,5,1,1.0112214926104486e-43
890,MOL00881,O=C1COC(c2cccc3ccccc23)=NC1=S,False,,0,,False,,255.298,2.5131000000000006,0,3,38.66,1,3,1.0112214926104486e-43
891,MOL00882,O=C(Cc1cnc(-n2c(O)c3ccccc3c(C(=O)O)c2=O)cn1)c1ccccc1,False,,0,,False,,401.3780000000001,2.6099000000000006,2,6,122.38000000000001,5,4,1.0112214926104486e-43
892,MOL00883,CC(C)COC(=O)C=Cc1ccccc1C=CC(=O)O,False,,0,,False,,274.31600000000003,2.9968000000000012,1,3,63.60000000000001,6,1,1.0112214926104486e-43
893,MOL00884,CCc1c(C(=O)O)c(C)nn1-c1cc(C)cc(OC)c1,False,,0,,False,,274.32,2.7583400000000013,1,3,64.35,4,2,1.0112214926104486e-43
894,MOL00885,O=C(C1CC=CCC1)N1CCCCC1c1ncc[nH]1,False,,0,,False,,259.35299999999995,2.8196000000000003,1,2,48.99,2,3,1.0112214926104486e-43
895,MOL00887,CCCc1cccc2c1C1CCCCC1N2,False,,0,,False,,215.33999999999995,4.090800000000003,1,1,12.03,2,3,1.0112214926104486e-43
896,MOL00888,COc1cccc(C)c1S(=O)(=O)N1CCN(c2nccs2)CC1,False,,0,,False,,353.46900000000005,1.97102,0,6,62.74000000000001,4,3,1.0112214926104486e-43
897,MOL00891,CCn1nccc1C(=O)OCc1cccc([N+](=O)[O-])c1,False,,0,,False,,275.26399999999995,2.1681999999999997,0,5,87.26,5,2,1.0112214926104486e-43
898,MOL00892,CC1(C)CC1C(=O)Nc1cccc(CS(C)(=O)=O)c1,False,,0,,False,,281.377,2.2157999999999998,1,3,63.24,4,2,1.0112214926104486e-43
899,MOL00893,CCCC(C)Nc1cnc(NCCCN2CCOCC2)nc1-c1ccc(Cl)cc1,False,,0,,False,,417.9850000000001,4.531700000000004,2,6,62.31,10,3,1.0112214926104486e-43
900,MOL00894,CCN(CC(=O)NC(C)(C)C)CC1c2c(O)cccc2CCN1C,False,,0,,False,,333.4760000000001,2.1578,2,4,55.81000000000001,5,2,1.0112214926104486e-43
901,MOL00895,CCc1ccc(CN(C)CC(=O)NC(N)=O)cc1,False,,0,,False,,249.314,0.8756999999999999,2,3,75.43,5,1,1.0112214926104486e-43
902,MOL00896,C=CCN(Cc1ccc(F)cc1)S(=O)(=O)c1cccc(C(C)=O)c1,False,,0,,False,,347.41100000000006,3.4052000000000024,0,3,54.45,7,2,1.0112214926104486e-43
903,MOL00897,CC(C)(C)c1ccc(C(=O)Nc2cc(Oc3cccc(F)c3)cc(C(=O)Nc3ccccc3)c2)cc1,False,,0,,False,,482.5550000000001,7.420100000000006,2,3,67.42999999999999,6,4,1.0112214926104486e-43
904,MOL00898,CCC(N)Cc1cc(Br)ccc1OC1CCCC1OC,False,,0,,False,,342.27700000000016,3.675200000000003,1,3,44.480000000000004,6,2,1.0112214926104486e-43
905,MOL00899,Cc1cccc(Cc2nnc(C3CCC(C)CN3)o2)c1,False,,0,,False,,271.364,3.029420000000001,1,4,50.95,3,3,1.0112214926104486e-43
906,MOL00900,CC1=C(c2ccccc2C)N(C(C)(c2ccccc2)c2ccccc2)C(=O)NC1Cc1ccc2ccccc2c1,False,,0,,False,,522.6920000000002,8.479420000000005,1,1,32.34,6,6,1.0112214926104486e-43
907,MOL00901,CN(C)c1ccc(C(=O)Nc2cccnc2N(C)C)cc1,False,,0,,False,,284.363,2.4659000000000004,1,4,48.470000000000006,4,2,1.0112214926104486e-43
908,MOL00902,CC(OC(=O)NC12CC(C(=O)NC3CC3)(C1)C2)S(=O)(=O)c1ccc(F)cc1F,False,,0,,False,,414.43000000000006,2.0119999999999996,2,5,101.57,6,5,1.0112214926104486e-43
909,MOL00903,Cc1cccc(-n2c(C(=O)O)c(CN3CCCC3c3ccccc3)[nH]c2=O)c1,False,,0,,False,,377.444,3.5093200000000015,2,3,78.33000000000001,5,4,1.0112214926104486e-43
910,MOL00905,O=S(=O)(c1cc(N2CCc3ccccc3S2(=O)=O)ccc1NC1C2COCC21)N1CCOC(CCl)C1,False,,0,,False,,554.0900000000003,2.123,1,7,105.25000000000001,6,6,1.0112214926104486e-43
911,MOL00906,CCCNc1cc(NCc2ccccn2)ncn1,False,,0,,False,,243.31400000000002,2.3056,2,5,62.730000000000004,6,2,1.0112214926104486e-43
912,MOL00907,CCCCCC(=O)N1C(=O)C(c2cccc(OC)c2)Oc2ccccc21,False,,0,,False,,353.41800000000006,4.268800000000004,0,4,55.84,6,3,1.0112214926104486e-43
913,MOL00908,Cc1noc(C)c1-c1ccc2c(c1)n(C1CC1)c(=O)n2Cc1cnc(N2CC3CC(C2)N3)cn1,False,,0,,False,,457.5380000000002,2.79854,1,7,94.00999999999999,5,8,1.0112214926104486e-43
914,MOL00909,Cc1c(NC(=O)C2CC(=O)N(c3ccc(I)cc3)C2)cccc1[N+](=O)[O-],False,,0,,False,,465.2470000000001,3.4994200000000024,1,4,92.55000000000001,4,3,1.0112214926104486e-43
915,MOL00910,Cc1ccc(CCCC(=O)N2CCCC(c3cn4c(C)nnc4s3)C2)cc1,False,,0,,False,,382.5330000000001,4.136540000000004,0,4,50.5,5,4,1.0112214926104486e-43
916,MOL00911,O=Cc1cc(F)cc(-c2ccccc2)c1,False,,0,,False,,200.21200000000002,3.305200000000002,0,1,17.07,2,2,1.0112214926104486e-43
917,MOL00912,NC1(C(=O)Nc2ccccc2-c2nc3c(Cl)cccc3s2)CCOCC1,False,,0,,False,,387.8920000000002,4.063100000000002,2,5,77.24000000000001,3,4,1.0112214926104486e-43
918,MOL00913,CSC(C)N1CC(=O)C1,False,,0,,False,,145.227,0.5801000000000001,0,3,20.310000000000002,2,1,1.0112214926104486e-43
919,MOL00914,CCCN(CCN(C)C)C(=O)CCCCCBr,False,,0,,False,,307.2759999999999,2.741900000000001,0,2,23.55,10,0,1.0112214926104486e-43
920,MOL00915,CCCN(C(=O)Nc1ccc(S(=O)(=O)N2CCCCC2)cc1)c1ccc(CC)cc1,False,,0,,False,,429.58600000000024,4.872100000000005,1,3,69.72,7,3,1.0112214926104486e-43
921,MOL00916,Cc1cccc2c1CC(C(=O)NCCOc1ccc3c(N(C)c4ccccc4)ncnc3c1)CN2C,False,,0,,False,,481.6000000000002,4.509820000000003,1,6,70.58999999999999,7,5,1.0112214926104486e-43
922,MOL00917,O=C1C=NC2(N1)Nc1ccccc1S(=O)(=O)N2,False,,0,,False,,252.25500000000002,-0.7977000000000005,3,5,99.66,0,3,1.0112214926104486e-43
923,MOL00918,CCCn1nncc1C(NN)C(C)S(C)(=O)=O,False,,0,,False,,261.351,-0.37439999999999873,2,6,102.9,6,1,1.0112214926104486e-43
924,MOL00919,CC(C)Oc1ccc(N2CCN(C(=O)C3CC3C)CC2)cc1,False,,0,,False,,302.41800000000006,2.7784000000000013,0,3,32.78,4,3,1.0112214926104486e-43
925,MOL00920,CC(C)(C)C1(CF)CCCN(Cc2ccccc2)C1=O,False,,0,,False,,277.38300000000004,3.8110000000000026,0,1,20.310000000000002,3,2,1.0112214926104486e-43
926,MOL00921,CC1(C)CCN(c2ccc(C3CC3)cc2C(=O)N2CCC(N)C2C(=O)O)CC1,False,,0,,False,,385.5080000000002,2.8168000000000006,2,4,86.87000000000002,4,4,1.0112214926104486e-43
927,MOL00923,COc1cccc(C2CCC3CNC(=O)N3C2)c1,False,,0,,False,,246.30999999999997,1.9663999999999997,1,2,41.57,2,3,1.0112214926104486e-43
928,MOL00924,CC(C)(C(=O)c1cccc(N)c1)n1cccn1,False,,0,,False,,229.283,2.0833,1,3,60.910000000000004,3,2,1.0112214926104486e-43
929,MOL00926,Cc1nn(CCC2CCCN2)c2c1CSCC2,False,,0,,False,,251.39899999999997,2.12292,1,3,29.85,3,3,1.0112214926104486e-43
930,MOL00927,Cc1cc(N2CCN(c3ncnc(N4CCN(C)CC4)c3F)CC2)nc(C2CC2)n1,False,,0,,False,,412.5170000000003,1.6699199999999996,0,8,64.52000000000001,4,5,1.0112214926104486e-43
931,MOL00928,Cc1nn(-c2ccccc2)nc1NC(=O)CCCN1C(=O)CN(C)C1=O,False,,0,,False,,356.3860000000001,1.1884199999999998,1,5,100.43,6,3,1.0112214926104486e-43
932,MOL00929,CCOC(=O)C1COc2ccc([N+](=O)[O-])cc2O1,False,,0,,False,,253.20999999999998,1.2976999999999999,0,6,87.9,3,2,1.0112214926104486e-43
933,MOL00930,CSCCCOc1ccc2c(c1)OCO2,False,,0,,False,,226.297,2.547200000000001,0,4,27.69,5,2,1.0112214926104486e-43
934,MOL00931,N#CC(CCCCCCc1ccccc1)c1ccco1,False,,0,,False,,267.37200000000007,5.079980000000004,0,2,36.93,8,2,1.0112214926104486e-43
935,MOL00932,Cc1cc2c(=O)[nH]c(Nc3cccc(C(C)C)c3)nn2c1,False,,0,,False,,282.34700000000004,3.1980200000000014,2,3,62.19,3,3,1.0112214926104486e-43
936,MOL00933,CC(=O)NC=C(Cl)c1ccccc1,False,,0,,False,,195.64900000000003,2.3599000000000006,1,1,29.1,2,1,1.0112214926104486e-43
937,MOL00934,CSc1ccc(C(=O)N(C)c2ccccc2Oc2ccccc2)cc1,False,,0,,False,,349.45500000000004,5.477400000000005,0,3,29.540000000000003,5,3,1.0112214926104486e-43
938,MOL00935,CC(C)(N)C(O)c1cncnc1,False,,0,,False,,167.212,0.2472999999999998,2,4,72.03,2,1,1.0112214926104486e-43
939,MOL00936,O=c1oc(-c2ccccc2)nc2csc(S(=O)(=O)Cl)c12,False,,0,,False,,327.77000000000004,2.844000000000001,0,6,77.24000000000001,2,3,1.0112214926104486e-43
940,MOL00937,CC(C)(C)c1nn(Cc2ccc(=O)[nH]c2)c(N)c1Br,False,,0,,False,,325.21000000000004,2.2619,2,3,76.7,2,2,1.0112214926104486e-43
941,MOL00938,CCC(COc1ccc(OC)cc1)C(C)C,False,,0,,False,,222.32799999999997,3.7562000000000033,0,2,18.46,6,1,1.0112214926104486e-43
942,MOL00939,CCCCC1CNC(CC(C)C)C(C)C1,False,,0,,False,,211.39299999999997,3.8369000000000026,1,1,12.03,5,1,1.0112214926104486e-43
943,MOL00940,COCCNCCC(=O)N(C)C,False,,0,,False,,174.244,-0.2992999999999999,1,3,41.57,6,0,1.0112214926104486e-43
944,MOL00941,CC(=O)c1ccc(NC(=O)C(N)CC(C)C)cc1,False,,0,,False,,248.32599999999996,2.2011000000000003,2,3,72.19,5,1,1.0112214926104486e-43
945,MOL00942,CCCCCCCNCCc1cccc(CBr)c1,False,,0,,False,,312.29499999999996,4.684000000000004,1,1,12.03,10,1,1.0112214926104486e-43
946,MOL00943,O=C(NC1CC1)c1cccc(NCC(C(F)(F)F)C(F)(F)F)c1,False,,0,,False,,340.267,3.7315000000000023,2,2,41.13,5,2,1.0112214926104486e-43
947,MOL00944,Cc1ccc(CNS(=O)(=O)C2CCCC2)o1,False,,0,,False,,243.32799999999995,1.9500199999999999,1,3,59.31,4,2,1.0112214926104486e-43
948,MOL00945,CCC(C)n1cc[n+]2ccccc12,False,,0,,False,,175.255,2.1978,0,0,9.03,2,2,1.0112214926104486e-43
949,MOL00946,O=C(O)CCOCCNC(=O)Nc1c(F)cccc1I,False,,0,,False,,396.156,2.0431,3,3,87.66,7,1,1.0112214926104486e-43
950,MOL00947,CCC1C(C)=CN=C(C)N1c1cccc(C(F)F)n1,False,,0,,False,,265.30699999999996,3.940000000000003,0,3,28.490000000000002,3,2,1.0112214926104486e-43
951,MOL00948,O=C1CC(NC2CCCC2)CN1c1ccccc1Cl,False,,0,,False,,278.783,2.977500000000001,1,2,32.34,3,3,1.0112214926104486e-43
952,MOL00949,FC1(F)CCC(c2cccc(Cl)n2)OC1,False,,0,,False,,233.64499999999998,3.221800000000001,0,2,22.12,1,2,1.0112214926104486e-43
953,MOL00950,Cc1ccc(Nc2ccc(NCCC#N)c([N+](=O)[O-])c2)cc1,False,,0,,False,,296.33,3.972400000000002,2,5,90.99,6,2,1.0112214926104486e-43
954,MOL00951,CCSC1CCCC(NCc2ccc(C)cn2)C1,False,,0,,False,,264.43800000000005,3.5439200000000017,1,3,24.92,5,2,1.0112214926104486e-43
955,MOL00952,COC(=O)C(C)OC(=O)COC(C)C,False,,0,,False,,204.22199999999998,0.5160999999999998,0,5,61.83,5,0,1.0112214926104486e-43
956,MOL00953,O=C(NP(=PNC(C(=O)O)C(=O)O)(c1ccccc1)c1ccccc1)OCc1ccccc1,False,,0,,False,,484.38500000000016,3.400000000000002,4,4,124.96000000000001,9,3,1.0112214926104486e-43
957,MOL00954,CC(C)(C)c1cc(CC(N)C(=O)O)c(O)c(C(C)(C)C)c1,False,,0,,False,,293.407,2.941600000000001,3,3,83.55000000000001,3,1,1.0112214926104486e-43
958,MOL00955,CCOC(=O)c1ccc(Nc2c3c(nc4ccc(Cl)cc24)CCC3)cc1,False,,0,,False,,366.8480000000001,5.297200000000004,1,4,51.22,4,4,1.0112214926104486e-43
959,MOL00956,COc1cccc(C(c2ccccc2)C(NS(=O)(=O)c2ccc(C)cc2)(C(=O)c2ccc(Br)cc2)c2ccc(C)cc2)c1,False,,0,,False,,654.6260000000002,7.963340000000008,1,4,72.47,10,5,1.0112214926104486e-43
960,MOL00957,CC(=O)c1ccc(N2CCN(C(=O)CSc3nc4ccccc4c(=O)n3Cc3ccccc3)CC2)c(F)c1,False,,0,,False,,530.6250000000003,4.227400000000004,0,6,75.51000000000002,7,5,1.0112214926104486e-43
961,MOL00958,CN1CCC(Sc2ccc(C#N)cn2)CC1,False,,0,,False,,233.33999999999997,2.1395800000000005,0,4,39.92,2,2,1.0112214926104486e-43
962,MOL00960,COC(=O)Nc1ccc(NC(=O)c2ccc(F)cc2)cc1Cl,False,,0,,False,,322.72299999999996,3.9097000000000017,2,3,67.43,3,2,1.0112214926104486e-43
963,MOL00961,CCCNC(C)c1nc(C2CN(C(C)C)CCO2)sc1Br,False,,0,,False,,376.364,3.747900000000003,1,5,37.39,6,2,1.0112214926104486e-43
964,MOL00963,Cc1ccc(-c2nc(CCC(C)C(=O)NO)cs2)cc1C,False,,0,,False,,304.4150000000001,3.5010400000000015,2,4,62.22,5,2,1.0112214926104486e-43
965,MOL00965,CCCC(C)C(=O)Cc1c(Br)c(C)nn1C,False,,0,,False,,287.201,3.038820000000001,0,2,34.89,5,1,1.0112214926104486e-43
966,MOL00966,O=S1(=O)CCC(c2nc(N3CCOC(CO)C3)c3cnccn23)CC1,False,,0,,False,,366.4430000000001,0.21899999999999964,1,7,97.03,3,4,1.0112214926104486e-43
967,MOL00967,O=C(NN=Cc1ccc(OCc2ccccc2)cc1)C(=Cc1ccc([N+](=O)[O-])cc1)NC(=O)c1ccccc1,False,,0,,False,,520.5450000000002,5.095000000000004,2,6,122.93,10,4,1.0112214926104486e-43
968,MOL00968,CCOC(=O)c1c(C(=O)c2ccc(S(=O)(=O)NCCOC)cc2)nn2ccccc12,False,,0,,False,,431.4700000000002,1.6666999999999992,1,7,116.07000000000001,9,3,1.0112214926104486e-43
969,MOL00969,CCOc1ccc(CNC(=O)CNC(=O)C(C)(C)C)cc1,False,,0,,False,,292.37899999999996,1.8637999999999997,2,3,67.43,6,1,1.0112214926104486e-43
970,MOL00970,CC(C)C(C)N=C1CCCC1N1CC(C)C(CO)C1,False,,0,,False,,266.42900000000003,2.584600000000001,1,3,35.83,4,2,1.0112214926104486e-43
971,MOL00971,CS(=O)(=O)N(Cc1ccc(C(=O)NCCc2cccc(Cl)c2)cc1)Cc1ccccc1F,False,,0,,False,,474.9850000000002,4.413400000000003,1,3,66.48,9,3,1.0112214926104486e-43
972,MOL00972,Cn1nnc2c1CN(C(=O)Nc1ccc(Cl)cc1)C(C)(C(=O)Nc1cccc(Cl)c1)C2,False,,0,,False,,459.3370000000002,4.109500000000002,2,4,92.15,3,4,1.0112214926104486e-43
973,MOL00973,CNC(=O)CCn1c(C(F)(F)F)nc2c(F)cccc21,False,,0,,False,,289.23199999999997,2.3303000000000003,1,2,46.92,3,2,1.0112214926104486e-43
974,MOL00974,c1cnn(CC2CCCN2CCCn2ccnc2)c1,False,,0,,False,,259.35699999999997,1.6342999999999999,0,3,38.88,6,3,1.0112214926104486e-43
975,MOL00975,COCCOCC1C=COC(OCCc2cnc[nH]2)C1OB1OCC(C)(C)CO1,False,,0,,False,,410.2760000000002,1.5610999999999997,1,8,93.29,11,3,1.0112214926104486e-43
976,MOL00976,CCN(Cc1ccccc1N)C(C)c1ccccc1OC,False,,0,,False,,284.403,3.860500000000002,1,3,38.489999999999995,6,2,1.0112214926104486e-43
977,MOL00977,NC(=O)CCNCC(O)c1ccc(Cl)cc1,False,,0,,False,,242.70600000000002,0.8384000000000005,3,3,75.35000000000001,6,1,1.0112214926104486e-43
978,MOL00978,CCC(Cc1nc2scc(C)n2n1)NC(C)C,False,,0,,False,,252.38700000000003,2.4183200000000005,1,4,42.22,5,2,1.0112214926104486e-43
979,MOL00979,CS(=O)(=O)CC(=O)NCCC1=CCCC1,False,,0,,False,,231.31699999999995,0.6475999999999997,1,3,63.24,5,1,1.0112214926104486e-43
980,MOL00980,Brc1cc2c(c(OC3CC3)c1Br)OCO2,False,,0,,False,,335.97900000000004,3.4815000000000014,0,3,27.69,2,3,1.0112214926104486e-43
981,MOL00981,Cc1cc(C(=O)O)nn1CCCNCc1cccs1,False,,0,,False,,279.36499999999995,2.13112,2,4,67.14999999999999,7,2,1.0112214926104486e-43
982,MOL00982,CNC(=O)COCCCN,False,,0,,False,,146.19,-0.9021999999999992,2,3,64.35,5,0,1.0112214926104486e-43
983,MOL00983,CCc1ccc(N2CC(C(=O)OCC(=O)Nc3cccc(C(F)(F)F)c3)CC2=O)cc1,False,,0,,False,,434.4140000000001,3.8026000000000026,1,4,75.71000000000001,6,3,1.0112214926104486e-43
984,MOL00984,CCOC(=O)c1ccc(NC(=O)N2CCC(C(=O)c3ccc(Cl)c(Cl)c3OC)CC2)cc1,False,,0,,False,,479.36000000000024,5.305500000000006,1,5,84.94000000000001,6,3,1.0112214926104486e-43
985,MOL00985,CCOc1cc(C=C2SC(=O)N(CC(=O)Nc3c(C)cccc3CC)C2=O)ccc1OC(=O)c1ccc2c(c1)OCO2,False,,0,,False,,588.6380000000003,5.579020000000005,1,9,120.47000000000003,9,5,1.0112214926104486e-43
986,MOL00986,CCCC(O)C1CC2CC1C1CCCC21,False,,0,,False,,208.34499999999997,3.2197000000000022,1,1,20.23,3,3,1.0112214926104486e-43
987,MOL00987,c1ccc2c(-n3c4ccccc4c4cc5c(cc43)sc3ccc(-c4cc6c7ccccc7ccc6c6c4oc4ccccc46)cc35)cccc2c1,False,,0,,False,,665.8170000000002,14.177599999999977,0,2,18.07,2,12,1.0112214926104486e-43
988,MOL00988,COC(=O)c1ccc(N(C)CC2COc3ccccc3O2)c([N+](=O)[O-])c1,False,,0,,False,,358.3500000000001,2.6576000000000013,0,7,91.14,5,3,1.0112214926104486e-43
989,MOL00989,Cc1nn(CC(C)C)c(C)c1CCC(=O)N1CCC(C(=O)O)CC1,False,,0,,False,,335.44800000000004,2.411740000000001,1,3,75.43,6,2,1.0112214926104486e-43
990,MOL00990,CC(C)(C)c1cc(-c2cc(F)c(F)cc2F)cc2c1CNC2=O,False,,0,,False,,319.326,4.311800000000003,1,1,29.1,1,3,1.0112214926104486e-43
991,MOL00991,CC1(C)CSC(Nc2ccc3c(c2)COC3)=N1,False,,0,,False,,248.35099999999997,3.0101000000000013,1,4,33.62,1,3,1.0112214926104486e-43
992,MOL00992,CC(=NO)c1ccccc1NC(=O)c1ccc(Cl)cc1Cl,False,,0,,False,,323.179,4.443900000000002,2,3,61.690000000000005,3,2,1.0112214926104486e-43
993,MOL00993,CCCN1C(=O)C2(CC2)Cc2cc(C(=O)C=Cc3ccccc3OCC)ccc21,False,,0,,False,,389.4950000000001,5.060700000000005,0,3,46.61,7,4,1.0112214926104486e-43
994,MOL00994,CC1NCCCC1NCc1ccc(N2CCCC2=O)cc1,False,,0,,False,,287.407,2.0434999999999994,2,3,44.37,4,3,1.0112214926104486e-43
995,MOL00995,N#Cc1cccc(C(=O)N2CCOCC2Cc2ccccc2)c1,False,,0,,False,,306.36499999999995,2.641980000000001,0,3,53.33,3,3,1.0112214926104486e-43
996,MOL00996,CNCc1ccc(-c2cncc(OC)c2Cl)cc1C,False,,0,,False,,276.767,3.4384200000000025,1,3,34.150000000000006,4,2,1.0112214926104486e-43
997,MOL00997,Cc1ccc(N2CCC(N3Cc4c(n(C)c5ccccc5c4=O)C3=O)C2)cc1Cl,False,,0,,False,,407.9010000000002,3.735020000000003,0,3,45.55,2,5,1.0112214926104486e-43
998,MOL00998,c1ccc(Cn2ccc3c(N4CCC(CNCc5ccccn5)CC4)nccc32)cc1,False,,0,,False,,411.5530000000001,4.485800000000004,1,4,45.980000000000004,7,5,1.0112214926104486e-43
999,MOL00999,CNC(c1cc(C)cc(C)c1)C1CCCC(N)C1,False,,0,,False,,246.39799999999994,3.0814400000000006,2,2,38.05,3,2,1.0112214926104486e-43
1000,MOL01000,CN(CCP(C)(C)=O)CC(=O)O,False,,0,,False,,193.18299999999996,0.6255,1,3,57.61,5,0,1.0112214926104486e-43
