time_ps,RMSD_conformation_A,heavy_geometric_radius_A,protein_CA_RMSD_A,ligand_EGFR_fit_RMSD_A,site_center_distance_A,series,included
10.0,1.721667,5.3470855,2.9584293,4.1008897,4.5072184,replica_01_seed20260931,False
20.0,2.402175,5.3023577,2.7800035,4.1016955,3.144767,replica_01_seed20260931,False
30.0,2.296913,5.3812222,2.8306248,3.905982,3.0023835,replica_01_seed20260931,False
40.0,2.3918493,5.2591176,2.8461006,3.8224938,3.1457834,replica_01_seed20260931,False
50.0,1.8896403,5.2594733,2.8242266,4.061295,4.705736,replica_01_seed20260931,False
60.0,2.0459237,5.3154354,2.8032975,4.043139,4.172202,replica_01_seed20260931,False
70.0,2.2657218,5.248966,3.0295408,4.126259,4.145768,replica_01_seed20260931,False
80.0,2.3091536,5.280659,2.8596349,3.599881,3.768033,replica_01_seed20260931,False
90.0,2.160421,5.167051,2.8891718,3.6400084,3.8456311,replica_01_seed20260931,False
100.0,2.1941464,5.260356,2.9230964,3.7384834,3.8482547,replica_01_seed20260931,False
110.0,2.4901419,5.2985835,2.8831937,3.7480226,3.382093,replica_01_seed20260931,False
120.0,2.2924771,5.331206,2.7158794,3.4222865,3.6437666,replica_01_seed20260931,False
130.0,2.5702696,5.2587886,2.802138,3.8554564,3.2576835,replica_01_seed20260931,False
140.0,2.3080182,5.2386484,2.7421668,3.5113888,3.7694197,replica_01_seed20260931,False
150.0,2.2462232,5.2350388,2.6118355,3.5837374,4.0233417,replica_01_seed20260931,False
160.0,2.3190951,5.3222847,2.8055573,4.117982,4.499036,replica_01_seed20260931,False
170.0,2.5056694,5.210779,2.7165022,3.8777113,3.4982517,replica_01_seed20260931,False
180.0,2.4765875,5.292082,2.6266904,3.8262367,3.4486823,replica_01_seed20260931,False
190.0,2.3350492,5.2740884,2.6958694,3.6697373,3.0940864,replica_01_seed20260931,False
200.0,2.125374,5.310134,2.6771595,3.3870006,3.3093956,replica_01_seed20260931,False
210.0,2.417005,5.2480073,2.6552794,3.3629692,2.5705533,replica_01_seed20260931,False
220.0,2.2790005,5.2684526,2.5573716,3.1827664,3.2947776,replica_01_seed20260931,False
230.0,2.3452537,5.265314,2.5573573,3.289038,3.0377207,replica_01_seed20260931,False
240.0,2.1543095,5.224087,2.5040145,3.2642264,3.9500804,replica_01_seed20260931,False
250.0,2.2268953,5.173253,2.582848,3.3369799,3.360627,replica_01_seed20260931,False
260.0,2.16049,5.183993,2.466095,3.2625666,4.097195,replica_01_seed20260931,False
270.0,1.877837,5.27268,2.415042,3.44488,4.552937,replica_01_seed20260931,False
280.0,2.0380144,5.2235603,2.5365183,3.2514155,4.53508,replica_01_seed20260931,False
290.0,2.0905647,5.2157764,2.5104694,2.9281423,3.9199858,replica_01_seed20260931,False
300.0,2.1367967,5.2845774,2.4570794,3.3881056,2.7313852,replica_01_seed20260931,False
310.0,1.9870411,5.3411837,2.596243,3.157093,3.015456,replica_01_seed20260931,False
320.0,1.8588579,5.245457,2.9663918,3.169107,4.0059447,replica_01_seed20260931,False
330.0,1.6099752,5.3217626,3.04412,3.1804168,3.537188,replica_01_seed20260931,False
340.0,1.5370526,5.395665,2.8649645,3.1026015,3.7273703,replica_01_seed20260931,False
350.0,1.2789836,5.3107967,2.6801414,2.820451,3.7819197,replica_01_seed20260931,False
360.0,1.1319717,5.2232933,2.646294,2.9007988,3.606327,replica_01_seed20260931,False
370.0,1.5540451,5.2426643,2.660253,3.0577865,3.323997,replica_01_seed20260931,False
380.0,1.9133623,5.1787496,2.8076613,2.8060079,3.6039236,replica_01_seed20260931,False
390.0,1.86171,5.172886,3.023703,3.2045338,2.925998,replica_01_seed20260931,False
400.0,1.9492613,5.1174793,3.0813434,2.8522732,3.5178494,replica_01_seed20260931,False
410.0,1.8582036,5.3650975,3.1591678,3.2976055,3.7611792,replica_01_seed20260931,False
420.0,1.879441,5.31678,3.2066228,3.17515,3.1602023,replica_01_seed20260931,False
430.0,2.192913,5.1897984,3.2030604,3.1671815,3.3019347,replica_01_seed20260931,False
440.0,1.8503536,5.313053,3.2106686,3.3647628,4.251567,replica_01_seed20260931,False
450.0,2.1622493,5.3068314,3.1128054,3.379327,3.3553977,replica_01_seed20260931,False
460.0,2.5531223,5.3140316,2.995293,3.5424542,3.6522317,replica_01_seed20260931,False
470.0,2.281834,5.331357,3.1676292,3.2286077,3.3400097,replica_01_seed20260931,False
480.0,2.3859823,5.407381,3.2583218,3.4703991,3.9016414,replica_01_seed20260931,False
490.0,2.2215412,5.272356,3.2251935,3.3067808,4.1550035,replica_01_seed20260931,False
500.0,2.1399662,5.221548,3.3108523,3.0639603,4.153717,replica_01_seed20260931,False
510.0,2.1865895,5.330309,3.1863112,3.1419036,4.5768766,replica_01_seed20260931,False
520.0,2.2602863,5.2137747,3.338089,3.7299652,4.9742312,replica_01_seed20260931,False
530.0,2.226297,5.3172565,3.5552707,3.4145746,4.192584,replica_01_seed20260931,False
540.0,2.3815842,5.2806735,3.6218724,3.322256,4.0355597,replica_01_seed20260931,False
550.0,2.0084593,5.2950053,3.597508,3.0738113,3.8704965,replica_01_seed20260931,False
560.0,2.0374014,5.34278,3.458409,3.118284,3.5147147,replica_01_seed20260931,False
570.0,2.083874,5.312518,3.6732454,2.8967335,3.4345791,replica_01_seed20260931,False
580.0,1.6733203,5.3378973,3.5365036,3.099345,3.1876614,replica_01_seed20260931,False
590.0,1.7824446,5.1868844,3.4675388,3.150869,3.6444304,replica_01_seed20260931,False
600.0,1.866863,5.356746,3.45514,2.9541876,3.183348,replica_01_seed20260931,False
610.0,1.9964952,5.234468,3.6366022,3.0689027,2.4104528,replica_01_seed20260931,False
620.0,1.972188,5.326145,3.615302,3.4585693,1.3053753,replica_01_seed20260931,False
630.0,1.7204101,5.2398562,3.7936034,3.790557,0.8587479,replica_01_seed20260931,False
640.0,1.8567944,5.2733274,3.8087645,3.547367,0.83175665,replica_01_seed20260931,False
650.0,1.747915,5.1896486,3.7840378,3.2087383,0.78785145,replica_01_seed20260931,False
660.0,1.6620356,5.2324533,3.779736,3.3967092,0.7106131,replica_01_seed20260931,False
670.0,1.6207967,5.316086,4.0596495,3.329917,0.70466226,replica_01_seed20260931,False
680.0,1.7138584,5.3014774,4.0334744,3.6666157,0.45191136,replica_01_seed20260931,False
690.0,1.5552628,5.3003697,4.0715466,4.14747,0.5577205,replica_01_seed20260931,False
700.0,1.6120234,5.2704296,4.019468,4.3133154,0.9130948,replica_01_seed20260931,False
710.0,1.4174674,5.3236814,3.9996576,3.6502404,0.3481617,replica_01_seed20260931,False
720.0,1.7582773,5.377583,3.94557,3.7222717,0.3939492,replica_01_seed20260931,False
730.0,1.6440481,5.196004,4.0438786,3.7626493,0.61209,replica_01_seed20260931,False
740.0,1.5754317,5.3395324,4.0196967,3.825536,0.55231065,replica_01_seed20260931,False
750.0,1.6834495,5.2982597,4.339076,3.728177,0.22522627,replica_01_seed20260931,False
760.0,1.3650723,5.3594823,4.3544884,3.9624093,0.23220992,replica_01_seed20260931,False
770.0,1.3312007,5.287422,4.447231,4.2977943,0.6785315,replica_01_seed20260931,False
780.0,1.2297995,5.26455,4.301502,3.9640646,0.5584205,replica_01_seed20260931,False
790.0,1.6031833,5.19968,4.316264,4.3901024,0.31795326,replica_01_seed20260931,False
800.0,1.6799866,5.250049,4.3163157,4.436738,0.58384115,replica_01_seed20260931,False
810.0,1.4650998,5.1944036,4.2054186,4.13737,0.46584934,replica_01_seed20260931,False
820.0,1.4942927,5.2777576,3.9803905,4.084071,0.44905987,replica_01_seed20260931,False
830.0,1.4375926,5.206475,3.9186227,3.8878963,0.4674928,replica_01_seed20260931,False
840.0,1.3584214,5.2093067,4.136934,4.198231,0.79594827,replica_01_seed20260931,False
850.0,1.3265036,5.1360373,4.038559,4.071123,0.54789805,replica_01_seed20260931,False
860.0,1.3749616,5.320683,4.088442,4.337469,0.75357646,replica_01_seed20260931,False
870.0,1.2966578,5.321782,4.129045,3.9906693,0.9001165,replica_01_seed20260931,False
880.0,1.5726901,5.2817307,3.99892,4.518323,0.44708338,replica_01_seed20260931,False
890.0,1.4658113,5.28043,4.0670877,4.58811,0.8841107,replica_01_seed20260931,False
900.0,1.4245378,5.2878284,3.9807959,4.3538723,0.53843844,replica_01_seed20260931,False
910.0,1.5879248,5.361581,4.022882,4.340118,0.72324646,replica_01_seed20260931,False
920.0,1.7638531,5.369885,3.9949896,4.197695,0.7225503,replica_01_seed20260931,False
930.0,1.604957,5.3833776,3.8699315,3.9075165,0.28273427,replica_01_seed20260931,False
940.0,1.794315,5.2189374,4.000597,4.0558605,0.35045034,replica_01_seed20260931,False
950.0,1.4897108,5.2051992,3.9942183,3.371891,1.0101011,replica_01_seed20260931,False
960.0,1.672964,5.2622037,4.039729,3.1948652,0.77050126,replica_01_seed20260931,False
970.0,1.3845794,5.2273693,3.9657,3.4905365,0.6038962,replica_01_seed20260931,False
980.0,1.6532216,5.290825,3.7789354,3.365414,0.8125608,replica_01_seed20260931,False
990.0,1.725577,5.275802,3.990737,3.6570454,0.55967385,replica_01_seed20260931,False
1000.0,1.840193,5.238604,3.9300356,3.5191088,0.70410186,replica_01_seed20260931,False
1010.0,1.6994133,5.271816,3.7227247,4.018694,0.45735723,replica_01_seed20260931,False
1020.0,1.6242459,5.3764505,3.810328,4.0891514,0.4771024,replica_01_seed20260931,False
1030.0,1.7067406,5.2465067,3.894826,3.8084707,0.543853,replica_01_seed20260931,False
1040.0,1.6310427,5.2780666,3.794661,3.7372468,0.5503152,replica_01_seed20260931,False
1050.0,1.6453065,5.3642597,3.811666,3.7623284,0.6892401,replica_01_seed20260931,False
1060.0,1.3425705,5.2611713,4.0441766,4.2388964,0.52043194,replica_01_seed20260931,False
1070.0,1.6358166,5.2762933,4.0731726,4.067918,0.5546582,replica_01_seed20260931,False
1080.0,1.6270461,5.345233,4.022646,4.0950794,0.32413664,replica_01_seed20260931,False
1090.0,1.494246,5.229266,3.9904094,3.9949603,0.45724714,replica_01_seed20260931,False
1100.0,1.7076883,5.292113,4.2294354,4.117351,0.46517566,replica_01_seed20260931,False
1110.0,1.729161,5.2396803,4.1774316,3.752594,0.5418044,replica_01_seed20260931,False
1120.0,1.6821856,5.3703113,4.424349,4.01559,0.6181157,replica_01_seed20260931,False
1130.0,1.6120431,5.185959,4.4457126,4.40055,0.4536246,replica_01_seed20260931,False
1140.0,1.4337943,5.1817265,4.5472174,4.263212,0.52622783,replica_01_seed20260931,False
1150.0,1.3998902,5.3079405,4.564709,3.9408472,0.3152649,replica_01_seed20260931,False
1160.0,1.5116103,5.0773544,4.615045,3.9949584,0.4096927,replica_01_seed20260931,False
1170.0,1.5850414,5.1185374,4.4062037,4.076162,0.39613262,replica_01_seed20260931,False
1180.0,1.5589294,5.3409934,4.7010713,4.050732,0.3385818,replica_01_seed20260931,False
1190.0,1.4676578,5.263209,4.467235,4.2082853,0.64554626,replica_01_seed20260931,False
1200.0,1.5205489,5.3216667,4.644616,3.8583817,0.62348056,replica_01_seed20260931,False
1210.0,1.4012271,5.2197647,4.6685047,3.7236962,0.6080251,replica_01_seed20260931,False
1220.0,1.4871202,5.243609,4.6518717,3.9698079,0.39555904,replica_01_seed20260931,False
1230.0,1.4213743,5.309494,4.7610483,4.0612993,0.53048235,replica_01_seed20260931,False
1240.0,1.2849054,5.216052,4.7486124,4.353983,0.87689257,replica_01_seed20260931,False
1250.0,1.3382137,5.1638794,4.741296,4.539324,0.6756956,replica_01_seed20260931,False
1260.0,1.5012014,5.0956545,4.945656,4.189811,0.932386,replica_01_seed20260931,False
1270.0,1.3631065,5.2400866,4.7145567,4.3466587,1.0536276,replica_01_seed20260931,False
1280.0,1.2389971,5.219283,4.712297,4.288957,0.69522256,replica_01_seed20260931,False
1290.0,1.1774607,5.267866,4.752437,4.693892,0.66801167,replica_01_seed20260931,False
1300.0,1.1399584,5.24804,4.736082,4.488391,0.6946749,replica_01_seed20260931,False
1310.0,1.2532574,5.1722836,4.5561395,4.125263,0.7022446,replica_01_seed20260931,False
1320.0,1.4411165,5.1599054,4.529193,4.50708,0.4698211,replica_01_seed20260931,False
1330.0,1.740046,5.190467,4.7036724,4.7333617,0.45148867,replica_01_seed20260931,False
1340.0,1.594393,5.204284,4.684084,4.24524,0.7212904,replica_01_seed20260931,False
1350.0,1.2469674,5.282955,4.6794014,4.2773724,0.20297639,replica_01_seed20260931,False
1360.0,1.2664576,5.2969313,4.751075,4.324113,0.30358478,replica_01_seed20260931,False
1370.0,1.4110556,5.3001304,4.8206053,4.254425,0.6102132,replica_01_seed20260931,False
1380.0,1.4097157,5.245365,4.6557612,4.4291463,0.54424393,replica_01_seed20260931,False
1390.0,1.6741958,5.179203,4.4230876,4.2809024,0.47140047,replica_01_seed20260931,False
1400.0,1.3728977,5.2073526,4.659158,4.4986973,0.6531322,replica_01_seed20260931,False
1410.0,1.4460382,5.253495,4.7244873,4.315024,0.5793636,replica_01_seed20260931,False
1420.0,1.5525532,5.1855288,4.663076,4.189639,0.71905935,replica_01_seed20260931,False
1430.0,1.5330145,5.107257,4.5453634,4.592385,0.34376773,replica_01_seed20260931,False
1440.0,1.5100764,5.2383585,4.5525465,4.0493283,0.52683365,replica_01_seed20260931,False
1450.0,1.6143389,5.31241,4.6499414,4.4642262,0.57507956,replica_01_seed20260931,False
1460.0,1.8864793,5.10448,4.5501547,4.2530904,0.9262084,replica_01_seed20260931,False
1470.0,1.8100624,5.315132,4.6889186,4.157774,0.7310021,replica_01_seed20260931,False
1480.0,1.672812,5.1622243,4.5673,3.68078,0.7629695,replica_01_seed20260931,False
1490.0,1.415616,5.3187046,4.5090666,3.6116292,0.81282026,replica_01_seed20260931,False
1500.0,1.5023857,5.2042427,4.5788507,3.631841,1.0349184,replica_01_seed20260931,False
1510.0,1.484648,5.3058853,4.4533978,3.8612523,0.800823,replica_01_seed20260931,False
1520.0,1.7524705,5.3634458,4.4005637,3.7740273,0.7238466,replica_01_seed20260931,False
1530.0,1.4794959,5.14883,4.3341928,3.8473308,0.4831056,replica_01_seed20260931,False
1540.0,1.8337129,5.29821,4.402948,3.8777642,0.58438134,replica_01_seed20260931,False
1550.0,1.7019479,5.1827245,4.309991,3.8116848,0.5850598,replica_01_seed20260931,False
1560.0,1.6396966,5.340955,4.663361,3.510213,0.65876746,replica_01_seed20260931,False
1570.0,1.5868814,5.2705536,4.6657667,3.3597112,1.1910486,replica_01_seed20260931,False
1580.0,1.4822266,5.236741,4.6985874,3.2777228,1.2472569,replica_01_seed20260931,False
1590.0,1.3832827,5.2326612,4.466202,2.90429,1.7534838,replica_01_seed20260931,False
1600.0,1.4278399,5.2777834,4.5256777,3.0483963,1.6401916,replica_01_seed20260931,False
1610.0,1.5142682,5.2909746,4.5734024,2.9760695,1.4522514,replica_01_seed20260931,False
1620.0,1.8178759,5.3239493,4.5275345,3.6485198,0.74752057,replica_01_seed20260931,False
1630.0,1.6677456,5.157036,4.3358226,3.0400152,1.2296281,replica_01_seed20260931,False
1640.0,1.7391158,5.3137307,4.3629417,3.7350826,0.36374494,replica_01_seed20260931,False
1650.0,1.7349956,5.1119356,4.297716,3.9877853,0.8939216,replica_01_seed20260931,False
1660.0,1.7292391,5.1816363,4.1005216,3.5496497,0.75936323,replica_01_seed20260931,False
1670.0,1.6734674,5.342593,4.1525702,4.5800805,0.40191725,replica_01_seed20260931,False
1680.0,1.6517903,5.2459693,3.9949145,3.9339435,0.3402418,replica_01_seed20260931,False
1690.0,1.6599216,5.228824,4.107178,4.33932,0.48173928,replica_01_seed20260931,False
1700.0,1.676795,5.280225,3.933988,4.187086,0.3778882,replica_01_seed20260931,False
1710.0,1.9153168,5.308049,4.082099,4.2988663,0.6902181,replica_01_seed20260931,False
1720.0,1.8440335,5.240712,4.186717,4.1967564,0.470874,replica_01_seed20260931,False
1730.0,1.8188967,5.24585,4.130314,4.214102,0.44621348,replica_01_seed20260931,False
1740.0,1.8128754,5.186419,4.156322,3.9601045,0.22531754,replica_01_seed20260931,False
1750.0,1.5853202,5.214205,4.2301536,4.045773,0.20185748,replica_01_seed20260931,False
1760.0,1.8179047,5.3100867,4.29343,4.357577,0.51054466,replica_01_seed20260931,False
1770.0,1.9135517,5.291922,4.1994762,4.249021,0.49202186,replica_01_seed20260931,False
1780.0,1.87714,5.335866,4.303401,3.6401424,0.53546256,replica_01_seed20260931,False
1790.0,1.9394507,5.2826624,4.049737,3.83995,0.2719363,replica_01_seed20260931,False
1800.0,1.8525693,5.266888,4.0335293,4.1069307,0.17520623,replica_01_seed20260931,False
1810.0,1.7087128,5.319674,4.034676,4.070122,0.85396063,replica_01_seed20260931,False
1820.0,1.744376,5.3527384,3.9501405,4.1090918,0.35401642,replica_01_seed20260931,False
1830.0,1.8182456,5.2369947,3.9916694,3.8901095,0.92703426,replica_01_seed20260931,False
1840.0,1.7314942,5.417433,4.0206017,4.034587,0.2573482,replica_01_seed20260931,False
1850.0,1.7856466,5.345216,3.9509993,4.1755896,0.68781745,replica_01_seed20260931,False
1860.0,1.5564233,5.397542,3.8116753,4.2431803,0.38709623,replica_01_seed20260931,False
1870.0,1.5998656,5.2356024,3.8407345,4.332276,0.6891191,replica_01_seed20260931,False
1880.0,1.3211739,5.2514725,3.850547,3.810874,1.0167537,replica_01_seed20260931,False
1890.0,1.684534,5.219987,3.668141,3.6328416,0.7107735,replica_01_seed20260931,False
1900.0,2.0921388,5.1606207,3.6573002,3.6035986,0.34847108,replica_01_seed20260931,False
1910.0,1.7372156,5.196755,3.7219813,3.5826921,1.0331268,replica_01_seed20260931,False
1920.0,1.8693771,5.287342,3.4888747,3.7443228,0.96484625,replica_01_seed20260931,False
1930.0,1.6054451,5.184099,3.5225143,3.7477784,0.52665955,replica_01_seed20260931,False
1940.0,1.5249372,5.2828784,3.4126287,4.1360703,0.31290796,replica_01_seed20260931,False
1950.0,1.7168763,5.2483945,3.5377345,3.877691,0.2702018,replica_01_seed20260931,False
1960.0,2.0343642,5.228515,3.50935,4.0585904,0.47000107,replica_01_seed20260931,False
1970.0,1.9414772,5.2930326,3.4954572,3.878501,0.25389886,replica_01_seed20260931,False
1980.0,1.8781095,5.4000587,3.5497293,3.8323078,0.3446937,replica_01_seed20260931,False
1990.0,1.7638848,5.2021475,3.6426506,3.6154099,0.6878006,replica_01_seed20260931,False
2000.0,1.7963238,5.244521,3.58465,3.6429489,0.69594514,replica_01_seed20260931,False
2010.0,1.8587544,5.2616305,3.5500777,3.7836008,0.7616984,replica_01_seed20260931,True
2020.0,1.9897367,5.2786446,3.712525,4.267653,0.7959927,replica_01_seed20260931,True
2030.0,2.012286,5.376807,3.7766986,4.2794094,0.34540486,replica_01_seed20260931,True
2040.0,1.8830123,5.238141,3.9463863,4.2485437,0.3907411,replica_01_seed20260931,True
2050.0,2.1537051,5.309519,3.7087579,4.146826,0.6835726,replica_01_seed20260931,True
2060.0,2.0488365,5.2721586,3.5476267,3.9580274,0.70240325,replica_01_seed20260931,True
2070.0,2.1258333,5.351576,3.55538,4.1830482,0.47656703,replica_01_seed20260931,True
2080.0,1.9556259,5.3063173,3.6933699,4.0886154,0.5687609,replica_01_seed20260931,True
2090.0,1.927958,5.2395105,3.9423208,4.0526323,0.40282074,replica_01_seed20260931,True
2100.0,1.7098947,5.3279643,3.9953508,4.124968,0.3303701,replica_01_seed20260931,True
2110.0,1.7561624,5.1284366,4.0022116,3.9174583,0.6225985,replica_01_seed20260931,True
2120.0,1.7769306,5.2715545,4.059921,4.227514,0.61194724,replica_01_seed20260931,True
2130.0,2.081485,5.2625847,4.025754,4.479253,0.16023305,replica_01_seed20260931,True
2140.0,1.6620729,5.2753067,4.2763224,3.8892565,0.5153502,replica_01_seed20260931,True
2150.0,1.9083215,5.378006,4.313402,4.5128546,0.40031436,replica_01_seed20260931,True
2160.0,1.8935158,5.2972264,4.4210544,3.9538848,0.916029,replica_01_seed20260931,True
2170.0,1.8810564,5.2794075,4.343655,3.9136295,0.67534214,replica_01_seed20260931,True
2180.0,1.942687,5.187407,4.182131,3.9463582,0.8361391,replica_01_seed20260931,True
2190.0,1.9443104,5.102152,4.1446733,3.6592653,1.1798711,replica_01_seed20260931,True
2200.0,2.0457263,5.2531586,4.215391,4.0280347,0.9823693,replica_01_seed20260931,True
2210.0,2.0478628,5.314928,4.2531576,4.035648,0.49311355,replica_01_seed20260931,True
2220.0,1.744292,5.2194586,4.1454587,4.094514,0.31288746,replica_01_seed20260931,True
2230.0,1.8825109,5.3419113,4.0575542,4.1301675,0.593521,replica_01_seed20260931,True
2240.0,1.6309899,5.2935843,4.063588,3.8315854,0.39493883,replica_01_seed20260931,True
2250.0,1.8996221,5.224062,4.1126385,3.848575,0.08961771,replica_01_seed20260931,True
2260.0,1.7998102,5.2678137,4.1015673,3.9840431,0.31403232,replica_01_seed20260931,True
2270.0,2.0351064,5.3257284,4.1345587,4.063941,0.4061797,replica_01_seed20260931,True
2280.0,1.9064449,5.2003593,4.074047,3.7630355,0.70601135,replica_01_seed20260931,True
2290.0,1.8771638,5.333483,3.9428144,3.8748384,0.32429278,replica_01_seed20260931,True
2300.0,2.181262,5.2919793,3.9416475,3.9034402,0.39126858,replica_01_seed20260931,True
2310.0,1.9514234,5.2658234,3.892508,4.1456256,0.39481896,replica_01_seed20260931,True
2320.0,2.176851,5.238985,3.8915923,3.9245834,0.41819102,replica_01_seed20260931,True
2330.0,2.2641997,5.1875405,3.816892,3.9620016,0.56575763,replica_01_seed20260931,True
2340.0,2.058826,5.250733,4.0146203,4.4406548,0.34192306,replica_01_seed20260931,True
2350.0,1.8655403,5.2563787,3.9014807,4.114867,0.42379573,replica_01_seed20260931,True
2360.0,1.8546736,5.3067036,3.7433233,4.4825597,0.28589764,replica_01_seed20260931,True
2370.0,1.919744,5.3048973,3.516673,4.309192,0.4759153,replica_01_seed20260931,True
2380.0,1.5804149,5.3250985,3.5903726,4.2374887,0.52033466,replica_01_seed20260931,True
2390.0,1.608202,5.2951365,3.7107644,4.169721,0.5011483,replica_01_seed20260931,True
2400.0,1.7835634,5.185708,3.7816188,4.368374,0.4304886,replica_01_seed20260931,True
2410.0,2.0747843,5.171091,3.9049432,4.396506,0.6136293,replica_01_seed20260931,True
2420.0,2.0292144,5.2084627,3.8148918,4.0500546,0.9585846,replica_01_seed20260931,True
2430.0,1.8164439,5.2176647,3.8389423,4.5388536,0.4274059,replica_01_seed20260931,True
2440.0,1.8895942,5.3269815,3.8854556,4.13945,0.19095165,replica_01_seed20260931,True
2450.0,1.921094,5.3120823,3.9602447,4.364584,0.3300549,replica_01_seed20260931,True
2460.0,2.097784,5.1751776,4.1556783,4.553816,0.5135525,replica_01_seed20260931,True
2470.0,1.9257464,5.217473,4.241355,4.4152956,0.24528724,replica_01_seed20260931,True
2480.0,2.0077248,5.266726,4.300716,4.2216673,0.25263453,replica_01_seed20260931,True
2490.0,2.095334,5.2363615,4.29182,4.340925,0.25389048,replica_01_seed20260931,True
2500.0,2.0387957,5.2920246,4.4212255,4.2404175,0.58742714,replica_01_seed20260931,True
2510.0,2.0526342,5.2515516,4.330639,4.695013,0.7569713,replica_01_seed20260931,True
2520.0,2.153382,5.371772,4.127917,4.7723627,0.1761007,replica_01_seed20260931,True
2530.0,2.153063,5.302002,4.0728264,4.464163,0.6121483,replica_01_seed20260931,True
2540.0,2.0213256,5.277719,4.0453596,4.4989386,0.45443076,replica_01_seed20260931,True
2550.0,2.064999,5.2297397,3.8839417,4.582824,0.42916054,replica_01_seed20260931,True
2560.0,2.0601242,5.2084866,4.139444,4.3991675,0.56719357,replica_01_seed20260931,True
2570.0,2.097187,5.1985126,4.120235,4.119176,0.31787184,replica_01_seed20260931,True
2580.0,2.115635,5.354176,4.2870255,4.2763686,0.44430256,replica_01_seed20260931,True
2590.0,2.171362,5.2741566,4.357222,4.3032002,0.5146017,replica_01_seed20260931,True
2600.0,2.2999647,5.2460527,4.4984775,4.071275,0.4688818,replica_01_seed20260931,True
2610.0,2.4392548,5.2719812,4.584231,4.5604343,0.24693274,replica_01_seed20260931,True
2620.0,2.200387,5.3637924,4.734723,4.0260673,0.16008131,replica_01_seed20260931,True
2630.0,2.295876,5.373981,4.9630756,4.3845334,0.26722592,replica_01_seed20260931,True
2640.0,2.244976,5.322548,4.909274,4.1187615,0.27680147,replica_01_seed20260931,True
2650.0,2.1801605,5.217669,4.834869,4.209185,0.27321717,replica_01_seed20260931,True
2660.0,2.1089025,5.395658,4.885358,4.3137536,0.4762356,replica_01_seed20260931,True
2670.0,2.2397547,5.232079,4.911502,4.369703,0.7608339,replica_01_seed20260931,True
2680.0,2.2128563,5.277231,4.9286366,4.1951585,0.5538149,replica_01_seed20260931,True
2690.0,2.254148,5.2311993,4.9320774,4.21585,0.45417133,replica_01_seed20260931,True
2700.0,2.4093053,5.2666655,5.0154877,4.0221076,0.39688945,replica_01_seed20260931,True
2710.0,2.2577772,5.1928453,4.9733152,3.844046,0.52533853,replica_01_seed20260931,True
2720.0,2.0103316,5.2775292,5.0821295,3.8399932,0.53096336,replica_01_seed20260931,True
2730.0,2.256783,5.3615084,4.852318,4.161724,0.5130532,replica_01_seed20260931,True
2740.0,2.154828,5.2678614,4.750763,3.769864,0.30575427,replica_01_seed20260931,True
2750.0,2.2205057,5.254343,4.83771,3.6617744,0.5557595,replica_01_seed20260931,True
2760.0,2.2998085,5.392649,4.945714,3.6602116,0.5000835,replica_01_seed20260931,True
2770.0,2.1866736,5.2378206,4.9049606,3.7037632,0.46746236,replica_01_seed20260931,True
2780.0,2.2967482,5.235884,5.021351,3.7514877,0.4802788,replica_01_seed20260931,True
2790.0,1.9598306,5.29716,5.0968413,3.6156268,0.42713943,replica_01_seed20260931,True
2800.0,2.1852746,5.282771,5.0098267,3.7732837,0.21472304,replica_01_seed20260931,True
2810.0,2.282543,5.242734,5.04868,4.0551558,0.48665816,replica_01_seed20260931,True
2820.0,2.3533218,5.2397375,5.0855103,4.0297937,0.42033386,replica_01_seed20260931,True
2830.0,2.1626012,5.3055425,4.849616,3.8344102,0.87097317,replica_01_seed20260931,True
2840.0,1.9123635,5.3327436,4.9894657,3.7842016,0.41691807,replica_01_seed20260931,True
2850.0,1.9822831,5.1964636,4.988266,3.803423,0.45226556,replica_01_seed20260931,True
2860.0,1.7117863,5.265279,5.1718903,3.6924453,0.43518957,replica_01_seed20260931,True
2870.0,1.8074191,5.27186,5.150964,3.851808,0.2886715,replica_01_seed20260931,True
2880.0,1.7086877,5.2323656,5.0420876,3.4874752,0.80842376,replica_01_seed20260931,True
2890.0,1.7209958,5.311084,4.795486,3.5438294,0.83088696,replica_01_seed20260931,True
2900.0,1.4225,5.321005,4.861538,3.6138449,0.5839081,replica_01_seed20260931,True
2910.0,1.6183491,5.2346044,5.0105104,3.595902,1.0371506,replica_01_seed20260931,True
2920.0,1.942219,5.312371,4.992096,3.72361,0.95923257,replica_01_seed20260931,True
2930.0,1.557187,5.3680544,5.014412,3.691735,0.49081233,replica_01_seed20260931,True
2940.0,1.9392984,5.311661,4.944331,3.7166595,0.8820852,replica_01_seed20260931,True
2950.0,1.7609059,5.2767057,4.847886,3.6107275,0.96053755,replica_01_seed20260931,True
2960.0,1.9101198,5.2885222,4.9105115,3.7479897,0.6676025,replica_01_seed20260931,True
2970.0,1.9334383,5.3662786,4.848502,3.8092935,0.34006864,replica_01_seed20260931,True
2980.0,1.9286455,5.305685,4.7823734,3.8153372,0.51500577,replica_01_seed20260931,True
2990.0,1.8797116,5.314378,4.851983,4.028806,0.22458299,replica_01_seed20260931,True
3000.0,1.7101829,5.297127,4.759404,3.7682626,0.44781846,replica_01_seed20260931,True
3010.0,1.7534931,5.3287086,4.8091636,4.167361,0.40957534,replica_01_seed20260931,True
3020.0,1.6255429,5.261986,4.9741673,3.403758,0.7014305,replica_01_seed20260931,True
3030.0,1.8861085,5.2667437,5.0655084,4.210184,0.42075866,replica_01_seed20260931,True
3040.0,1.870343,5.2448606,5.2705426,3.8800213,0.3444841,replica_01_seed20260931,True
3050.0,1.7263018,5.2720356,5.371371,3.7575135,0.3269226,replica_01_seed20260931,True
3060.0,1.7296298,5.378231,5.268547,3.763139,0.20995522,replica_01_seed20260931,True
3070.0,1.9364235,5.2216673,5.399365,3.7548985,0.698383,replica_01_seed20260931,True
3080.0,1.9163738,5.305572,5.531716,4.046938,0.26186475,replica_01_seed20260931,True
3090.0,1.8384905,5.287855,5.4539723,3.9598994,0.30963597,replica_01_seed20260931,True
3100.0,2.006556,5.3536267,5.3980546,3.9786437,0.36509123,replica_01_seed20260931,True
3110.0,1.559859,5.178011,5.5374293,3.6536405,0.08153474,replica_01_seed20260931,True
3120.0,1.6779691,5.260594,5.475909,3.5721493,0.22971153,replica_01_seed20260931,True
3130.0,1.7653971,5.2717714,5.5037413,3.8940213,0.33723292,replica_01_seed20260931,True
3140.0,1.7510648,5.3616924,5.3318195,3.3266635,0.7918644,replica_01_seed20260931,True
3150.0,1.9610784,5.323009,5.1292562,3.66058,1.3736153,replica_01_seed20260931,True
3160.0,1.7435337,5.242352,4.940724,3.7348576,1.1526425,replica_01_seed20260931,True
3170.0,1.7090197,5.4017467,4.9396544,3.2050397,0.84476984,replica_01_seed20260931,True
3180.0,1.7644029,5.316433,4.9199286,3.595103,0.7442453,replica_01_seed20260931,True
3190.0,2.017813,5.2751646,4.9500966,3.6128054,1.1680081,replica_01_seed20260931,True
3200.0,1.9221907,5.2678194,4.8367414,3.3195782,1.3490434,replica_01_seed20260931,True
3210.0,2.0461318,5.37317,4.859316,3.8081546,1.1240035,replica_01_seed20260931,True
3220.0,2.0207813,5.329302,4.9762797,3.4288368,0.9928226,replica_01_seed20260931,True
3230.0,2.0249608,5.1748543,5.019243,3.6755662,1.2063123,replica_01_seed20260931,True
3240.0,1.8028703,5.264604,4.9710455,3.7509391,0.6931794,replica_01_seed20260931,True
3250.0,2.05514,5.3423505,4.8960667,3.9003282,0.62129927,replica_01_seed20260931,True
3260.0,2.2874677,5.222232,4.6036096,4.057583,0.32383698,replica_01_seed20260931,True
3270.0,2.0365806,5.278973,4.638069,3.7256327,0.33181283,replica_01_seed20260931,True
3280.0,2.1010041,5.2359266,4.63436,3.592485,0.088052824,replica_01_seed20260931,True
3290.0,2.0888243,5.244882,4.598575,3.8199844,0.45416766,replica_01_seed20260931,True
3300.0,2.1872034,5.234743,4.691713,4.1121526,0.49745235,replica_01_seed20260931,True
3310.0,2.1274416,5.2788157,4.769401,3.961635,0.7738269,replica_01_seed20260931,True
3320.0,2.1577554,5.3276944,4.7838364,4.2113395,0.9057282,replica_01_seed20260931,True
3330.0,2.2320118,5.295704,4.969056,3.9152122,0.9754338,replica_01_seed20260931,True
3340.0,2.1402788,5.2928977,4.8464837,3.9994445,0.4231649,replica_01_seed20260931,True
3350.0,2.3438077,5.231094,4.8769126,4.0964117,0.36823705,replica_01_seed20260931,True
3360.0,2.2311165,5.174486,5.128417,4.1788096,0.63605756,replica_01_seed20260931,True
3370.0,2.1334438,5.3026505,5.024448,3.9006453,0.38655308,replica_01_seed20260931,True
3380.0,1.9706498,5.2933807,5.1515627,4.137823,0.39719373,replica_01_seed20260931,True
3390.0,2.193269,5.273242,5.211518,4.473768,0.54368323,replica_01_seed20260931,True
3400.0,2.318175,5.2827907,5.0889244,4.449677,0.61362386,replica_01_seed20260931,True
3410.0,2.2932792,5.305808,5.14579,4.3284373,0.19846223,replica_01_seed20260931,True
3420.0,2.0555353,5.2257404,5.1956387,4.233584,0.46779066,replica_01_seed20260931,True
3430.0,2.3162017,5.2679033,5.2714353,4.390798,0.29401132,replica_01_seed20260931,True
3440.0,2.1686842,5.292688,5.195437,4.1995616,0.55156225,replica_01_seed20260931,True
3450.0,2.025434,5.311428,5.1925087,4.1902776,0.85335374,replica_01_seed20260931,True
3460.0,2.1056538,5.3287125,5.0118666,4.2605643,0.5492611,replica_01_seed20260931,True
3470.0,2.0991626,5.338338,4.938965,4.2800426,0.6065493,replica_01_seed20260931,True
3480.0,2.2871418,5.1759357,4.9259086,4.378768,0.8181583,replica_01_seed20260931,True
3490.0,2.1272035,5.3514147,4.829385,4.3913097,0.24286613,replica_01_seed20260931,True
3500.0,2.1809158,5.3118725,4.9427614,4.099553,0.5867652,replica_01_seed20260931,True
3510.0,2.12206,5.2239437,4.6697593,4.000121,0.6066595,replica_01_seed20260931,True
3520.0,2.0704892,5.226103,4.7988167,4.272904,0.5140426,replica_01_seed20260931,True
3530.0,2.1238127,5.3369327,4.892852,4.2404885,0.6778919,replica_01_seed20260931,True
3540.0,2.2944806,5.2390747,4.8355174,4.5702453,0.5834786,replica_01_seed20260931,True
3550.0,2.102379,5.318997,4.8585157,4.4620843,0.4343133,replica_01_seed20260931,True
3560.0,2.0862136,5.2092495,4.888082,4.1390667,0.52664036,replica_01_seed20260931,True
3570.0,1.8225467,5.115828,4.5635786,3.7708356,0.4478814,replica_01_seed20260931,True
3580.0,2.0068703,5.1188383,4.603334,4.225949,0.45729387,replica_01_seed20260931,True
3590.0,1.9266326,5.183492,4.6923075,3.7719588,0.84242874,replica_01_seed20260931,True
3600.0,1.8918874,5.1463866,4.5102634,4.1852865,0.63445324,replica_01_seed20260931,True
3610.0,1.8706785,5.2505355,4.506464,3.9391637,0.57713735,replica_01_seed20260931,True
3620.0,1.8778994,5.283477,4.385788,3.9456058,0.67237175,replica_01_seed20260931,True
3630.0,2.400103,5.278244,4.4937387,4.299885,0.71667016,replica_01_seed20260931,True
3640.0,2.1510794,5.1832314,4.512554,4.0753417,0.44221354,replica_01_seed20260931,True
3650.0,2.3552256,5.285472,4.600379,4.477788,0.8519536,replica_01_seed20260931,True
3660.0,2.4145765,5.351954,4.4678206,4.157311,0.51131624,replica_01_seed20260931,True
3670.0,2.2456641,5.3575764,4.3261366,4.445798,0.21084851,replica_01_seed20260931,True
3680.0,2.1941702,5.27957,4.359188,4.2681284,0.21951036,replica_01_seed20260931,True
3690.0,2.0604572,5.2221365,4.4386063,4.1118126,0.6812942,replica_01_seed20260931,True
3700.0,2.0456378,5.295333,4.2204266,4.1772566,0.5450342,replica_01_seed20260931,True
3710.0,2.0474327,5.2321024,4.39303,4.250281,0.31384403,replica_01_seed20260931,True
3720.0,1.8411515,5.2775726,4.300856,4.0331187,0.6810505,replica_01_seed20260931,True
3730.0,2.1391973,5.2576356,4.3277154,4.0487733,0.23402172,replica_01_seed20260931,True
3740.0,2.0858257,5.2739964,4.337025,4.3843455,0.68509704,replica_01_seed20260931,True
3750.0,2.1899211,5.265704,4.172254,4.330861,0.5032368,replica_01_seed20260931,True
3760.0,2.0811408,5.2566237,4.2437487,4.2219806,0.31060648,replica_01_seed20260931,True
3770.0,1.9024882,5.3119698,4.0506516,4.1805286,0.49284,replica_01_seed20260931,True
3780.0,2.2001493,5.27917,4.1785274,4.084173,0.6445539,replica_01_seed20260931,True
3790.0,2.0827775,5.2750597,4.110895,4.292349,0.7314932,replica_01_seed20260931,True
3800.0,2.145748,5.2519455,4.121589,4.1910453,0.46673802,replica_01_seed20260931,True
3810.0,2.1757994,5.3019834,4.3090854,4.7700047,0.21970639,replica_01_seed20260931,True
3820.0,2.0889316,5.267807,4.301159,4.3293223,0.63214415,replica_01_seed20260931,True
3830.0,2.127981,5.2224727,4.113673,4.1738234,0.3395728,replica_01_seed20260931,True
3840.0,2.0474527,5.3237705,4.013611,4.355893,0.29413748,replica_01_seed20260931,True
3850.0,2.0044231,5.3393784,4.215086,4.1435633,0.5146371,replica_01_seed20260931,True
3860.0,2.013315,5.264402,4.3747406,4.396185,0.60181236,replica_01_seed20260931,True
3870.0,1.9769719,5.278542,4.320207,4.402688,0.44400442,replica_01_seed20260931,True
3880.0,2.0196247,5.309579,4.4394655,4.3465385,0.42734817,replica_01_seed20260931,True
3890.0,2.0372548,5.244074,4.2835608,4.4274035,0.59701884,replica_01_seed20260931,True
3900.0,1.9934636,5.2861624,4.265524,4.4875183,0.6323975,replica_01_seed20260931,True
3910.0,2.0401773,5.304471,4.29097,4.7346864,0.7477001,replica_01_seed20260931,True
3920.0,2.2356834,5.3283663,4.285956,4.602934,0.29467025,replica_01_seed20260931,True
3930.0,2.0352712,5.3011613,4.3978043,4.1350913,0.7338996,replica_01_seed20260931,True
3940.0,2.3413177,5.2382517,4.3787284,4.431259,0.2544371,replica_01_seed20260931,True
3950.0,2.027392,5.37811,4.3472886,4.1790633,0.8118615,replica_01_seed20260931,True
3960.0,2.0554757,5.2821693,4.5370097,4.100021,0.3574303,replica_01_seed20260931,True
3970.0,2.116962,5.29591,4.432577,4.2701497,0.6234369,replica_01_seed20260931,True
3980.0,2.2789435,5.1475325,4.4057655,4.484558,0.6750182,replica_01_seed20260931,True
3990.0,2.3777905,5.3404856,4.6382103,4.31513,0.42511916,replica_01_seed20260931,True
4000.0,2.063369,5.2268267,4.551015,4.5125604,0.71569294,replica_01_seed20260931,True
4010.0,2.1945903,5.322938,4.5129004,4.4862337,0.43342173,replica_01_seed20260931,True
4020.0,2.1773825,5.225212,4.4629736,4.173195,0.7565104,replica_01_seed20260931,True
4030.0,2.2740169,5.3060427,4.487344,4.125232,0.82827896,replica_01_seed20260931,True
4040.0,2.3041074,5.3010345,4.515185,4.2289505,0.46414924,replica_01_seed20260931,True
4050.0,2.349713,5.227359,4.374426,4.289889,0.5616795,replica_01_seed20260931,True
4060.0,2.0624244,5.2996407,4.4980865,4.3921385,0.5365649,replica_01_seed20260931,True
4070.0,1.8930063,5.364249,4.3796387,4.1760817,0.5982025,replica_01_seed20260931,True
4080.0,2.073392,5.2900705,4.4488983,4.190609,0.45555353,replica_01_seed20260931,True
4090.0,2.233931,5.214057,4.4574656,3.8053048,0.74572736,replica_01_seed20260931,True
4100.0,2.2574427,5.2666645,4.4880476,4.152201,0.48746467,replica_01_seed20260931,True
4110.0,2.119931,5.342373,4.397326,4.3101616,0.26680866,replica_01_seed20260931,True
4120.0,2.030425,5.2854223,4.2924776,3.6411774,0.34602553,replica_01_seed20260931,True
4130.0,2.0164342,5.3111944,4.2607694,4.03197,0.62156487,replica_01_seed20260931,True
4140.0,1.9460785,5.297255,4.2515793,4.5737367,0.54768366,replica_01_seed20260931,True
4150.0,1.7174752,5.2060122,4.111201,4.718475,1.4152532,replica_01_seed20260931,True
4160.0,2.0127115,5.3417945,3.9895496,4.695552,1.2356076,replica_01_seed20260931,True
4170.0,2.037945,5.33509,4.0221243,5.0593424,1.2281349,replica_01_seed20260931,True
4180.0,1.9928879,5.334201,3.8884022,4.7418523,1.4525694,replica_01_seed20260931,True
4190.0,1.9327912,5.3176713,3.9690053,5.077245,1.1136018,replica_01_seed20260931,True
4200.0,2.0715566,5.2757096,3.8446069,5.0247097,0.88700736,replica_01_seed20260931,True
4210.0,1.9492939,5.306335,3.864727,4.773688,1.0824153,replica_01_seed20260931,True
4220.0,1.9488691,5.3197403,3.9433208,4.7661653,1.1020995,replica_01_seed20260931,True
4230.0,1.9039379,5.258609,3.9500985,4.685847,0.77523714,replica_01_seed20260931,True
4240.0,1.9918149,5.24664,3.9277716,5.0208383,0.76247215,replica_01_seed20260931,True
4250.0,1.8960828,5.2213216,3.903636,4.6082997,0.60277754,replica_01_seed20260931,True
4260.0,1.9897557,5.2251854,3.9157116,5.3768754,1.1464741,replica_01_seed20260931,True
4270.0,1.9377587,5.350582,3.9769218,5.363344,1.2932341,replica_01_seed20260931,True
4280.0,2.0239463,5.3281927,3.9887648,5.5989075,1.2802224,replica_01_seed20260931,True
4290.0,1.80758,5.3761272,4.1407256,5.7515817,1.2981604,replica_01_seed20260931,True
4300.0,1.9886547,5.1809983,4.1650944,4.8284574,0.93269944,replica_01_seed20260931,True
4310.0,2.0936613,5.311444,4.205141,5.71455,1.4544036,replica_01_seed20260931,True
4320.0,2.23453,5.2551117,4.12877,5.9802985,1.7445658,replica_01_seed20260931,True
4330.0,1.9406912,5.3057985,4.1015387,5.3839912,1.6139817,replica_01_seed20260931,True
4340.0,2.0113275,5.368974,4.0696297,5.65882,1.3025707,replica_01_seed20260931,True
4350.0,1.9117992,5.297248,4.124829,5.5199175,1.0557673,replica_01_seed20260931,True
4360.0,1.9993553,5.264842,3.9458408,5.784319,1.2219583,replica_01_seed20260931,True
4370.0,2.0018253,5.3752985,4.0081544,5.657258,1.3369447,replica_01_seed20260931,True
4380.0,2.0245266,5.3544664,4.114764,5.4477286,1.295151,replica_01_seed20260931,True
4390.0,1.8626677,5.3130054,4.117565,5.7598324,1.2017261,replica_01_seed20260931,True
4400.0,1.8914254,5.2540064,4.2594166,5.193554,1.3236709,replica_01_seed20260931,True
4410.0,1.9593455,5.341506,4.3054314,5.2808523,1.2738175,replica_01_seed20260931,True
4420.0,1.9638896,5.374556,4.3526864,5.0987983,1.4526186,replica_01_seed20260931,True
4430.0,1.9593059,5.32796,4.430738,5.2019653,0.9254405,replica_01_seed20260931,True
4440.0,2.0763717,5.277179,4.6499777,5.0129704,1.128792,replica_01_seed20260931,True
4450.0,1.831622,5.247862,4.6304784,5.007748,1.2828661,replica_01_seed20260931,True
4460.0,1.8158567,5.4169946,4.426858,5.4118304,1.2008706,replica_01_seed20260931,True
4470.0,1.8914825,5.2296686,4.3945794,5.080108,1.1108685,replica_01_seed20260931,True
4480.0,1.8453319,5.2646503,4.338736,5.503206,1.9292294,replica_01_seed20260931,True
4490.0,1.9993918,5.18906,4.1446447,4.882161,1.1190802,replica_01_seed20260931,True
4500.0,2.0347276,5.2560287,3.9786122,5.020015,1.0319175,replica_01_seed20260931,True
4510.0,2.081485,5.2896504,4.230139,5.403719,0.9747985,replica_01_seed20260931,True
4520.0,1.9479611,5.202447,4.238539,5.4425006,1.3969857,replica_01_seed20260931,True
4530.0,1.9536588,5.272951,4.3156238,4.953347,1.2073057,replica_01_seed20260931,True
4540.0,1.8636256,5.268715,4.3368716,4.972488,1.5399156,replica_01_seed20260931,True
4550.0,1.9158727,5.2628574,4.1887617,5.370632,1.5752275,replica_01_seed20260931,True
4560.0,2.077753,5.1744204,4.2077155,5.137343,1.0053937,replica_01_seed20260931,True
4570.0,1.8763398,5.0363297,4.302197,5.034091,0.89366543,replica_01_seed20260931,True
4580.0,2.1274962,5.051293,4.3378296,4.7443185,0.9015591,replica_01_seed20260931,True
4590.0,1.7485287,5.2004867,4.1306267,4.58974,1.0632702,replica_01_seed20260931,True
4600.0,1.7288826,5.280886,3.980616,4.7374516,1.2208807,replica_01_seed20260931,True
4610.0,1.9991748,5.320921,3.9018202,5.0076003,1.4582567,replica_01_seed20260931,True
4620.0,2.077053,5.351282,3.905387,5.1015253,1.4744241,replica_01_seed20260931,True
4630.0,2.0125616,5.2320333,3.9205256,4.992405,0.8329815,replica_01_seed20260931,True
4640.0,1.9405593,5.286119,4.0021005,5.2356195,1.278761,replica_01_seed20260931,True
4650.0,2.005992,5.3922744,4.075385,5.0751286,1.1984129,replica_01_seed20260931,True
4660.0,1.9944649,5.158412,3.9833846,5.07471,0.995458,replica_01_seed20260931,True
4670.0,2.078183,5.144747,4.0298214,5.163904,1.1748799,replica_01_seed20260931,True
4680.0,2.1657028,5.0285807,4.216612,4.650584,1.0262556,replica_01_seed20260931,True
4690.0,2.0909007,5.216706,4.20878,4.7864075,0.8961758,replica_01_seed20260931,True
4700.0,2.1209536,5.272095,4.2070956,5.1351266,1.0047712,replica_01_seed20260931,True
4710.0,2.0131476,5.261662,4.1823096,5.0058312,1.3769002,replica_01_seed20260931,True
4720.0,2.1884944,5.3027115,4.268919,4.75478,0.45259598,replica_01_seed20260931,True
4730.0,1.8654346,5.3290787,4.081679,5.106576,1.7889941,replica_01_seed20260931,True
4740.0,1.8445264,5.260538,4.1173496,4.9723153,1.1378443,replica_01_seed20260931,True
4750.0,1.8962076,5.280842,4.1042395,4.450282,1.1291664,replica_01_seed20260931,True
4760.0,1.9711328,5.309043,4.028472,4.7127795,1.2299182,replica_01_seed20260931,True
4770.0,1.9474746,5.282274,4.0439773,4.940569,1.197006,replica_01_seed20260931,True
4780.0,1.761209,5.2625985,3.9680564,4.7090693,0.7081008,replica_01_seed20260931,True
4790.0,2.143389,5.130062,3.9391894,5.1432247,0.78990763,replica_01_seed20260931,True
4800.0,1.8965538,5.2971754,4.050872,4.9057465,1.3121654,replica_01_seed20260931,True
4810.0,1.8928719,5.1784425,3.9299192,5.02567,1.611377,replica_01_seed20260931,True
4820.0,2.1079679,5.179863,3.89354,4.7331305,1.4883249,replica_01_seed20260931,True
4830.0,1.8351104,5.1891494,3.9801316,4.4788275,1.0527318,replica_01_seed20260931,True
4840.0,1.9417253,5.287562,3.837125,4.9980373,1.2745528,replica_01_seed20260931,True
4850.0,1.8296362,5.291499,3.9018803,5.3781195,1.4671896,replica_01_seed20260931,True
4860.0,1.9116087,5.2592487,3.7889245,4.9600935,1.4251509,replica_01_seed20260931,True
4870.0,1.9535416,5.1537414,3.9450457,4.877305,1.6016932,replica_01_seed20260931,True
4880.0,1.9456302,5.108971,3.98485,4.906318,1.3249164,replica_01_seed20260931,True
4890.0,1.9505663,5.2972593,4.128698,5.3048916,1.6917127,replica_01_seed20260931,True
4900.0,1.7519969,5.319231,4.069519,5.2764025,1.6452636,replica_01_seed20260931,True
4910.0,1.9194037,5.184629,4.1234937,5.0918436,1.3880008,replica_01_seed20260931,True
4920.0,1.8622179,5.303555,4.238273,5.0064683,1.1753764,replica_01_seed20260931,True
4930.0,2.06145,5.1979265,4.3028584,4.5476413,1.2553024,replica_01_seed20260931,True
4940.0,2.0705314,5.2851334,4.4989467,4.670618,0.79870945,replica_01_seed20260931,True
4950.0,1.9730179,5.248819,4.6156435,4.2834864,0.47509193,replica_01_seed20260931,True
4960.0,2.06052,5.2814107,4.6685715,4.5821457,0.44466498,replica_01_seed20260931,True
4970.0,1.6214674,5.3329153,4.5871205,5.573919,1.1915953,replica_01_seed20260931,True
4980.0,1.8637383,5.3367987,4.4374666,5.2632217,0.7370424,replica_01_seed20260931,True
4990.0,2.0249968,5.2787657,4.272781,5.316702,1.3336751,replica_01_seed20260931,True
5000.0,1.9826367,5.1732783,4.231176,4.9070125,0.9242856,replica_01_seed20260931,True
5010.0,2.001827,5.2017903,4.1098843,4.667161,1.0341729,replica_01_seed20260931,True
5020.0,1.9820192,5.256231,4.0817175,4.7233744,1.1084579,replica_01_seed20260931,True
5030.0,1.9792186,5.319553,4.151738,4.208924,0.49964187,replica_01_seed20260931,True
5040.0,2.1137853,5.261004,4.2298837,4.8266616,0.91452295,replica_01_seed20260931,True
5050.0,2.195185,5.2742424,4.263538,4.544695,0.78806406,replica_01_seed20260931,True
5060.0,2.0985765,5.267939,4.3120203,4.8344555,1.1741943,replica_01_seed20260931,True
5070.0,1.9736995,5.273874,4.4141493,4.7112455,1.4691919,replica_01_seed20260931,True
5080.0,2.1171536,5.083111,4.296615,4.6111436,1.1842649,replica_01_seed20260931,True
5090.0,2.2587597,4.9707894,4.311704,5.070059,1.15814,replica_01_seed20260931,True
5100.0,2.066534,5.211807,4.41102,4.7947598,0.84136045,replica_01_seed20260931,True
5110.0,2.2209795,5.1533055,4.567787,5.094583,0.96442044,replica_01_seed20260931,True
5120.0,1.8602409,5.277801,4.4608593,4.8199835,1.0984362,replica_01_seed20260931,True
5130.0,2.0143719,5.2752833,4.5750947,5.049822,1.1701901,replica_01_seed20260931,True
5140.0,1.9807607,5.242774,4.6649017,4.7501583,1.0849078,replica_01_seed20260931,True
5150.0,1.8658282,5.3852205,4.5565343,5.301152,1.1232024,replica_01_seed20260931,True
5160.0,1.9249868,5.3038735,4.592785,4.7732706,0.802444,replica_01_seed20260931,True
5170.0,2.0007753,5.336178,4.7791014,5.0775123,0.76170063,replica_01_seed20260931,True
5180.0,2.0148995,5.2061176,4.8470826,5.0550356,1.1255614,replica_01_seed20260931,True
5190.0,1.898297,5.3424892,4.8871393,4.9230714,1.1586072,replica_01_seed20260931,True
5200.0,2.1171498,5.372838,4.9262114,4.840279,0.7958894,replica_01_seed20260931,True
5210.0,1.958531,5.2908554,4.8713493,5.051747,1.2050472,replica_01_seed20260931,True
5220.0,1.9454969,5.2362404,5.001293,5.1893616,1.2684327,replica_01_seed20260931,True
5230.0,1.9926614,5.2559733,5.2277417,5.355454,1.1325812,replica_01_seed20260931,True
5240.0,2.134847,5.294938,5.0693645,4.455613,0.4197085,replica_01_seed20260931,True
5250.0,2.189178,5.27466,5.058183,3.9725504,0.5698748,replica_01_seed20260931,True
5260.0,2.2462509,5.268914,5.169711,4.7065883,0.22686587,replica_01_seed20260931,True
5270.0,2.1917386,5.230267,5.024863,4.7536354,0.57324356,replica_01_seed20260931,True
5280.0,2.1565056,5.250657,4.9916596,4.508688,0.3158809,replica_01_seed20260931,True
5290.0,2.157969,5.284069,5.031324,4.7001886,0.23861527,replica_01_seed20260931,True
5300.0,2.1192164,5.19081,5.1580005,4.4895144,0.29800662,replica_01_seed20260931,True
5310.0,2.1926455,5.291896,5.051174,4.657051,0.3120149,replica_01_seed20260931,True
5320.0,2.2925858,5.3199296,5.0427456,4.601429,0.38920897,replica_01_seed20260931,True
5330.0,2.1471188,5.206542,5.033562,4.3590665,0.44389677,replica_01_seed20260931,True
5340.0,2.1959372,5.2823534,5.2405252,4.8502502,0.5517266,replica_01_seed20260931,True
5350.0,2.083275,5.3072267,5.258837,4.4525585,0.3075117,replica_01_seed20260931,True
5360.0,2.0381947,5.201655,5.1675177,4.262666,0.2314339,replica_01_seed20260931,True
5370.0,2.2122736,5.3260617,5.0170655,4.5875278,0.2875383,replica_01_seed20260931,True
5380.0,2.1569104,5.3064256,4.898363,4.4635587,0.49554867,replica_01_seed20260931,True
5390.0,2.3225906,5.245326,4.826253,4.367102,0.2667577,replica_01_seed20260931,True
5400.0,2.2081258,5.3150177,4.9627247,4.2849073,0.4990456,replica_01_seed20260931,True
5410.0,2.1099522,5.2228565,5.272643,4.6554227,0.2671175,replica_01_seed20260931,True
5420.0,2.1243515,5.3496747,5.244604,4.3216677,0.52861345,replica_01_seed20260931,True
5430.0,2.1549249,5.3201528,5.2177525,4.385605,0.42496797,replica_01_seed20260931,True
5440.0,2.3057928,5.239305,5.187193,4.3011775,0.5233543,replica_01_seed20260931,True
5450.0,2.2374516,5.298652,5.228303,4.579933,0.22919989,replica_01_seed20260931,True
5460.0,2.1757255,5.396882,5.3821306,4.165537,0.3491156,replica_01_seed20260931,True
5470.0,2.2506564,5.283841,5.344841,4.5819054,0.26701498,replica_01_seed20260931,True
5480.0,2.2186654,5.3120465,5.18611,4.5453067,0.43266642,replica_01_seed20260931,True
5490.0,2.2373924,5.2317505,5.2629604,4.866971,0.63212633,replica_01_seed20260931,True
5500.0,2.1670551,5.3101873,5.4048133,4.6057973,0.23435043,replica_01_seed20260931,True
5510.0,2.2323081,5.2091413,5.266014,4.6654086,0.6036119,replica_01_seed20260931,True
5520.0,2.1358557,5.34999,5.232837,4.4091897,0.110007584,replica_01_seed20260931,True
5530.0,1.9336317,5.361332,5.188468,4.2832394,0.30530292,replica_01_seed20260931,True
5540.0,2.2036958,5.248091,5.12536,4.571838,0.25044894,replica_01_seed20260931,True
5550.0,2.164126,5.2738643,5.125895,4.6330605,0.10638082,replica_01_seed20260931,True
5560.0,2.3001657,5.299621,5.074929,4.4542904,0.5084353,replica_01_seed20260931,True
5570.0,2.1709235,5.2550554,4.984629,4.226471,0.26955143,replica_01_seed20260931,True
5580.0,2.2918649,5.143613,4.9329667,4.41004,0.19555837,replica_01_seed20260931,True
5590.0,2.0237734,5.294907,4.9471455,4.2417765,0.33826143,replica_01_seed20260931,True
5600.0,1.9694371,5.2310224,4.789674,4.2792416,0.13838416,replica_01_seed20260931,True
5610.0,2.33754,5.2913756,4.9924126,4.542056,0.33963606,replica_01_seed20260931,True
5620.0,2.240272,5.2839565,4.7579613,4.3300714,0.32640907,replica_01_seed20260931,True
5630.0,2.0793314,5.3373265,4.6799574,4.4101777,0.1129412,replica_01_seed20260931,True
5640.0,2.0120933,5.298191,4.747418,4.795653,0.79071665,replica_01_seed20260931,True
5650.0,2.1309404,5.210883,4.473732,4.5205555,0.24105175,replica_01_seed20260931,True
5660.0,2.0025256,5.2998614,4.612601,4.54955,0.13329497,replica_01_seed20260931,True
5670.0,1.8554637,5.301395,4.401308,4.405194,0.4696909,replica_01_seed20260931,True
5680.0,2.0739393,5.244799,4.4397454,4.6273565,0.088595085,replica_01_seed20260931,True
5690.0,1.9531828,5.2650023,4.4021535,4.6971707,0.14044558,replica_01_seed20260931,True
5700.0,1.9296061,5.239812,4.4502587,4.7516255,0.31479895,replica_01_seed20260931,True
5710.0,2.0595925,5.290356,4.39009,4.2919507,0.35536432,replica_01_seed20260931,True
5720.0,2.1992402,5.3265285,4.4853706,4.3566475,0.69003886,replica_01_seed20260931,True
5730.0,2.192263,5.357911,4.4270062,4.5616274,0.27026257,replica_01_seed20260931,True
5740.0,2.2645526,5.3146386,4.4918184,4.6208305,0.32292742,replica_01_seed20260931,True
5750.0,2.4517617,5.33434,4.687916,5.029256,0.37304705,replica_01_seed20260931,True
5760.0,2.5569036,5.2163773,4.674784,5.210191,0.53820986,replica_01_seed20260931,True
5770.0,2.583178,5.306504,4.638677,5.0794654,0.5858664,replica_01_seed20260931,True
5780.0,2.5468419,5.1581097,4.6243587,4.8991766,0.67758137,replica_01_seed20260931,True
5790.0,2.4423182,5.270952,4.842891,5.121808,0.72441214,replica_01_seed20260931,True
5800.0,2.632995,5.236808,4.8132963,5.01039,0.58749926,replica_01_seed20260931,True
5810.0,2.5732362,5.1774483,4.9157867,4.9729686,0.44592145,replica_01_seed20260931,True
5820.0,2.5520725,5.1870165,5.0947666,4.8751206,0.26818153,replica_01_seed20260931,True
5830.0,2.5717256,5.2442474,5.227394,4.749132,0.62554926,replica_01_seed20260931,True
5840.0,2.5112402,5.2478213,5.1041384,4.994168,0.56876755,replica_01_seed20260931,True
5850.0,2.4646685,5.24211,5.2451305,4.7497544,0.32400754,replica_01_seed20260931,True
5860.0,2.5632536,5.2608223,5.246174,4.82734,0.4817678,replica_01_seed20260931,True
5870.0,2.5028417,5.2837133,5.0106554,4.8510227,0.31319726,replica_01_seed20260931,True
5880.0,2.536099,5.2147527,4.9215736,4.7087073,0.35829675,replica_01_seed20260931,True
5890.0,2.3896375,5.2237473,5.209956,4.616415,0.47737992,replica_01_seed20260931,True
5900.0,2.3347974,5.286804,5.1095076,4.8441286,0.23410292,replica_01_seed20260931,True
5910.0,2.2682571,5.3410177,5.0827885,4.717785,0.41913077,replica_01_seed20260931,True
5920.0,2.0502672,5.3064246,5.036339,4.8500686,0.49975687,replica_01_seed20260931,True
5930.0,1.8020582,5.333653,4.9636555,4.400015,0.22103283,replica_01_seed20260931,True
5940.0,2.0895271,5.270466,4.8981786,4.725376,0.16312626,replica_01_seed20260931,True
5950.0,2.0482018,5.268611,5.027507,5.1103506,0.6982017,replica_01_seed20260931,True
5960.0,2.223548,5.257401,4.914157,4.675184,0.07325596,replica_01_seed20260931,True
5970.0,2.023409,5.2735825,4.7785325,4.6891317,0.44018954,replica_01_seed20260931,True
5980.0,2.1465538,5.2648935,4.7098355,4.7743545,0.35196677,replica_01_seed20260931,True
5990.0,2.0034046,5.2696013,4.926633,4.937221,0.23212272,replica_01_seed20260931,True
6000.0,2.1528947,5.2077494,4.838824,4.2559166,0.48350346,replica_01_seed20260931,True
6010.0,1.8029735,5.301912,4.742897,4.528187,0.38942012,replica_01_seed20260931,True
6020.0,1.8660021,5.2833757,4.61858,4.9151297,0.36515203,replica_01_seed20260931,True
6030.0,1.934842,5.314308,4.5459995,5.031173,0.36964774,replica_01_seed20260931,True
6040.0,1.9873891,5.3770375,4.40886,4.9543195,0.3021067,replica_01_seed20260931,True
6050.0,2.0266862,5.3143377,4.4209538,4.692895,0.44141412,replica_01_seed20260931,True
6060.0,2.0611498,5.289681,4.58269,4.607881,0.502343,replica_01_seed20260931,True
6070.0,1.995115,5.291231,4.694701,5.0285664,0.44132346,replica_01_seed20260931,True
6080.0,2.0791624,5.2489824,4.961318,5.122705,0.14253221,replica_01_seed20260931,True
6090.0,2.1856296,5.364139,4.824881,4.921187,0.17618196,replica_01_seed20260931,True
6100.0,1.9362686,5.3140407,4.7119546,5.2017493,0.4391545,replica_01_seed20260931,True
6110.0,2.047455,5.2754235,4.7624664,5.0467544,0.77513725,replica_01_seed20260931,True
6120.0,2.0444548,5.2065363,4.9164896,5.2716565,0.16122729,replica_01_seed20260931,True
6130.0,2.075198,5.3401084,4.8909087,5.142885,0.1368457,replica_01_seed20260931,True
6140.0,2.0782318,5.322297,5.169981,5.055093,0.20591171,replica_01_seed20260931,True
6150.0,2.2587352,5.3247128,5.062349,5.136557,0.36188626,replica_01_seed20260931,True
6160.0,1.9588223,5.3476315,4.869783,4.71442,0.26653227,replica_01_seed20260931,True
6170.0,2.0637133,5.298444,4.912001,4.890102,0.122545846,replica_01_seed20260931,True
6180.0,2.0890996,5.3224564,4.9589725,4.6433396,0.3216879,replica_01_seed20260931,True
6190.0,2.103982,5.3048487,4.9559636,4.953478,0.42632625,replica_01_seed20260931,True
6200.0,2.281329,5.213883,4.985703,4.5884004,0.3281178,replica_01_seed20260931,True
6210.0,1.9628971,5.3284984,5.102568,4.7952576,0.077998705,replica_01_seed20260931,True
6220.0,2.126982,5.247193,5.094495,5.278408,0.45682585,replica_01_seed20260931,True
6230.0,2.140117,5.2560444,5.187624,5.124461,0.40326554,replica_01_seed20260931,True
6240.0,2.023882,5.283293,5.2672725,5.1069903,0.46563837,replica_01_seed20260931,True
6250.0,2.147657,5.299204,5.232934,4.673534,0.30490488,replica_01_seed20260931,True
6260.0,2.21773,5.2835917,5.2104216,4.714037,0.40779138,replica_01_seed20260931,True
6270.0,2.0504107,5.3374763,5.1329556,4.847309,0.31795478,replica_01_seed20260931,True
6280.0,2.160905,5.230131,5.121352,5.0651617,0.29589167,replica_01_seed20260931,True
6290.0,2.022257,5.3488727,5.1000357,4.92593,0.2376188,replica_01_seed20260931,True
6300.0,2.0801315,5.343713,5.1448765,5.0882764,0.21779186,replica_01_seed20260931,True
6310.0,2.1732607,5.3284287,5.1153083,4.8964224,0.52896404,replica_01_seed20260931,True
6320.0,2.0364938,5.403572,5.185184,4.8771453,0.25731125,replica_01_seed20260931,True
6330.0,2.0264287,5.312657,4.959435,4.8175826,0.516583,replica_01_seed20260931,True
6340.0,2.1878037,5.3285503,4.858408,4.7687297,0.2331777,replica_01_seed20260931,True
6350.0,1.9697897,5.2726192,4.878435,4.6070943,0.31475112,replica_01_seed20260931,True
6360.0,2.1285725,5.3594227,4.856134,4.56978,0.33387792,replica_01_seed20260931,True
6370.0,2.1163073,5.264831,4.806261,4.609793,0.51297975,replica_01_seed20260931,True
6380.0,2.1780438,5.2502985,4.754374,4.835175,0.20727706,replica_01_seed20260931,True
6390.0,2.3024926,5.347448,4.8671856,4.9389253,0.13919441,replica_01_seed20260931,True
6400.0,2.2715328,5.3281875,4.976493,5.1325107,0.32358938,replica_01_seed20260931,True
6410.0,2.2712648,5.2711873,4.8106503,5.0640993,0.09082616,replica_01_seed20260931,True
6420.0,2.2866526,5.1620493,4.8548903,5.2275295,0.37896252,replica_01_seed20260931,True
6430.0,2.372139,5.2517076,4.65401,5.1287265,0.25965714,replica_01_seed20260931,True
6440.0,2.3330042,5.219729,4.6061735,5.022902,0.47543004,replica_01_seed20260931,True
6450.0,2.4222367,5.172708,4.728118,4.4902983,0.42768532,replica_01_seed20260931,True
6460.0,2.1813698,5.2655244,4.8041134,4.8035746,0.40810585,replica_01_seed20260931,True
6470.0,2.3338768,5.2645116,4.7477717,4.7703295,0.41532987,replica_01_seed20260931,True
6480.0,2.2513766,5.3503323,4.848529,4.9201183,0.32320666,replica_01_seed20260931,True
6490.0,2.3337617,5.269965,4.913482,5.249404,0.4595798,replica_01_seed20260931,True
6500.0,2.5089269,5.26161,4.8823586,5.2774916,0.5192797,replica_01_seed20260931,True
6510.0,2.1041973,5.3318143,4.8272915,4.6429176,0.47514158,replica_01_seed20260931,True
6520.0,2.1612124,5.278059,4.946942,4.73057,0.34613386,replica_01_seed20260931,True
6530.0,2.059918,5.3119683,5.031559,5.0527334,0.41108555,replica_01_seed20260931,True
6540.0,2.2686803,5.3063936,5.14071,5.0449753,0.34911856,replica_01_seed20260931,True
6550.0,2.2540162,5.3196316,5.157511,4.8392,0.4215984,replica_01_seed20260931,True
6560.0,2.1778045,5.191931,5.1380568,5.0386047,0.46020076,replica_01_seed20260931,True
6570.0,2.2041335,5.273416,5.053139,4.620214,0.39442167,replica_01_seed20260931,True
6580.0,2.1092596,5.3144307,4.9782834,4.672282,0.2441797,replica_01_seed20260931,True
6590.0,1.978094,5.3717785,4.858328,4.5078564,0.53672904,replica_01_seed20260931,True
6600.0,1.841109,5.3682847,4.8824463,4.32576,1.0291772,replica_01_seed20260931,True
6610.0,2.0264664,5.295901,4.717131,4.472007,0.52444977,replica_01_seed20260931,True
6620.0,1.9462535,5.344305,4.774526,4.7215223,0.5701407,replica_01_seed20260931,True
6630.0,2.0328012,5.185516,4.8421345,4.413715,0.60220367,replica_01_seed20260931,True
6640.0,2.055031,5.119868,4.9858174,4.4214687,0.35140282,replica_01_seed20260931,True
6650.0,2.0332108,5.3564405,5.042494,4.636336,0.34134358,replica_01_seed20260931,True
6660.0,2.2153997,5.1953645,4.9632773,4.62028,0.277543,replica_01_seed20260931,True
6670.0,1.9778055,5.224838,5.0180125,4.5840445,0.6203473,replica_01_seed20260931,True
6680.0,2.2385368,5.260932,5.067257,5.0557094,0.6661067,replica_01_seed20260931,True
6690.0,2.1385307,5.297905,4.8954535,4.9110737,0.9994322,replica_01_seed20260931,True
6700.0,2.1516902,5.2839494,4.994439,4.704133,0.68281525,replica_01_seed20260931,True
6710.0,1.8882991,5.3721275,5.1109476,4.9530663,0.057517745,replica_01_seed20260931,True
6720.0,2.0346556,5.1925445,5.0187426,5.0045767,0.37060323,replica_01_seed20260931,True
6730.0,2.3368611,5.135698,5.165937,4.8217974,0.46873656,replica_01_seed20260931,True
6740.0,2.0225565,5.2360363,5.194903,4.435294,0.34151736,replica_01_seed20260931,True
6750.0,1.6779256,5.319364,5.2043943,4.370616,0.38612482,replica_01_seed20260931,True
6760.0,2.084857,5.293326,5.2071686,4.989832,0.19458038,replica_01_seed20260931,True
6770.0,1.9566789,5.301696,5.2150507,4.583276,0.5330251,replica_01_seed20260931,True
6780.0,1.8088914,5.302805,5.214634,4.217743,0.80882883,replica_01_seed20260931,True
6790.0,1.7892213,5.206576,5.216832,4.55534,0.670758,replica_01_seed20260931,True
6800.0,1.7690458,5.3242326,5.443382,4.472175,0.22081785,replica_01_seed20260931,True
6810.0,1.6509299,5.2763557,5.2673554,4.363815,0.24720176,replica_01_seed20260931,True
6820.0,1.8349546,5.2741127,5.093887,4.311051,0.4206953,replica_01_seed20260931,True
6830.0,1.7811556,5.25402,5.1061153,4.586505,0.08718402,replica_01_seed20260931,True
6840.0,1.7504829,5.243058,5.2206554,4.4863234,0.49334043,replica_01_seed20260931,True
6850.0,1.8023986,5.3000646,5.3407097,4.9179735,0.8345788,replica_01_seed20260931,True
6860.0,1.9689916,5.30338,5.2145724,4.9693284,0.48089623,replica_01_seed20260931,True
6870.0,1.9137046,5.319045,5.0867224,4.588822,0.2880235,replica_01_seed20260931,True
6880.0,1.8211454,5.3252687,4.991679,4.3275647,0.4612309,replica_01_seed20260931,True
6890.0,1.9962085,5.3013945,4.77975,4.6303897,1.4725065,replica_01_seed20260931,True
6900.0,1.9595556,5.3186455,4.735498,4.3405995,0.4023722,replica_01_seed20260931,True
6910.0,2.1714344,5.274846,4.6087637,4.348397,0.7805989,replica_01_seed20260931,True
6920.0,2.0231616,5.282314,4.671932,4.4400506,0.5196953,replica_01_seed20260931,True
6930.0,2.0370183,5.3010364,4.4743285,4.166748,0.37616408,replica_01_seed20260931,True
6940.0,1.881178,5.239818,4.357337,4.043499,0.36041555,replica_01_seed20260931,True
6950.0,2.0500681,5.2187805,4.3296547,4.334807,0.42091286,replica_01_seed20260931,True
6960.0,1.8754246,5.2830505,4.4754324,4.602067,0.72433615,replica_01_seed20260931,True
6970.0,1.8310118,5.2942796,4.2460995,4.2320867,0.29799455,replica_01_seed20260931,True
6980.0,1.8472587,5.2507086,4.209527,4.4916744,0.269329,replica_01_seed20260931,True
6990.0,1.8068315,5.342887,4.3708553,4.8860726,0.43149725,replica_01_seed20260931,True
7000.0,1.6850246,5.2901273,4.5364656,4.6511817,0.36832067,replica_01_seed20260931,True
7010.0,1.7955487,5.2429414,4.5248756,4.5588846,0.15098314,replica_01_seed20260931,True
7020.0,2.1008315,5.279593,4.6212354,4.256192,0.60552025,replica_01_seed20260931,True
7030.0,2.1829846,5.275997,4.5741,4.440408,0.8226621,replica_01_seed20260931,True
7040.0,1.885538,5.273424,4.575736,4.745622,0.6872941,replica_01_seed20260931,True
7050.0,1.9756489,5.238737,4.568548,4.72776,0.38192916,replica_01_seed20260931,True
7060.0,2.1457288,5.343113,4.640496,4.342431,0.41474742,replica_01_seed20260931,True
7070.0,2.020543,5.178111,4.5771413,4.499387,0.5148183,replica_01_seed20260931,True
7080.0,1.9275639,5.2055273,4.5984616,4.1579504,0.62178206,replica_01_seed20260931,True
7090.0,2.0895572,5.210605,4.5316696,4.1386952,0.9532825,replica_01_seed20260931,True
7100.0,2.2303643,5.320788,4.409353,4.69016,0.31102723,replica_01_seed20260931,True
7110.0,2.1410131,5.1987514,4.433413,4.9558597,0.5799409,replica_01_seed20260931,True
7120.0,2.2131135,5.2229643,4.436155,5.0312395,0.59048283,replica_01_seed20260931,True
7130.0,2.047792,5.334057,4.529832,4.736471,0.26338872,replica_01_seed20260931,True
7140.0,2.2666237,5.205868,4.5238013,4.8019576,0.2609132,replica_01_seed20260931,True
7150.0,2.2840931,5.337071,4.4060383,5.1036196,0.66687703,replica_01_seed20260931,True
7160.0,2.1430233,5.3421216,4.2740993,4.578685,0.046564296,replica_01_seed20260931,True
7170.0,2.1024501,5.272894,4.281711,4.710379,0.2694631,replica_01_seed20260931,True
7180.0,2.1809516,5.274583,4.2547975,4.72479,0.3108948,replica_01_seed20260931,True
7190.0,1.9925648,5.261451,4.2484984,4.7381954,0.18430305,replica_01_seed20260931,True
7200.0,1.8820853,5.252122,4.349787,4.7871094,0.2019417,replica_01_seed20260931,True
7210.0,2.0353851,5.411953,4.5198174,4.789902,0.64362204,replica_01_seed20260931,True
7220.0,2.2580895,5.3028736,4.4091067,4.9484086,0.55551976,replica_01_seed20260931,True
7230.0,2.100277,5.2780027,4.552439,4.7390795,0.2635846,replica_01_seed20260931,True
7240.0,2.143819,5.2911844,4.5678425,4.589961,0.52336806,replica_01_seed20260931,True
7250.0,2.073884,5.2520437,4.458669,4.59303,0.4762447,replica_01_seed20260931,True
7260.0,1.9366205,5.2761407,4.4576354,4.251948,0.37141266,replica_01_seed20260931,True
7270.0,1.9980757,5.3089952,4.427129,4.8917603,0.4702684,replica_01_seed20260931,True
7280.0,1.9232984,5.328802,4.5985622,4.9093685,0.36349094,replica_01_seed20260931,True
7290.0,1.7367792,5.1930075,4.6716676,4.879604,0.6891074,replica_01_seed20260931,True
7300.0,1.6688222,5.2508616,4.6130037,4.776415,0.29448956,replica_01_seed20260931,True
7310.0,1.9299717,5.190015,4.6364527,4.583863,0.19839762,replica_01_seed20260931,True
7320.0,2.033797,5.263415,4.808184,4.67767,0.30235332,replica_01_seed20260931,True
7330.0,1.7841213,5.309313,4.6806498,4.5568757,0.31844866,replica_01_seed20260931,True
7340.0,2.0298605,5.3356886,4.6458216,4.5430846,0.5201416,replica_01_seed20260931,True
7350.0,2.1162517,5.296862,4.6067486,4.8420024,0.4709615,replica_01_seed20260931,True
7360.0,2.1046686,4.9465594,4.7306743,4.9188604,0.41737956,replica_01_seed20260931,True
7370.0,2.075567,5.3365235,4.5176964,4.8167896,0.847378,replica_01_seed20260931,True
7380.0,2.0799909,5.353394,4.434133,5.1557374,0.5515171,replica_01_seed20260931,True
7390.0,1.9691441,5.284264,4.4284334,4.9054284,0.7701472,replica_01_seed20260931,True
7400.0,1.9840794,5.2599297,4.3496923,5.031376,0.69410384,replica_01_seed20260931,True
7410.0,1.8219334,5.2507467,4.353844,4.8241053,0.79283667,replica_01_seed20260931,True
7420.0,1.9151318,5.1851444,4.3286552,4.113092,0.2756676,replica_01_seed20260931,True
7430.0,2.2507813,5.22367,4.207898,4.841599,0.6812217,replica_01_seed20260931,True
7440.0,2.0729809,5.197334,4.2990413,4.736054,0.2952108,replica_01_seed20260931,True
7450.0,1.8500607,5.366779,4.3586817,5.2405834,0.78870344,replica_01_seed20260931,True
7460.0,1.9390656,5.3126802,4.4594994,5.034826,0.58615553,replica_01_seed20260931,True
7470.0,1.6062587,5.2359047,4.4463215,4.7078304,0.26634824,replica_01_seed20260931,True
7480.0,1.9962317,5.2316875,4.4738107,5.112652,0.42584673,replica_01_seed20260931,True
7490.0,1.8449323,5.222843,4.61019,4.933525,0.29902774,replica_01_seed20260931,True
7500.0,2.2195644,5.267228,4.711004,5.031884,0.6303061,replica_01_seed20260931,True
7510.0,2.311019,5.317633,4.6480937,5.261287,0.15663712,replica_01_seed20260931,True
7520.0,2.0503683,5.2939897,4.697255,4.6536,0.26809055,replica_01_seed20260931,True
7530.0,2.0159934,5.284994,4.747945,4.6784267,0.28752658,replica_01_seed20260931,True
7540.0,2.049958,5.294693,4.6479187,4.425964,0.11655736,replica_01_seed20260931,True
7550.0,2.101418,5.2194853,4.7841554,4.5530357,0.6854861,replica_01_seed20260931,True
7560.0,1.990365,5.2768607,4.69086,4.881662,0.6988313,replica_01_seed20260931,True
7570.0,1.9953699,5.288329,4.6535788,4.3950887,0.3347065,replica_01_seed20260931,True
7580.0,1.9260353,5.2660317,4.557927,4.045543,0.5736305,replica_01_seed20260931,True
7590.0,2.1676755,5.2844424,4.61499,4.1758633,0.37145966,replica_01_seed20260931,True
7600.0,1.8893478,5.3415627,4.7075663,4.4524064,0.80304515,replica_01_seed20260931,True
7610.0,1.8786018,5.2710156,4.7665076,4.1132455,0.56095505,replica_01_seed20260931,True
7620.0,2.042216,5.2654295,4.7261467,4.302718,0.22126092,replica_01_seed20260931,True
7630.0,1.9044613,5.3267574,4.572398,4.326227,0.25917035,replica_01_seed20260931,True
7640.0,1.9286141,5.265481,4.579932,3.993728,0.5789051,replica_01_seed20260931,True
7650.0,1.9970524,5.3508515,4.8391657,4.3689594,0.66796774,replica_01_seed20260931,True
7660.0,2.2463775,5.186678,4.8815756,4.4522614,0.47040734,replica_01_seed20260931,True
7670.0,2.2897174,5.213756,4.8058453,4.3638916,0.5748201,replica_01_seed20260931,True
7680.0,2.150358,5.1820555,4.611859,4.011559,0.21842274,replica_01_seed20260931,True
7690.0,1.9768755,5.2191358,4.6291685,4.262808,0.89632106,replica_01_seed20260931,True
7700.0,1.7510803,5.2581267,4.637832,4.0379376,1.3079488,replica_01_seed20260931,True
7710.0,1.8096759,5.2408385,4.4845343,3.9465604,0.9749829,replica_01_seed20260931,True
7720.0,2.1014655,5.191333,4.332175,4.013508,0.31665075,replica_01_seed20260931,True
7730.0,1.7347335,5.305523,4.444509,4.6200185,0.67210853,replica_01_seed20260931,True
7740.0,1.53679,5.373349,4.437047,4.562495,0.9838762,replica_01_seed20260931,True
7750.0,1.7224369,5.2641172,4.3551393,5.264234,1.4695878,replica_01_seed20260931,True
7760.0,1.7839224,5.3366494,3.9796705,5.1360364,1.1466476,replica_01_seed20260931,True
7770.0,2.1913962,5.166967,4.0852933,5.147324,0.9515842,replica_01_seed20260931,True
7780.0,1.7862964,5.2038975,4.1504655,4.605921,0.5897645,replica_01_seed20260931,True
7790.0,1.97296,5.2489038,4.113775,4.5582504,0.37999046,replica_01_seed20260931,True
7800.0,2.2500424,5.2975035,4.255583,5.0581098,1.0439692,replica_01_seed20260931,True
7810.0,2.4999359,5.2356977,4.337344,4.3923326,0.6116993,replica_01_seed20260931,True
7820.0,2.029567,5.2119904,4.2743397,4.5552325,0.31939146,replica_01_seed20260931,True
7830.0,2.0185385,5.345759,4.2877016,4.4558487,0.02328013,replica_01_seed20260931,True
7840.0,2.0568788,5.3022814,4.4065566,4.491477,0.24376927,replica_01_seed20260931,True
7850.0,2.0378125,5.3461933,4.463242,4.8159018,0.40431613,replica_01_seed20260931,True
7860.0,1.877379,5.247175,4.4532948,4.930764,0.69817775,replica_01_seed20260931,True
7870.0,1.9361223,5.2512436,4.5431547,4.882475,0.40247232,replica_01_seed20260931,True
7880.0,1.6375588,5.2690306,4.397994,5.069498,0.96088797,replica_01_seed20260931,True
7890.0,1.8840849,5.146021,4.4429245,5.1218653,0.7785033,replica_01_seed20260931,True
7900.0,1.4401157,5.1925397,4.351043,4.6766467,0.87398624,replica_01_seed20260931,True
7910.0,1.5214278,5.2752686,4.428703,4.646052,0.5576777,replica_01_seed20260931,True
7920.0,2.152098,5.248148,4.4272466,4.7289257,0.5613537,replica_01_seed20260931,True
7930.0,2.0366898,5.3115053,4.4365535,4.5734234,0.27920866,replica_01_seed20260931,True
7940.0,2.124798,5.2718167,4.2888627,4.3932133,0.25131497,replica_01_seed20260931,True
7950.0,2.0869608,5.3048115,4.1184607,4.3266687,0.27256963,replica_01_seed20260931,True
7960.0,2.3154144,5.2504396,4.172793,4.6991043,0.61289185,replica_01_seed20260931,True
7970.0,2.189209,5.250793,4.255968,4.3498173,0.30635947,replica_01_seed20260931,True
7980.0,2.1747656,5.3212147,4.32647,4.2126017,0.37169653,replica_01_seed20260931,True
7990.0,1.988131,5.289011,4.411484,4.550603,0.33356425,replica_01_seed20260931,True
8000.0,1.9907596,5.225585,4.446479,4.3223658,0.36593583,replica_01_seed20260931,True
8010.0,2.1069179,5.301008,4.202369,4.578371,0.12308358,replica_01_seed20260931,True
8020.0,2.2224562,5.318155,4.264409,4.8689523,0.28218126,replica_01_seed20260931,True
8030.0,2.2408204,5.2836704,4.338601,4.565672,0.5042567,replica_01_seed20260931,True
8040.0,2.3205216,5.2529836,4.272806,4.975143,0.3275903,replica_01_seed20260931,True
8050.0,2.2482326,5.2931743,4.3230276,4.7201486,0.43812323,replica_01_seed20260931,True
8060.0,1.914618,5.321241,4.386793,4.8978987,0.5635294,replica_01_seed20260931,True
8070.0,2.225557,5.3224707,4.4715953,4.7976427,0.40139008,replica_01_seed20260931,True
8080.0,2.1668305,5.2587156,4.337829,4.5193524,0.79503953,replica_01_seed20260931,True
8090.0,2.1959898,5.1675014,4.4007025,4.7265453,0.5508138,replica_01_seed20260931,True
8100.0,2.0192769,5.2720747,4.1527486,4.3515487,0.42624506,replica_01_seed20260931,True
8110.0,2.045805,5.25574,4.265249,4.551504,0.47579977,replica_01_seed20260931,True
8120.0,2.2420046,5.2982283,4.380254,4.861019,0.30036044,replica_01_seed20260931,True
8130.0,2.0687127,5.3031116,4.4334683,4.577989,0.55472887,replica_01_seed20260931,True
8140.0,2.1225858,5.278029,4.32234,4.503362,0.86605835,replica_01_seed20260931,True
8150.0,2.2574134,5.356818,4.367076,4.8517227,0.3974197,replica_01_seed20260931,True
8160.0,2.1673636,5.268171,4.2266645,4.558387,0.5931576,replica_01_seed20260931,True
8170.0,2.103116,5.346534,4.1842575,4.8484716,0.9524477,replica_01_seed20260931,True
8180.0,2.0359967,5.346137,4.2286453,4.5944157,0.8811883,replica_01_seed20260931,True
8190.0,2.1856966,5.357246,4.1614385,4.8250966,0.9281498,replica_01_seed20260931,True
8200.0,2.1268792,5.281313,4.0825863,4.9478693,0.32449025,replica_01_seed20260931,True
8210.0,2.1773708,5.244626,3.9736974,4.580158,0.73983455,replica_01_seed20260931,True
8220.0,2.4013412,5.2842007,4.0224524,4.8580546,0.3112524,replica_01_seed20260931,True
8230.0,2.35654,5.222137,3.887467,4.4977865,0.71861506,replica_01_seed20260931,True
8240.0,2.4264183,5.2265882,3.9116144,4.6131444,0.6594626,replica_01_seed20260931,True
8250.0,2.0647004,5.2433834,3.7407374,4.736603,0.44322544,replica_01_seed20260931,True
8260.0,2.1575902,5.326667,3.8302372,4.5799913,0.31112465,replica_01_seed20260931,True
8270.0,2.0292208,5.268717,3.873339,4.4734316,0.65470964,replica_01_seed20260931,True
8280.0,1.9919841,5.293279,4.0299144,4.8279305,0.5149226,replica_01_seed20260931,True
8290.0,2.1672018,5.2584414,3.9978185,4.6376176,0.5721719,replica_01_seed20260931,True
8300.0,1.9949716,5.40189,4.0901175,4.708359,0.6689776,replica_01_seed20260931,True
8310.0,2.0713878,5.273032,4.013366,4.645474,0.577283,replica_01_seed20260931,True
8320.0,2.1904626,5.254473,4.0455875,4.717248,0.66583025,replica_01_seed20260931,True
8330.0,2.1960926,5.3224916,4.017805,4.79093,1.0160618,replica_01_seed20260931,True
8340.0,2.4216552,5.299661,3.815639,4.5647483,0.65042204,replica_01_seed20260931,True
8350.0,2.1953304,5.4073467,3.7886696,4.551874,0.39996114,replica_01_seed20260931,True
8360.0,2.33896,5.3683586,3.693972,4.762194,0.36355788,replica_01_seed20260931,True
8370.0,2.0546017,5.2518864,3.843997,4.44073,0.6453271,replica_01_seed20260931,True
8380.0,2.176044,5.2412806,3.781134,4.495353,0.46591198,replica_01_seed20260931,True
8390.0,2.3428342,5.23004,3.8063562,4.8235745,0.58547467,replica_01_seed20260931,True
8400.0,2.3755286,5.322112,3.8128633,4.7952085,0.64174944,replica_01_seed20260931,True
8410.0,2.3068533,5.2160864,3.7942836,4.822029,0.51037556,replica_01_seed20260931,True
8420.0,2.235158,5.352291,3.830772,5.110401,0.69808984,replica_01_seed20260931,True
8430.0,2.3630195,5.2847695,3.7975433,5.196705,0.6190238,replica_01_seed20260931,True
8440.0,2.2015057,5.2522397,3.9697113,5.00879,0.47226232,replica_01_seed20260931,True
8450.0,2.1570385,5.3306303,3.914513,4.8082604,0.42330217,replica_01_seed20260931,True
8460.0,2.336381,5.170891,3.6885576,4.8814363,0.4446205,replica_01_seed20260931,True
8470.0,2.3109605,5.269675,3.9085298,4.9301896,0.50281715,replica_01_seed20260931,True
8480.0,2.132917,5.2648025,3.8068376,4.5356603,0.6149084,replica_01_seed20260931,True
8490.0,2.2783241,5.322295,3.800315,4.5152855,0.43051767,replica_01_seed20260931,True
8500.0,2.4651933,5.2825074,3.9736176,4.8242636,0.43772626,replica_01_seed20260931,True
8510.0,2.3515258,5.2348566,3.9948895,4.800511,0.28922454,replica_01_seed20260931,True
8520.0,2.3184898,5.2438235,4.103039,4.930838,0.8260977,replica_01_seed20260931,True
8530.0,2.2264504,5.148537,4.0654926,4.6901374,0.37089616,replica_01_seed20260931,True
8540.0,2.1795714,5.2095394,4.0071,4.8602266,0.5996949,replica_01_seed20260931,True
8550.0,2.2406979,5.309799,3.9481447,4.577628,0.504063,replica_01_seed20260931,True
8560.0,2.045745,5.313389,3.965559,4.5998907,1.2009133,replica_01_seed20260931,True
8570.0,1.8489254,5.239837,3.9308538,5.0697336,1.8425547,replica_01_seed20260931,True
8580.0,1.5374745,5.2902513,3.8655376,4.595528,1.4684922,replica_01_seed20260931,True
8590.0,1.6778706,5.365464,3.867173,5.0069447,1.7584283,replica_01_seed20260931,True
8600.0,1.5575646,5.194855,3.7528446,4.1085706,2.9453466,replica_01_seed20260931,True
8610.0,1.4973425,5.329075,3.6985934,4.339188,2.7608194,replica_01_seed20260931,True
8620.0,1.6025864,5.2614,3.890964,4.189756,2.3130229,replica_01_seed20260931,True
8630.0,1.6836326,5.3210745,4.1848607,4.5683737,2.408879,replica_01_seed20260931,True
8640.0,1.8016232,5.2231855,4.132081,4.5791974,2.3667607,replica_01_seed20260931,True
8650.0,1.6854621,5.2310705,4.0394216,4.4621544,2.7130828,replica_01_seed20260931,True
8660.0,1.5414238,5.252021,4.0979986,4.3697143,2.3542993,replica_01_seed20260931,True
8670.0,1.4396046,5.2733173,4.1436296,4.40942,2.8920486,replica_01_seed20260931,True
8680.0,1.3853242,5.3118935,4.2692146,4.7220798,2.0836978,replica_01_seed20260931,True
8690.0,1.5334011,5.2801127,4.1484647,4.7896976,2.3976822,replica_01_seed20260931,True
8700.0,1.4612967,5.246248,4.2066774,4.760036,2.109453,replica_01_seed20260931,True
8710.0,1.2879239,5.264493,4.2766714,5.2096825,1.8151973,replica_01_seed20260931,True
8720.0,1.4774705,5.2896066,4.4473753,5.3244567,1.6815675,replica_01_seed20260931,True
8730.0,1.2833582,5.279643,4.4469633,5.031815,1.9241458,replica_01_seed20260931,True
8740.0,1.2740879,5.192664,4.263176,4.848136,2.4127676,replica_01_seed20260931,True
8750.0,1.1894809,5.282215,4.342943,4.4825563,2.4560883,replica_01_seed20260931,True
8760.0,1.2256048,5.1756787,4.1353045,4.4554644,2.520555,replica_01_seed20260931,True
8770.0,1.3762939,5.1316094,4.1988993,4.2591724,2.45023,replica_01_seed20260931,True
8780.0,1.3623065,5.126955,4.092674,4.624866,2.4213898,replica_01_seed20260931,True
8790.0,1.3016349,5.1723013,4.0877705,4.6649513,2.1197777,replica_01_seed20260931,True
8800.0,1.2112801,5.1986284,4.187479,4.7772603,2.393293,replica_01_seed20260931,True
8810.0,1.5233228,5.2207556,4.0497403,4.2764416,2.3563411,replica_01_seed20260931,True
8820.0,1.5332633,5.2892547,3.9517846,3.719764,2.535213,replica_01_seed20260931,True
8830.0,1.4559354,5.2336364,3.952925,3.7078676,2.4953575,replica_01_seed20260931,True
8840.0,1.4685987,5.264911,3.961291,3.9708505,3.3932445,replica_01_seed20260931,True
8850.0,1.4608202,5.166073,3.8802867,3.7543094,2.4375396,replica_01_seed20260931,True
8860.0,1.4242643,5.253154,3.844322,3.6516607,2.1901388,replica_01_seed20260931,True
8870.0,1.3231959,5.186432,3.9259348,3.4509375,2.6470833,replica_01_seed20260931,True
8880.0,1.5544522,5.2886395,4.028807,4.000197,3.1194308,replica_01_seed20260931,True
8890.0,1.4944917,5.1644635,4.0505643,3.90538,2.6133013,replica_01_seed20260931,True
8900.0,1.464542,5.162018,4.179547,3.8251126,2.4551609,replica_01_seed20260931,True
8910.0,1.3417532,5.2784066,4.2994103,4.6697764,2.1732113,replica_01_seed20260931,True
8920.0,1.3558743,5.267952,4.278558,4.2982345,2.808666,replica_01_seed20260931,True
8930.0,1.7399675,5.1439285,4.3102055,3.765458,2.9998527,replica_01_seed20260931,True
8940.0,1.6886995,5.212555,4.36056,3.816751,2.8068657,replica_01_seed20260931,True
8950.0,1.3764901,5.258093,4.3108873,3.7275958,3.0089202,replica_01_seed20260931,True
8960.0,1.5078496,5.2164574,4.3970404,3.9870567,1.8649215,replica_01_seed20260931,True
8970.0,1.6686088,5.2787642,4.5042405,3.6212597,3.017093,replica_01_seed20260931,True
8980.0,1.4590945,5.2248697,4.482059,3.4202085,2.7800987,replica_01_seed20260931,True
8990.0,1.4439185,5.2899446,4.6775885,3.2442644,2.6625037,replica_01_seed20260931,True
9000.0,1.4945214,5.2472787,4.670983,2.9969907,2.7915468,replica_01_seed20260931,True
9010.0,1.4909906,5.1789737,4.7885485,3.0561252,2.6807036,replica_01_seed20260931,True
9020.0,1.379178,5.212131,4.748153,2.840961,2.72443,replica_01_seed20260931,True
9030.0,1.3708284,5.191642,4.5256047,2.6743388,2.4409003,replica_01_seed20260931,True
9040.0,1.3739867,5.217901,4.454524,2.9451826,2.932688,replica_01_seed20260931,True
9050.0,1.3749062,5.2458487,4.463255,2.9334736,2.4428008,replica_01_seed20260931,True
9060.0,1.2859626,5.2031474,4.5973964,3.5904465,2.664101,replica_01_seed20260931,True
9070.0,1.2824066,5.215552,4.460331,3.7804687,2.4674215,replica_01_seed20260931,True
9080.0,1.3627206,5.284542,4.5869927,3.6792436,2.75159,replica_01_seed20260931,True
9090.0,1.4702635,5.2073736,4.62329,3.4846673,2.5425684,replica_01_seed20260931,True
9100.0,1.2673998,5.1728773,4.593809,3.7674932,2.627461,replica_01_seed20260931,True
9110.0,1.3556421,5.1519637,4.816544,3.583683,2.6985562,replica_01_seed20260931,True
9120.0,1.2298331,5.2918377,4.7031918,3.5032,2.4420981,replica_01_seed20260931,True
9130.0,1.2120947,5.2358646,4.6834273,3.1370404,2.6696374,replica_01_seed20260931,True
9140.0,1.2993176,5.2802687,4.7008615,3.219031,2.797469,replica_01_seed20260931,True
9150.0,1.4163591,5.223237,4.666445,3.695579,2.1350944,replica_01_seed20260931,True
9160.0,1.3749813,5.0369263,4.670653,4.078376,2.3988836,replica_01_seed20260931,True
9170.0,1.4303279,5.109592,4.6112432,3.96806,2.100788,replica_01_seed20260931,True
9180.0,1.3956156,5.176816,4.644421,4.0150824,2.8158011,replica_01_seed20260931,True
9190.0,1.3412864,5.1654334,4.7299356,3.4970973,2.5201879,replica_01_seed20260931,True
9200.0,1.3659524,5.2262,4.6432242,2.8958595,2.104867,replica_01_seed20260931,True
9210.0,1.3520496,5.253583,4.6376457,3.6309676,2.228138,replica_01_seed20260931,True
9220.0,1.3474321,5.1799083,4.747872,3.5343277,2.7204323,replica_01_seed20260931,True
9230.0,1.2759079,5.3156824,4.6993165,3.2399786,3.2126772,replica_01_seed20260931,True
9240.0,1.3492041,5.270472,4.6211724,3.6575058,2.3810694,replica_01_seed20260931,True
9250.0,1.3443463,5.235272,4.5178356,2.889988,2.4623094,replica_01_seed20260931,True
9260.0,1.557435,5.288165,4.5822735,3.5880747,2.2583091,replica_01_seed20260931,True
9270.0,1.4188392,5.225721,4.513093,3.1226351,2.2685134,replica_01_seed20260931,True
9280.0,1.5323446,5.1744223,4.578081,3.1604862,1.9506416,replica_01_seed20260931,True
9290.0,1.4693236,5.168766,4.5177693,3.2316968,1.8380125,replica_01_seed20260931,True
9300.0,1.6180818,5.2152195,4.4588017,3.371974,2.2681537,replica_01_seed20260931,True
9310.0,1.5536544,5.228651,4.4871635,3.4291964,2.0743997,replica_01_seed20260931,True
9320.0,1.6518403,5.2735467,4.417111,3.3149421,2.0709848,replica_01_seed20260931,True
9330.0,1.7610024,5.204835,4.4642973,3.466838,2.0284567,replica_01_seed20260931,True
9340.0,1.6924798,5.22851,4.5842867,3.3835018,1.80477,replica_01_seed20260931,True
9350.0,1.461996,5.25488,4.517831,3.0136478,1.7540483,replica_01_seed20260931,True
9360.0,1.5633767,5.142421,4.34109,3.3258865,2.383649,replica_01_seed20260931,True
9370.0,1.6447431,5.239025,4.1653666,3.1938229,1.723089,replica_01_seed20260931,True
9380.0,1.6578462,5.2180853,4.150864,3.2665377,1.6231802,replica_01_seed20260931,True
9390.0,1.535183,5.184057,4.0987797,3.1488492,1.9343154,replica_01_seed20260931,True
9400.0,1.4202445,5.2460756,3.9891405,2.8135438,2.2640533,replica_01_seed20260931,True
9410.0,1.4209313,5.267572,3.9533665,2.5394459,3.102511,replica_01_seed20260931,True
9420.0,1.4701651,5.209608,3.7871277,2.5365183,2.9024043,replica_01_seed20260931,True
9430.0,1.4046882,5.2260566,3.9474225,2.2653656,3.0392146,replica_01_seed20260931,True
9440.0,1.4183059,5.1888657,4.003028,3.0372558,2.703335,replica_01_seed20260931,True
9450.0,1.5531039,5.1949525,3.7993917,2.9039624,3.763668,replica_01_seed20260931,True
9460.0,1.6494215,5.2421613,3.8578975,3.0574675,2.9799545,replica_01_seed20260931,True
9470.0,1.4755911,5.2966113,3.9514503,3.2695227,3.4103394,replica_01_seed20260931,True
9480.0,1.5442796,5.1946135,3.954829,2.6834183,3.1473038,replica_01_seed20260931,True
9490.0,1.5562589,5.2694893,3.9969852,2.29912,3.2292352,replica_01_seed20260931,True
9500.0,1.5248432,5.169283,4.1097236,2.6662042,3.3095932,replica_01_seed20260931,True
9510.0,1.6265498,5.136471,4.077035,2.90799,3.6083164,replica_01_seed20260931,True
9520.0,1.611191,5.2843814,4.1400824,2.7496147,3.0492926,replica_01_seed20260931,True
9530.0,1.2201197,5.219659,4.037751,3.2673993,2.7570887,replica_01_seed20260931,True
9540.0,1.3016934,5.205862,3.982679,3.3840168,3.4525993,replica_01_seed20260931,True
9550.0,1.3667363,5.2340393,3.9367554,2.8438988,2.945011,replica_01_seed20260931,True
9560.0,1.5280889,5.271029,3.925509,2.6928365,3.026856,replica_01_seed20260931,True
9570.0,1.4955802,5.193787,3.9727268,3.059158,3.447373,replica_01_seed20260931,True
9580.0,1.5169675,5.1849885,4.068899,3.1564898,3.0108528,replica_01_seed20260931,True
9590.0,1.5999439,5.167529,4.0308285,3.4956214,3.8392334,replica_01_seed20260931,True
9600.0,1.468905,5.1470003,4.0575495,3.6853971,3.131238,replica_01_seed20260931,True
9610.0,1.3987464,5.1506257,4.1401677,3.360368,3.5822892,replica_01_seed20260931,True
9620.0,1.4997417,5.1630993,4.021866,3.1424692,3.4754894,replica_01_seed20260931,True
9630.0,1.6457837,5.201345,3.9269981,2.4094262,3.3182998,replica_01_seed20260931,True
9640.0,1.5935564,5.316166,3.7395134,2.8017979,3.6804678,replica_01_seed20260931,True
9650.0,1.4938163,5.2353535,3.8053694,2.6914456,3.5724971,replica_01_seed20260931,True
9660.0,1.4812804,5.234274,3.700848,2.856268,3.2230668,replica_01_seed20260931,True
9670.0,1.5324483,5.0880995,3.7785504,2.7622142,3.5959816,replica_01_seed20260931,True
9680.0,1.3384371,5.1638246,3.7639923,2.7540793,4.3848886,replica_01_seed20260931,True
9690.0,1.3872917,5.3105426,3.7599576,2.3166826,4.1830864,replica_01_seed20260931,True
9700.0,1.4679286,5.3088694,3.7185545,2.2769241,4.124842,replica_01_seed20260931,True
9710.0,1.4851906,5.2462225,3.7392185,2.309306,3.4647095,replica_01_seed20260931,True
9720.0,1.2693609,5.214145,3.7403846,2.2775946,3.445151,replica_01_seed20260931,True
9730.0,1.4950095,5.238265,3.6484993,2.4123259,3.869878,replica_01_seed20260931,True
9740.0,1.326839,5.1769614,3.6877682,3.0648313,4.703652,replica_01_seed20260931,True
9750.0,1.250459,5.256627,3.6562257,2.3029656,4.111419,replica_01_seed20260931,True
9760.0,1.3141451,5.220358,3.669367,2.0629125,3.9747164,replica_01_seed20260931,True
9770.0,1.2764,5.1882076,3.7451982,2.1203914,4.230195,replica_01_seed20260931,True
9780.0,1.3401959,5.2461042,3.7978187,2.5720348,3.8660896,replica_01_seed20260931,True
9790.0,1.4524684,5.2937107,3.781102,2.3125424,4.158773,replica_01_seed20260931,True
9800.0,1.5596706,5.2551723,3.8065827,2.4098184,4.232274,replica_01_seed20260931,True
9810.0,1.4124405,5.232098,3.975229,2.4552708,3.833089,replica_01_seed20260931,True
9820.0,1.4844446,5.2861934,3.854767,2.9052284,3.9933567,replica_01_seed20260931,True
9830.0,1.3544233,5.291257,3.7468252,3.1802986,3.9570048,replica_01_seed20260931,True
9840.0,1.6350644,5.216513,3.5927603,3.288864,4.7265244,replica_01_seed20260931,True
9850.0,1.2873783,5.1780586,3.6119783,2.7928,4.1400666,replica_01_seed20260931,True
9860.0,1.2182372,5.3325076,3.9406028,2.891083,4.2838955,replica_01_seed20260931,True
9870.0,1.4418827,5.2862906,4.0070577,3.0653772,4.0859017,replica_01_seed20260931,True
9880.0,1.4795496,5.2496386,4.132987,2.8393624,3.9025888,replica_01_seed20260931,True
9890.0,1.656446,5.3510146,4.0554996,3.243239,4.358725,replica_01_seed20260931,True
9900.0,1.4744143,5.2973537,4.2421637,2.758522,4.380475,replica_01_seed20260931,True
9910.0,1.5056047,5.1985593,4.366533,2.5750465,4.0863824,replica_01_seed20260931,True
9920.0,1.4091552,5.182629,4.481375,3.0284715,3.8802485,replica_01_seed20260931,True
9930.0,1.601225,5.1625433,4.3106093,2.902024,3.9858327,replica_01_seed20260931,True
9940.0,1.8013806,5.1255317,4.3300133,3.3837821,4.196586,replica_01_seed20260931,True
9950.0,1.5681274,5.0806494,4.3493986,2.8945704,3.7171226,replica_01_seed20260931,True
9960.0,1.5731206,5.298686,4.3268433,3.113147,3.6692498,replica_01_seed20260931,True
9970.0,1.7334759,5.2508364,4.1822505,3.369517,4.031548,replica_01_seed20260931,True
9980.0,1.8069739,5.174123,4.2673144,3.6419396,4.1773725,replica_01_seed20260931,True
9990.0,1.5230556,5.2301507,4.3303785,3.0569139,3.0671036,replica_01_seed20260931,True
10000.0,1.422262,5.1630764,4.4500027,2.7379699,3.2021723,replica_01_seed20260931,True
10.0,0.9685117,5.22735,3.0356753,3.2239456,4.373068,replica_02_seed20260932,False
20.0,1.164151,5.311879,3.1070213,3.1546533,5.3198624,replica_02_seed20260932,False
30.0,1.0998784,5.235591,3.2329502,3.226359,4.3142323,replica_02_seed20260932,False
40.0,1.0670943,5.230611,3.027226,3.5089304,4.317514,replica_02_seed20260932,False
50.0,1.2470453,5.2349787,2.996609,3.6566947,3.4822197,replica_02_seed20260932,False
60.0,0.97522044,5.2189884,2.9515755,2.9418097,3.5160441,replica_02_seed20260932,False
70.0,1.0550492,5.1864867,2.9797463,3.083831,3.037758,replica_02_seed20260932,False
80.0,1.0927992,5.0880756,3.0529153,3.049555,3.4125042,replica_02_seed20260932,False
90.0,0.913414,5.144212,3.1526985,3.0465138,4.202779,replica_02_seed20260932,False
100.0,1.1226264,5.1703644,3.1487136,3.0699518,3.4794168,replica_02_seed20260932,False
110.0,1.0769644,5.2219334,3.3618097,3.1082988,3.7107394,replica_02_seed20260932,False
120.0,1.126574,5.290906,3.2451406,3.1763515,3.258765,replica_02_seed20260932,False
130.0,1.1156089,5.3108306,3.0935426,3.1172345,3.503792,replica_02_seed20260932,False
140.0,1.2296922,5.2498426,3.2115529,2.9558468,3.1292534,replica_02_seed20260932,False
150.0,0.8928651,5.3017426,3.2429755,3.0875854,3.6066458,replica_02_seed20260932,False
160.0,0.8226652,5.2619934,3.1114707,2.9941149,3.6472068,replica_02_seed20260932,False
170.0,1.1862869,5.241613,3.1914024,3.2860744,3.7023342,replica_02_seed20260932,False
180.0,0.89557403,5.2518206,3.128068,3.3480568,2.9766922,replica_02_seed20260932,False
190.0,0.85933435,5.1801343,2.9981232,3.3263001,2.9191966,replica_02_seed20260932,False
200.0,1.0033278,5.2499633,2.9796867,3.2687652,3.3816357,replica_02_seed20260932,False
210.0,0.9015511,5.18045,3.0370677,3.2713482,3.4872675,replica_02_seed20260932,False
220.0,1.1456747,5.135211,2.8991141,3.1735091,3.3660626,replica_02_seed20260932,False
230.0,0.833655,5.2692184,2.9225554,3.3678448,3.6935627,replica_02_seed20260932,False
240.0,1.0348829,5.136812,2.97323,3.327784,3.524104,replica_02_seed20260932,False
250.0,1.1408811,5.221894,3.0576944,3.0099428,4.3134823,replica_02_seed20260932,False
260.0,1.2440732,5.269581,3.1570334,3.235108,3.5596135,replica_02_seed20260932,False
270.0,1.1889329,5.2955985,3.2231941,3.3223968,3.6989214,replica_02_seed20260932,False
280.0,1.1877908,5.200091,3.1482735,3.5869238,3.6592224,replica_02_seed20260932,False
290.0,1.241226,5.337627,3.2490683,3.1361823,3.9194684,replica_02_seed20260932,False
300.0,0.9519773,5.2032413,3.2428198,3.2824097,3.7387717,replica_02_seed20260932,False
310.0,0.7710475,5.1763797,3.1684754,2.671274,3.4860082,replica_02_seed20260932,False
320.0,0.53686076,5.2656536,3.042696,2.9273968,3.599496,replica_02_seed20260932,False
330.0,0.8374671,5.190261,2.9622674,3.5724678,3.0278282,replica_02_seed20260932,False
340.0,0.7707423,5.2109838,2.8669262,3.419289,3.197638,replica_02_seed20260932,False
350.0,0.72434354,5.159206,2.7975125,3.8272595,3.3013644,replica_02_seed20260932,False
360.0,0.8111898,5.192275,2.8307247,3.9955869,3.4595723,replica_02_seed20260932,False
370.0,0.8131019,5.1267715,2.8075113,3.5785353,3.371723,replica_02_seed20260932,False
380.0,0.7993906,5.110244,2.8909025,3.3519437,3.4948072,replica_02_seed20260932,False
390.0,0.7136884,5.1294208,3.1037164,3.2833624,3.2466915,replica_02_seed20260932,False
400.0,0.6389635,5.235185,3.1371546,3.8361983,3.3085394,replica_02_seed20260932,False
410.0,0.8250961,5.27385,3.1703315,4.5100303,3.3475568,replica_02_seed20260932,False
420.0,0.8871933,5.396723,2.9862337,4.28995,3.6132488,replica_02_seed20260932,False
430.0,1.0055654,5.3828773,2.9295926,4.735058,4.023708,replica_02_seed20260932,False
440.0,0.75559264,5.1693525,3.015187,4.6008244,3.5482645,replica_02_seed20260932,False
450.0,0.96858394,5.226609,2.949209,4.0922265,4.0273185,replica_02_seed20260932,False
460.0,0.8231926,5.0910587,3.0574882,3.9874787,3.3904648,replica_02_seed20260932,False
470.0,0.97443455,5.246731,2.90904,3.9644537,4.0091763,replica_02_seed20260932,False
480.0,0.9860057,5.239162,3.0618644,3.8892891,4.1145616,replica_02_seed20260932,False
490.0,0.8365252,5.2806435,2.9212067,3.6825185,3.5082695,replica_02_seed20260932,False
500.0,0.9508128,5.369046,2.8424456,2.7168248,3.6375537,replica_02_seed20260932,False
510.0,0.902853,5.2114587,3.0514882,3.004013,2.8232088,replica_02_seed20260932,False
520.0,0.7037667,5.2966824,3.1461368,3.290641,2.928957,replica_02_seed20260932,False
530.0,1.3016886,5.315702,3.3256495,3.6933148,3.3859565,replica_02_seed20260932,False
540.0,1.0089897,5.2058735,3.2360096,3.1658032,3.4163933,replica_02_seed20260932,False
550.0,0.94962525,5.253453,3.259008,3.1469285,3.544661,replica_02_seed20260932,False
560.0,0.82970273,5.2111964,3.4024568,2.4978974,3.346369,replica_02_seed20260932,False
570.0,0.661136,5.2958746,3.3167336,2.6314595,3.5993462,replica_02_seed20260932,False
580.0,0.95414704,5.1786327,3.4999895,2.4497805,3.7951949,replica_02_seed20260932,False
590.0,0.76495045,5.1878076,3.4819076,2.2094128,3.6946723,replica_02_seed20260932,False
600.0,0.7793312,5.236395,3.4525042,3.2884479,3.3212228,replica_02_seed20260932,False
610.0,0.9350554,5.220744,3.5183773,3.4257138,3.3550045,replica_02_seed20260932,False
620.0,1.1256876,5.288711,3.4584198,2.694674,2.7278187,replica_02_seed20260932,False
630.0,0.9218702,5.276065,3.6470046,2.9558134,3.388275,replica_02_seed20260932,False
640.0,0.89129364,5.209795,3.7413166,2.9624367,3.1538777,replica_02_seed20260932,False
650.0,1.227634,5.0057335,3.7026975,3.2241871,3.626052,replica_02_seed20260932,False
660.0,1.3774102,5.1199245,3.6975498,3.632629,4.0811486,replica_02_seed20260932,False
670.0,1.2776272,5.17006,3.6940641,3.2672791,3.9569955,replica_02_seed20260932,False
680.0,1.1469185,5.1860766,3.6536016,2.9350214,3.8079371,replica_02_seed20260932,False
690.0,0.97933525,5.213916,3.542762,3.4058971,4.198559,replica_02_seed20260932,False
700.0,1.0486815,5.2558823,3.6230989,3.3501854,4.079675,replica_02_seed20260932,False
710.0,1.1106311,5.282117,3.6602187,3.2783818,4.213832,replica_02_seed20260932,False
720.0,0.96660614,5.2649903,3.4012618,3.3598986,4.2061267,replica_02_seed20260932,False
730.0,1.1244485,5.2080364,3.451797,3.6605766,4.6099873,replica_02_seed20260932,False
740.0,0.9660995,5.3220167,3.463892,3.6213655,5.0358777,replica_02_seed20260932,False
750.0,0.93287706,5.287116,3.3641343,2.8307614,4.7751217,replica_02_seed20260932,False
760.0,0.94592226,5.258852,3.435238,2.8965364,4.2742453,replica_02_seed20260932,False
770.0,0.9878611,5.2235603,3.6711547,2.5037436,3.57768,replica_02_seed20260932,False
780.0,0.9581599,5.378831,3.6903224,2.2102513,3.8754106,replica_02_seed20260932,False
790.0,0.67216074,5.25621,3.6843429,2.4093387,3.990631,replica_02_seed20260932,False
800.0,0.8539349,5.243857,3.7072756,3.10631,4.5649295,replica_02_seed20260932,False
810.0,0.75470024,5.28724,3.63284,2.4003072,4.061817,replica_02_seed20260932,False
820.0,0.621542,5.216526,3.7947912,2.2104225,3.7947092,replica_02_seed20260932,False
830.0,0.7478199,5.157322,3.7842474,2.2849755,3.7306163,replica_02_seed20260932,False
840.0,0.83998567,5.1628547,3.8606648,2.512081,3.7507691,replica_02_seed20260932,False
850.0,0.7660509,5.2364006,3.7117906,2.2624528,3.6192906,replica_02_seed20260932,False
860.0,0.8927851,5.116662,3.7061477,2.4237497,3.5674214,replica_02_seed20260932,False
870.0,0.6507405,5.205859,3.763517,2.5342445,3.3090284,replica_02_seed20260932,False
880.0,0.8536538,5.112038,3.9050362,2.381838,3.3664238,replica_02_seed20260932,False
890.0,0.8549059,5.1172533,3.9223268,2.8363657,3.7065527,replica_02_seed20260932,False
900.0,1.0745975,5.2159,4.158906,3.115041,4.1032085,replica_02_seed20260932,False
910.0,1.120024,5.161708,4.0452113,3.0337608,3.4944894,replica_02_seed20260932,False
920.0,1.0553836,5.2579517,4.052963,2.8783617,3.5840492,replica_02_seed20260932,False
930.0,1.2207319,5.2353663,4.17023,3.1892762,3.9495173,replica_02_seed20260932,False
940.0,1.188077,5.3099957,3.8942785,3.0231917,3.9191003,replica_02_seed20260932,False
950.0,1.1837547,5.240594,3.786565,3.1181989,4.041268,replica_02_seed20260932,False
960.0,1.4341269,5.211802,3.765564,2.9718795,3.2932591,replica_02_seed20260932,False
970.0,1.2576618,5.07365,3.8002994,2.768434,3.380632,replica_02_seed20260932,False
980.0,0.89479274,5.169195,3.6000233,2.2583869,3.7278519,replica_02_seed20260932,False
990.0,1.0695924,5.1455283,3.5238152,2.3950067,3.3707724,replica_02_seed20260932,False
1000.0,1.2645209,5.2077527,3.40063,2.5768492,3.706801,replica_02_seed20260932,False
1010.0,1.1132141,5.062886,3.4714606,2.3766723,3.8178995,replica_02_seed20260932,False
1020.0,1.2307762,5.025602,3.4526825,2.7518692,4.020936,replica_02_seed20260932,False
1030.0,1.0572629,5.1421127,3.2799592,2.4275193,3.6321232,replica_02_seed20260932,False
1040.0,0.9581533,5.2868567,3.3636231,1.7726042,3.8942633,replica_02_seed20260932,False
1050.0,1.1113207,5.225292,3.4474242,2.5751674,3.654597,replica_02_seed20260932,False
1060.0,1.0631757,5.160703,3.376324,2.339613,3.5978098,replica_02_seed20260932,False
1070.0,1.1190642,5.1894283,3.3609269,2.8026917,3.6992326,replica_02_seed20260932,False
1080.0,1.2287302,5.0530367,3.4501047,2.6705203,3.5294387,replica_02_seed20260932,False
1090.0,1.1480473,5.160654,3.378861,2.7881072,3.3093662,replica_02_seed20260932,False
1100.0,0.9658413,5.1186867,3.3407996,2.3764544,3.2013412,replica_02_seed20260932,False
1110.0,1.2290975,4.929696,3.1805959,2.7180192,3.5145524,replica_02_seed20260932,False
1120.0,1.1395484,5.063983,3.2629128,2.6989844,3.2542396,replica_02_seed20260932,False
1130.0,1.1546284,5.288201,3.4356558,2.6900501,3.2241275,replica_02_seed20260932,False
1140.0,0.8195177,5.2189455,3.4524753,2.0334466,3.604457,replica_02_seed20260932,False
1150.0,1.3246942,5.250063,3.4948742,2.7839744,3.2451713,replica_02_seed20260932,False
1160.0,1.4617252,5.1068716,3.2778475,2.4640312,3.4416995,replica_02_seed20260932,False
1170.0,0.98508006,5.0649333,3.4588945,2.2242315,3.0103893,replica_02_seed20260932,False
1180.0,1.1541493,5.3216553,3.6044703,2.4134965,3.6128888,replica_02_seed20260932,False
1190.0,1.0530314,5.2769766,3.6813214,2.4814792,3.2334816,replica_02_seed20260932,False
1200.0,1.1466635,5.3545527,3.5827842,1.9110764,4.0752177,replica_02_seed20260932,False
1210.0,1.1653082,5.2524953,3.453658,2.4567213,3.3738108,replica_02_seed20260932,False
1220.0,0.9476062,5.161428,3.5036058,2.4193745,3.0628574,replica_02_seed20260932,False
1230.0,1.0123756,5.1367817,3.4582152,2.0762131,3.1932726,replica_02_seed20260932,False
1240.0,1.2682949,5.191073,3.6896584,2.369418,3.2823226,replica_02_seed20260932,False
1250.0,1.0630141,5.13819,3.5784853,1.8544867,3.1917162,replica_02_seed20260932,False
1260.0,0.9973249,5.274511,3.6650527,2.2423763,2.958418,replica_02_seed20260932,False
1270.0,0.98248535,5.27081,3.680379,2.3531177,3.3093238,replica_02_seed20260932,False
1280.0,1.1559491,5.114226,3.7581704,2.7736948,2.7162857,replica_02_seed20260932,False
1290.0,1.0272444,5.2135224,3.7426329,2.7658143,3.2536042,replica_02_seed20260932,False
1300.0,1.0521013,5.2377653,3.697497,2.6157136,2.9936476,replica_02_seed20260932,False
1310.0,1.2540028,5.2697396,3.6760988,2.541069,3.1530771,replica_02_seed20260932,False
1320.0,1.0242274,5.2426047,3.6367364,2.220671,3.3828356,replica_02_seed20260932,False
1330.0,0.88357776,5.2309284,3.7365987,2.1623106,3.771684,replica_02_seed20260932,False
1340.0,0.9792525,5.1532216,3.6914527,2.02627,3.4341435,replica_02_seed20260932,False
1350.0,1.2282993,5.2234745,3.8570032,2.5997255,3.5411425,replica_02_seed20260932,False
1360.0,1.1415483,5.2288795,3.9140294,2.9464614,3.387876,replica_02_seed20260932,False
1370.0,1.1922758,5.0578904,3.719328,2.6367893,3.2670684,replica_02_seed20260932,False
1380.0,1.1432512,5.097876,4.0190687,2.8555517,3.0356746,replica_02_seed20260932,False
1390.0,1.179566,5.0722446,4.0224075,2.571255,3.2150385,replica_02_seed20260932,False
1400.0,1.3514087,5.223158,4.0406117,3.0386517,3.5744226,replica_02_seed20260932,False
1410.0,0.89769065,5.216293,4.000544,2.8230233,3.6401572,replica_02_seed20260932,False
1420.0,1.2554545,5.1300263,4.224307,3.0112932,3.922464,replica_02_seed20260932,False
1430.0,1.187606,5.159507,4.3818398,2.7228785,3.0548086,replica_02_seed20260932,False
1440.0,0.77804923,5.222432,4.231151,2.8557086,3.4698582,replica_02_seed20260932,False
1450.0,1.0655545,5.273898,4.217049,2.4229183,3.4257295,replica_02_seed20260932,False
1460.0,1.0969307,5.2781343,4.2524557,2.5263824,3.2624304,replica_02_seed20260932,False
1470.0,1.0808449,5.258335,4.236863,2.8998115,3.3251202,replica_02_seed20260932,False
1480.0,1.0858362,5.3165336,4.1147103,3.2195554,3.3109064,replica_02_seed20260932,False
1490.0,0.9938413,5.279756,4.042423,2.4780617,3.0707002,replica_02_seed20260932,False
1500.0,1.3676745,5.1718416,3.8629415,2.7527654,3.2216601,replica_02_seed20260932,False
1510.0,1.2590866,5.13107,3.7118993,2.5295987,3.5180883,replica_02_seed20260932,False
1520.0,1.3033408,5.223846,3.8348362,2.414905,3.1367743,replica_02_seed20260932,False
1530.0,1.2887998,5.0858154,3.7187555,2.3583324,3.8020778,replica_02_seed20260932,False
1540.0,1.3692079,5.157543,3.8668952,2.3361876,3.6472282,replica_02_seed20260932,False
1550.0,1.2986641,5.2217693,3.8644648,2.1603684,4.0195,replica_02_seed20260932,False
1560.0,1.2355645,5.233592,3.876192,1.9176735,3.8921962,replica_02_seed20260932,False
1570.0,1.064362,5.179422,3.712048,2.1069024,3.4905183,replica_02_seed20260932,False
1580.0,1.0411181,5.225663,3.6243114,2.1915166,4.175209,replica_02_seed20260932,False
1590.0,1.0682049,5.127888,3.670537,2.0280645,3.9002357,replica_02_seed20260932,False
1600.0,0.86073333,5.123128,3.755007,2.7161922,3.0944874,replica_02_seed20260932,False
1610.0,0.8767751,5.1781855,3.7555287,2.3449562,3.4239352,replica_02_seed20260932,False
1620.0,0.82011676,5.1741242,3.7348273,3.1804843,3.6547656,replica_02_seed20260932,False
1630.0,1.0472921,5.187512,3.8019898,3.0611813,3.4761868,replica_02_seed20260932,False
1640.0,0.910917,5.027095,3.8365183,2.788354,3.975812,replica_02_seed20260932,False
1650.0,1.0477428,5.131626,4.0430527,2.5897555,4.053668,replica_02_seed20260932,False
1660.0,0.7555043,5.092151,3.6850479,2.905373,4.0975504,replica_02_seed20260932,False
1670.0,0.92187357,5.02707,3.7242703,2.2847629,4.004821,replica_02_seed20260932,False
1680.0,0.8767805,5.0339994,4.000614,2.6145437,4.0090075,replica_02_seed20260932,False
1690.0,0.5816958,5.0898523,3.9215124,2.7205768,3.4562006,replica_02_seed20260932,False
1700.0,1.0374339,5.2179365,4.003114,2.6414073,3.7169585,replica_02_seed20260932,False
1710.0,0.8141978,5.27806,4.1359825,2.0886202,4.209056,replica_02_seed20260932,False
1720.0,0.8084302,5.3596153,4.183573,2.8375542,4.20973,replica_02_seed20260932,False
1730.0,0.88193923,5.240936,4.1851606,2.2443135,3.8548727,replica_02_seed20260932,False
1740.0,0.81893176,5.3310957,4.0790563,1.8957043,3.5911143,replica_02_seed20260932,False
1750.0,0.75405127,5.270426,3.8871944,2.03697,4.1306343,replica_02_seed20260932,False
1760.0,0.95347047,5.224437,3.9070554,2.1616576,3.9448934,replica_02_seed20260932,False
1770.0,0.9301862,5.1028566,4.0102043,2.190234,3.6268444,replica_02_seed20260932,False
1780.0,1.0223447,5.237031,3.977178,2.1744041,3.7632294,replica_02_seed20260932,False
1790.0,1.2481829,5.22408,4.0059304,2.6393607,4.2349434,replica_02_seed20260932,False
1800.0,1.1563121,5.2177362,4.0118227,2.3817852,4.1007137,replica_02_seed20260932,False
1810.0,0.8180151,5.3101735,4.1003985,3.161001,4.797352,replica_02_seed20260932,False
1820.0,0.7953241,5.337549,4.1573687,2.0952744,3.727547,replica_02_seed20260932,False
1830.0,0.7808064,5.282692,4.3322024,1.84554,3.8601704,replica_02_seed20260932,False
1840.0,1.1318355,5.2468967,4.2464952,2.2032685,4.0991836,replica_02_seed20260932,False
1850.0,1.1279868,5.254736,4.3617654,1.8229527,3.7345397,replica_02_seed20260932,False
1860.0,1.0343944,5.294562,4.3221197,2.0211978,4.1009464,replica_02_seed20260932,False
1870.0,0.98542523,5.3259773,4.508294,2.2139883,3.8190365,replica_02_seed20260932,False
1880.0,0.89254826,5.343012,4.777483,2.3895648,3.5312972,replica_02_seed20260932,False
1890.0,0.8646375,5.3246536,5.026746,1.6269562,3.627893,replica_02_seed20260932,False
1900.0,0.60120094,5.324913,4.90089,1.9668133,3.2596967,replica_02_seed20260932,False
1910.0,0.7261494,5.264703,5.0945325,1.6797793,3.970776,replica_02_seed20260932,False
1920.0,0.6986802,5.2594843,4.8870125,1.6571687,3.8463583,replica_02_seed20260932,False
1930.0,0.5918914,5.1993265,5.069346,2.3880873,3.2337525,replica_02_seed20260932,False
1940.0,0.60388106,5.108292,5.0854025,2.2875178,3.0118015,replica_02_seed20260932,False
1950.0,0.6851893,5.1203394,5.076535,2.591999,3.0783386,replica_02_seed20260932,False
1960.0,0.55584913,5.1058846,5.0567245,2.324981,3.1363273,replica_02_seed20260932,False
1970.0,0.556195,5.1486654,5.2376895,2.731476,2.9418035,replica_02_seed20260932,False
1980.0,0.7488182,5.131301,5.267158,2.7278519,3.3438206,replica_02_seed20260932,False
1990.0,0.4868795,5.223417,5.307348,2.3742852,3.4903553,replica_02_seed20260932,False
2000.0,0.4686347,5.1994457,5.5972567,2.5728061,3.1761014,replica_02_seed20260932,False
2010.0,0.60280097,5.3088784,5.5120296,1.8567549,4.047725,replica_02_seed20260932,True
2020.0,0.4646837,5.204711,5.5139546,2.1181164,3.3428888,replica_02_seed20260932,True
2030.0,0.59725136,5.087828,5.41562,2.1267118,3.5388768,replica_02_seed20260932,True
2040.0,0.7457937,5.1680303,5.2438393,1.9132913,4.1880097,replica_02_seed20260932,True
2050.0,0.5768832,5.2173595,5.055435,1.342202,4.519465,replica_02_seed20260932,True
2060.0,0.5891891,5.180406,5.1387205,2.2415457,4.044843,replica_02_seed20260932,True
2070.0,0.8641043,5.0573473,4.8258643,2.3256795,4.100334,replica_02_seed20260932,True
2080.0,0.96621144,5.2073393,4.791154,2.2531917,4.5391645,replica_02_seed20260932,True
2090.0,0.8047116,5.172112,4.8337345,2.4015822,4.510117,replica_02_seed20260932,True
2100.0,0.9629173,5.163356,5.0594926,2.4264936,4.1915317,replica_02_seed20260932,True
2110.0,1.1142488,5.2405376,5.079116,2.185224,4.4773393,replica_02_seed20260932,True
2120.0,0.79659814,5.244979,5.1452703,2.1370049,4.100924,replica_02_seed20260932,True
2130.0,0.68688285,5.179413,5.1197057,2.0587938,4.0182066,replica_02_seed20260932,True
2140.0,0.62790763,5.243024,5.220502,1.8342597,4.084143,replica_02_seed20260932,True
2150.0,0.8430154,5.1005836,5.179512,2.2850285,4.391237,replica_02_seed20260932,True
2160.0,0.77434486,5.136465,5.1720147,2.0316346,4.1753464,replica_02_seed20260932,True
2170.0,0.8012773,5.218073,5.488394,2.0813756,4.3216457,replica_02_seed20260932,True
2180.0,0.80922216,5.1608887,5.5655174,2.367813,4.303908,replica_02_seed20260932,True
2190.0,0.76232785,5.281502,5.6412163,2.4461303,4.2752,replica_02_seed20260932,True
2200.0,0.9018349,5.112102,5.6489553,2.587566,4.833873,replica_02_seed20260932,True
2210.0,1.0529046,5.221627,5.7088537,2.612688,4.329817,replica_02_seed20260932,True
2220.0,1.0244291,5.231923,5.655412,3.113228,4.23275,replica_02_seed20260932,True
2230.0,0.68369144,5.218152,5.535166,2.640359,3.9801505,replica_02_seed20260932,True
2240.0,0.85212743,5.2126117,5.392017,2.4711525,4.054801,replica_02_seed20260932,True
2250.0,0.9042287,5.286993,5.2571864,3.4424913,3.6416078,replica_02_seed20260932,True
2260.0,1.0559797,5.26376,5.2874613,3.466246,3.7784722,replica_02_seed20260932,True
2270.0,1.098538,5.114297,5.2621417,3.390038,4.3336062,replica_02_seed20260932,True
2280.0,0.9594331,5.228545,5.2456913,3.3391979,4.214728,replica_02_seed20260932,True
2290.0,0.9142906,5.2013164,5.2330775,2.8575635,4.2807503,replica_02_seed20260932,True
2300.0,0.93342215,5.264574,5.172179,3.992469,4.2781324,replica_02_seed20260932,True
2310.0,0.90755534,5.2315497,5.18192,3.8055449,4.689017,replica_02_seed20260932,True
2320.0,1.007413,5.1589775,5.2061415,3.7818265,3.8591843,replica_02_seed20260932,True
2330.0,1.1812061,5.1039224,5.1049232,3.7322826,3.8086393,replica_02_seed20260932,True
2340.0,1.0697869,5.2186446,5.124497,3.7830215,4.528817,replica_02_seed20260932,True
2350.0,1.0946782,5.180393,5.1742573,3.6152554,4.203841,replica_02_seed20260932,True
2360.0,0.9456164,5.1085715,5.465666,3.6228194,3.6600738,replica_02_seed20260932,True
2370.0,0.789493,5.099067,5.4446893,4.0618467,3.9729939,replica_02_seed20260932,True
2380.0,0.89215636,5.175626,5.2809486,3.7738514,3.8132799,replica_02_seed20260932,True
2390.0,0.90752035,5.242894,5.3116817,3.999126,3.760227,replica_02_seed20260932,True
2400.0,1.3124409,5.2234936,5.4864287,3.6185837,4.9771132,replica_02_seed20260932,True
2410.0,1.1813878,5.101011,5.4601946,3.6428933,4.336347,replica_02_seed20260932,True
2420.0,1.2577353,5.3278394,5.555262,3.5665135,4.2419834,replica_02_seed20260932,True
2430.0,1.2909231,5.184354,5.580307,3.8118222,4.4302063,replica_02_seed20260932,True
2440.0,1.1393363,5.2115464,5.699818,3.8589356,4.525742,replica_02_seed20260932,True
2450.0,1.0778496,5.2859397,5.580018,3.9095235,4.442621,replica_02_seed20260932,True
2460.0,0.9386115,5.3415756,5.462388,3.836819,3.652222,replica_02_seed20260932,True
2470.0,0.9019318,5.178851,5.4248095,3.6517687,4.1663256,replica_02_seed20260932,True
2480.0,1.2008383,5.341528,5.2680116,3.9613624,4.2100472,replica_02_seed20260932,True
2490.0,0.79689336,5.170569,5.388412,3.9027777,3.4939787,replica_02_seed20260932,True
2500.0,0.91362286,5.3097606,5.502102,3.7977252,3.3204281,replica_02_seed20260932,True
2510.0,0.84598726,5.274778,5.4618745,3.5285902,3.656456,replica_02_seed20260932,True
2520.0,0.9536705,5.2263856,5.5534344,2.4954395,3.8604598,replica_02_seed20260932,True
2530.0,0.8236462,5.2930756,5.727127,2.6352823,3.6986456,replica_02_seed20260932,True
2540.0,0.88346255,5.3103867,5.8960133,2.8295832,3.9865806,replica_02_seed20260932,True
2550.0,0.97450304,5.3034015,5.750404,2.7129154,3.667512,replica_02_seed20260932,True
2560.0,0.87623656,5.2191734,5.5452013,2.926421,3.2063115,replica_02_seed20260932,True
2570.0,0.9182267,5.140727,5.3454833,3.2329295,4.099929,replica_02_seed20260932,True
2580.0,0.93551934,5.128065,5.297885,2.7304049,3.6724606,replica_02_seed20260932,True
2590.0,1.0367595,5.145756,5.246496,2.9067278,4.043585,replica_02_seed20260932,True
2600.0,0.8208897,5.210032,5.196278,3.019385,3.700808,replica_02_seed20260932,True
2610.0,1.0324564,5.260051,5.285349,2.589837,4.0525274,replica_02_seed20260932,True
2620.0,0.7517544,5.2775807,5.2403603,2.4332995,3.8985898,replica_02_seed20260932,True
2630.0,0.82613575,5.217369,5.1053257,2.361826,3.6487045,replica_02_seed20260932,True
2640.0,0.8218341,5.177119,5.0509005,2.8640418,3.7604117,replica_02_seed20260932,True
2650.0,0.79345524,5.2672486,5.183544,2.8766036,4.4035864,replica_02_seed20260932,True
2660.0,0.87546706,5.2368855,5.1305294,2.0210268,3.93677,replica_02_seed20260932,True
2670.0,1.0106298,5.139663,5.160485,2.5180945,3.8087826,replica_02_seed20260932,True
2680.0,0.8764252,5.23329,5.2313185,2.8415153,3.9649842,replica_02_seed20260932,True
2690.0,1.1154621,5.23916,5.4141335,3.1763268,3.8436458,replica_02_seed20260932,True
2700.0,1.0457991,5.1602983,5.4280825,2.8808851,4.03962,replica_02_seed20260932,True
2710.0,0.9371185,5.1749496,5.4714212,2.4759965,3.7361357,replica_02_seed20260932,True
2720.0,0.99317575,5.3031607,5.4576826,2.8148437,3.8399591,replica_02_seed20260932,True
2730.0,1.0606296,5.300825,5.4503956,2.6954036,3.7854052,replica_02_seed20260932,True
2740.0,0.9317041,5.172612,5.3707924,2.886728,3.40479,replica_02_seed20260932,True
2750.0,0.74584275,5.1251574,5.33819,2.6048265,3.190048,replica_02_seed20260932,True
2760.0,0.94083405,5.229787,5.092139,2.720993,3.5488472,replica_02_seed20260932,True
2770.0,1.074411,5.2193947,4.9401703,2.6949549,3.9785175,replica_02_seed20260932,True
2780.0,0.96427494,5.261079,4.998893,3.1257153,3.9520905,replica_02_seed20260932,True
2790.0,1.175499,5.2189155,5.085903,3.3368542,3.9752922,replica_02_seed20260932,True
2800.0,1.177439,5.340867,4.9674554,3.7381916,3.146355,replica_02_seed20260932,True
2810.0,1.120834,5.2910566,5.192339,3.0956268,2.8426595,replica_02_seed20260932,True
2820.0,1.4627948,5.315342,5.100625,3.6408231,3.2467735,replica_02_seed20260932,True
2830.0,1.5847375,5.2595525,5.3904266,3.3656967,3.1163392,replica_02_seed20260932,True
2840.0,1.5127108,5.290895,5.425561,3.4099336,2.9378116,replica_02_seed20260932,True
2850.0,1.7252021,5.199721,5.402011,3.399405,3.2642722,replica_02_seed20260932,True
2860.0,1.4452685,5.3154087,5.4957867,3.2722557,3.3067207,replica_02_seed20260932,True
2870.0,1.6658307,5.3334036,5.5466437,3.4566867,3.258684,replica_02_seed20260932,True
2880.0,1.5574963,5.3368807,5.39123,3.5323224,3.4973512,replica_02_seed20260932,True
2890.0,1.3211054,5.309622,5.3343353,3.227627,3.7570057,replica_02_seed20260932,True
2900.0,1.683492,5.3693957,5.304041,3.8104596,3.7641335,replica_02_seed20260932,True
2910.0,1.8361514,5.2375298,5.3525443,3.721313,4.175395,replica_02_seed20260932,True
2920.0,1.8322968,5.2977066,5.4456835,3.9494395,4.1570706,replica_02_seed20260932,True
2930.0,1.8952644,5.2894964,5.585113,3.809354,3.4789898,replica_02_seed20260932,True
2940.0,1.8679906,5.158017,5.7490606,3.871019,2.8793213,replica_02_seed20260932,True
2950.0,1.7197752,5.268755,5.572612,3.8737817,3.1709166,replica_02_seed20260932,True
2960.0,1.9878664,5.3595524,5.368872,3.972139,2.8344364,replica_02_seed20260932,True
2970.0,2.073839,5.3415136,5.379876,3.90382,3.6069689,replica_02_seed20260932,True
2980.0,1.7212534,5.201413,5.3147545,3.3875456,3.9616477,replica_02_seed20260932,True
2990.0,1.7444624,5.265937,5.2948785,3.6004858,4.029696,replica_02_seed20260932,True
3000.0,1.437784,5.27528,5.194838,4.2346625,3.8235068,replica_02_seed20260932,True
3010.0,1.4245231,5.2646294,5.299475,4.1958385,3.8534868,replica_02_seed20260932,True
3020.0,1.5423589,5.250389,5.466715,4.1891537,3.9461243,replica_02_seed20260932,True
3030.0,1.6284132,5.215721,5.413175,4.3824673,3.7001967,replica_02_seed20260932,True
3040.0,1.6903787,5.3281403,5.463167,4.8430147,4.5458193,replica_02_seed20260932,True
3050.0,1.397712,5.2438264,5.4341383,4.3062954,3.6240296,replica_02_seed20260932,True
3060.0,1.5000945,5.34323,5.5353537,5.0601625,3.9312947,replica_02_seed20260932,True
3070.0,1.6547341,5.230374,5.537255,4.8816085,4.1338463,replica_02_seed20260932,True
3080.0,1.7278662,5.1932945,5.6423473,4.2757754,4.5499687,replica_02_seed20260932,True
3090.0,1.5355008,5.331101,5.797223,5.0891323,4.8026505,replica_02_seed20260932,True
3100.0,1.650461,5.294014,5.891605,4.7861447,4.7047434,replica_02_seed20260932,True
3110.0,1.5691478,5.238037,5.802313,4.5328145,4.358301,replica_02_seed20260932,True
3120.0,1.7195451,5.225758,5.9283714,4.68848,4.7084045,replica_02_seed20260932,True
3130.0,1.4459381,5.2351255,5.830716,4.7507415,4.0903883,replica_02_seed20260932,True
3140.0,1.2976332,5.2593517,5.8256097,4.85429,4.3918886,replica_02_seed20260932,True
3150.0,1.3039457,5.2531023,5.8751683,4.584847,4.356355,replica_02_seed20260932,True
3160.0,1.4155351,5.3263073,5.8638787,4.598923,4.169717,replica_02_seed20260932,True
3170.0,1.4752119,5.3229284,5.907743,4.5127096,4.2585783,replica_02_seed20260932,True
3180.0,1.181525,5.2614303,5.727,4.3314066,4.4234333,replica_02_seed20260932,True
3190.0,1.4915854,5.38153,5.7553425,4.513327,4.204287,replica_02_seed20260932,True
3200.0,1.5130144,5.366075,5.8063,4.502576,4.153395,replica_02_seed20260932,True
3210.0,1.6059293,5.4198895,5.7739887,5.2771897,4.6098337,replica_02_seed20260932,True
3220.0,1.4310168,5.275869,5.786922,4.6247935,4.6090555,replica_02_seed20260932,True
3230.0,1.5941865,5.283148,5.852797,4.930099,4.7890263,replica_02_seed20260932,True
3240.0,1.5318321,5.2606435,5.7898417,4.5122137,4.152056,replica_02_seed20260932,True
3250.0,1.6586314,5.270992,5.7025766,4.7768626,4.723308,replica_02_seed20260932,True
3260.0,1.462648,5.387523,5.524779,4.29124,4.5805483,replica_02_seed20260932,True
3270.0,1.6104244,5.3653965,5.5666375,4.6987004,4.266824,replica_02_seed20260932,True
3280.0,1.4108856,5.346439,5.3915567,4.26914,4.448064,replica_02_seed20260932,True
3290.0,1.4901738,5.305805,5.4561896,3.9973114,4.2021937,replica_02_seed20260932,True
3300.0,1.4192896,5.3863816,5.549231,4.381619,3.9187117,replica_02_seed20260932,True
3310.0,1.5925895,5.347386,5.560725,4.244641,4.07184,replica_02_seed20260932,True
3320.0,1.3240137,5.3156404,5.5671883,4.1336203,4.2621713,replica_02_seed20260932,True
3330.0,1.739454,5.386956,5.5097065,4.22604,4.01707,replica_02_seed20260932,True
3340.0,1.5312498,5.3371706,5.459972,3.9384272,4.4605966,replica_02_seed20260932,True
3350.0,1.6454852,5.2431984,5.6140013,4.3435793,3.6221151,replica_02_seed20260932,True
3360.0,1.6282766,5.33613,5.629945,4.866498,3.9218059,replica_02_seed20260932,True
3370.0,1.3232105,5.200326,5.752014,4.704785,4.1002564,replica_02_seed20260932,True
3380.0,1.2885915,5.349778,5.746364,4.6809278,4.0771065,replica_02_seed20260932,True
3390.0,1.0503564,5.245122,5.9303355,4.5426464,3.5207381,replica_02_seed20260932,True
3400.0,1.3756967,5.37761,5.939872,4.534439,3.9004254,replica_02_seed20260932,True
3410.0,0.9246522,5.2063775,5.878389,3.8932588,2.836444,replica_02_seed20260932,True
3420.0,1.0292926,5.3289213,5.850684,4.0052075,3.5444477,replica_02_seed20260932,True
3430.0,1.1255096,5.276907,5.7263727,4.426034,4.1302385,replica_02_seed20260932,True
3440.0,1.1759748,5.335707,5.636056,4.6566777,4.0961943,replica_02_seed20260932,True
3450.0,1.0927148,5.1710753,5.5572567,3.6098585,3.7336433,replica_02_seed20260932,True
3460.0,1.0438551,5.187442,5.4490037,3.9180784,3.7910204,replica_02_seed20260932,True
3470.0,1.2746966,5.276883,5.58062,4.024985,3.6186442,replica_02_seed20260932,True
3480.0,1.3284338,5.282604,5.2068167,3.6683738,3.6466837,replica_02_seed20260932,True
3490.0,1.012757,5.2258387,5.2559066,3.5398088,3.6228886,replica_02_seed20260932,True
3500.0,0.88047814,5.252755,5.2439528,3.6596253,3.7146256,replica_02_seed20260932,True
3510.0,0.9496821,5.2719097,5.2931023,2.974742,3.695485,replica_02_seed20260932,True
3520.0,0.9054828,5.2393813,5.250628,3.7059312,3.8800168,replica_02_seed20260932,True
3530.0,1.0633535,5.266121,5.2839303,3.6355016,4.1340647,replica_02_seed20260932,True
3540.0,0.99913365,5.155779,5.2412863,3.5736175,3.807206,replica_02_seed20260932,True
3550.0,1.0370922,5.2088766,5.2518992,3.5289798,3.5495815,replica_02_seed20260932,True
3560.0,0.84945786,5.1901913,5.4280305,3.2409596,3.3073664,replica_02_seed20260932,True
3570.0,1.0357625,5.1445208,5.340144,3.1057549,3.1865191,replica_02_seed20260932,True
3580.0,0.9069071,5.3209324,5.3058777,3.2162876,3.6703649,replica_02_seed20260932,True
3590.0,0.8277004,5.1100974,5.3585696,2.9059753,3.5069485,replica_02_seed20260932,True
3600.0,1.003605,5.1549444,5.2886066,3.427719,3.5343077,replica_02_seed20260932,True
3610.0,0.9889691,5.1544666,5.355771,2.987904,3.0122848,replica_02_seed20260932,True
3620.0,0.97269416,5.1237507,5.2793384,3.3815763,2.951691,replica_02_seed20260932,True
3630.0,0.9527968,5.1797194,5.308649,3.3855567,3.8169858,replica_02_seed20260932,True
3640.0,1.1131427,5.233174,5.107957,3.3681574,3.453436,replica_02_seed20260932,True
3650.0,1.2615433,5.2958446,4.9022665,3.1277606,3.5070884,replica_02_seed20260932,True
3660.0,1.0259051,5.236993,4.96937,3.4356496,3.4159062,replica_02_seed20260932,True
3670.0,1.072827,5.1887665,4.8533287,3.2312613,3.3290439,replica_02_seed20260932,True
3680.0,0.9526783,5.1197953,4.7965093,2.9039836,3.2016933,replica_02_seed20260932,True
3690.0,0.9470508,5.214209,4.996282,3.2385015,3.8586235,replica_02_seed20260932,True
3700.0,1.1458384,5.1772833,4.837291,3.298128,3.8313093,replica_02_seed20260932,True
3710.0,1.2642984,5.216742,5.009734,3.088249,4.1007586,replica_02_seed20260932,True
3720.0,1.1424613,5.1890206,4.840559,2.8790734,4.070268,replica_02_seed20260932,True
3730.0,1.0901212,5.1935744,4.9867706,2.6096585,4.0728016,replica_02_seed20260932,True
3740.0,1.2834437,5.082445,5.0286503,2.7114952,4.252397,replica_02_seed20260932,True
3750.0,1.1880449,5.0547094,5.1877575,3.7020051,3.8055625,replica_02_seed20260932,True
3760.0,1.2074766,5.187078,5.1227355,3.8300729,4.3094883,replica_02_seed20260932,True
3770.0,1.4326808,5.3000364,5.157009,4.2204485,4.504164,replica_02_seed20260932,True
3780.0,1.2078844,5.1266613,5.2237773,3.6860225,4.262006,replica_02_seed20260932,True
3790.0,1.2340044,5.126113,5.1061435,3.692629,4.038596,replica_02_seed20260932,True
3800.0,1.4322525,5.1591105,5.090616,3.5973406,4.1112404,replica_02_seed20260932,True
3810.0,1.5592598,5.146094,5.2132673,3.781285,4.049452,replica_02_seed20260932,True
3820.0,1.2389611,5.2229652,5.278821,4.0211005,4.282734,replica_02_seed20260932,True
3830.0,1.2519567,5.115208,5.257764,3.1445336,3.751185,replica_02_seed20260932,True
3840.0,1.0982168,5.0626764,5.198901,3.1720088,3.700957,replica_02_seed20260932,True
3850.0,1.1488737,5.1122766,5.2469425,3.2427135,3.4962485,replica_02_seed20260932,True
3860.0,1.1859279,5.193534,5.0806513,2.766995,3.393845,replica_02_seed20260932,True
3870.0,0.9072541,5.1337013,5.204137,2.7611995,3.5448685,replica_02_seed20260932,True
3880.0,0.9176224,5.2266197,5.1387205,3.075346,3.9878013,replica_02_seed20260932,True
3890.0,0.81197715,5.1624756,5.1994395,2.4899883,3.2485847,replica_02_seed20260932,True
3900.0,0.8021378,5.052233,5.119116,2.9553893,3.5394537,replica_02_seed20260932,True
3910.0,0.96707636,5.2235584,5.0441356,2.975861,3.872045,replica_02_seed20260932,True
3920.0,0.8207929,5.26072,4.958683,3.0630672,3.8449578,replica_02_seed20260932,True
3930.0,0.6581191,5.1590576,5.1384344,2.8041973,4.097677,replica_02_seed20260932,True
3940.0,0.80288446,5.157692,4.9305034,3.0692985,3.639256,replica_02_seed20260932,True
3950.0,0.8968226,5.190025,5.05752,3.6748996,4.50597,replica_02_seed20260932,True
3960.0,0.84043777,5.028737,5.2594905,3.2478857,3.870171,replica_02_seed20260932,True
3970.0,0.89621985,5.1909857,5.115909,3.1100667,4.2274427,replica_02_seed20260932,True
3980.0,0.7233641,5.2556486,5.268965,3.1866922,3.5473788,replica_02_seed20260932,True
3990.0,0.8969537,5.285401,5.1705036,3.1199393,4.109418,replica_02_seed20260932,True
4000.0,0.9566957,5.2204084,5.171302,3.2150574,4.1776223,replica_02_seed20260932,True
4010.0,0.84862477,5.294031,5.157708,3.2833767,4.18925,replica_02_seed20260932,True
4020.0,0.96099246,5.3971076,5.2369065,3.4677534,4.428314,replica_02_seed20260932,True
4030.0,1.174828,5.243401,5.1369123,3.4018424,3.897121,replica_02_seed20260932,True
4040.0,0.7662003,5.256484,5.2556844,3.39133,3.9879174,replica_02_seed20260932,True
4050.0,0.7713896,5.1908393,5.1683693,3.0463567,3.8181982,replica_02_seed20260932,True
4060.0,0.9686217,5.0969715,5.0429134,2.9780042,3.8342242,replica_02_seed20260932,True
4070.0,0.9006851,5.2180285,4.999964,2.8532372,3.7484856,replica_02_seed20260932,True
4080.0,0.86506754,5.245504,4.935753,3.176231,4.3167458,replica_02_seed20260932,True
4090.0,0.85311556,5.3141756,5.0159593,2.9512935,3.8537698,replica_02_seed20260932,True
4100.0,0.890655,5.2170696,5.042863,2.9177613,3.9544618,replica_02_seed20260932,True
4110.0,0.93158126,5.235092,4.7823544,2.7772074,3.8878317,replica_02_seed20260932,True
4120.0,0.78603274,5.2556143,4.8811274,2.6914346,4.1232862,replica_02_seed20260932,True
4130.0,0.83261335,5.2730875,4.8280134,2.7394614,4.1924276,replica_02_seed20260932,True
4140.0,0.73785746,5.242776,5.0705047,2.7785504,4.1108046,replica_02_seed20260932,True
4150.0,0.8780776,5.3332024,5.0437636,2.3782408,3.9821777,replica_02_seed20260932,True
4160.0,0.8322314,5.2779937,5.083968,3.0166626,3.6690834,replica_02_seed20260932,True
4170.0,0.9264349,5.2088923,5.199055,3.1538367,3.3061123,replica_02_seed20260932,True
4180.0,1.0625311,5.2760754,5.171428,2.8189442,3.4739118,replica_02_seed20260932,True
4190.0,0.84919393,5.2438374,5.007382,2.875206,3.9525769,replica_02_seed20260932,True
4200.0,0.92194945,5.2721663,5.131139,3.5220482,4.507217,replica_02_seed20260932,True
4210.0,0.8332182,5.1603355,5.023062,3.365439,4.278878,replica_02_seed20260932,True
4220.0,1.0933938,5.1043706,4.9985876,3.520609,4.278889,replica_02_seed20260932,True
4230.0,0.7064357,5.287737,5.0307326,3.6319919,4.156567,replica_02_seed20260932,True
4240.0,0.87996536,5.2858596,4.9900107,3.5164075,4.219078,replica_02_seed20260932,True
4250.0,0.834021,5.2654104,4.9865727,3.136963,4.362597,replica_02_seed20260932,True
4260.0,0.9027386,5.203035,4.7641425,3.0391822,4.0656714,replica_02_seed20260932,True
4270.0,0.7497304,5.268655,4.855456,2.9537966,3.7958646,replica_02_seed20260932,True
4280.0,0.98807025,5.2717543,4.737645,3.0746384,4.1102715,replica_02_seed20260932,True
4290.0,0.92077816,5.1438384,4.7207437,2.3071122,3.5982976,replica_02_seed20260932,True
4300.0,1.064132,5.1673956,4.7590857,3.1889396,4.493409,replica_02_seed20260932,True
4310.0,0.82857555,5.113866,4.564664,2.721648,4.3150077,replica_02_seed20260932,True
4320.0,0.8523774,5.2725463,4.5059447,2.779007,4.171086,replica_02_seed20260932,True
4330.0,1.1818585,5.187473,4.5934544,3.2253976,4.5140953,replica_02_seed20260932,True
4340.0,0.8670112,5.1548405,4.69208,3.181801,4.2026834,replica_02_seed20260932,True
4350.0,0.8451865,5.2401505,4.84752,2.5107393,3.8790755,replica_02_seed20260932,True
4360.0,0.7580709,5.319435,4.761447,2.7773266,4.255047,replica_02_seed20260932,True
4370.0,0.9580106,5.1999264,4.974903,3.460777,4.537462,replica_02_seed20260932,True
4380.0,1.0209212,5.1563864,4.969649,3.5683692,3.7442896,replica_02_seed20260932,True
4390.0,1.0985236,5.1735897,4.9765563,3.215728,3.6893628,replica_02_seed20260932,True
4400.0,0.91436017,5.103796,5.100361,3.5940053,3.8290322,replica_02_seed20260932,True
4410.0,0.88810295,5.240478,4.950866,3.1164935,3.96577,replica_02_seed20260932,True
4420.0,1.2258614,5.3015466,4.8254485,3.3274384,3.9791968,replica_02_seed20260932,True
4430.0,0.858483,5.1621966,4.872784,3.093393,3.9703684,replica_02_seed20260932,True
4440.0,1.0710521,5.058131,4.920663,3.393228,3.5904005,replica_02_seed20260932,True
4450.0,0.70137316,5.2050085,5.052056,2.2195413,4.223057,replica_02_seed20260932,True
4460.0,0.7599242,5.117214,5.065481,2.7009125,3.7802649,replica_02_seed20260932,True
4470.0,0.7122638,5.1587877,5.1479216,2.5709105,4.0001035,replica_02_seed20260932,True
4480.0,1.0582097,5.1951385,5.0623364,2.9144166,3.6846929,replica_02_seed20260932,True
4490.0,0.97392225,5.2109003,5.0310783,2.763252,3.6648946,replica_02_seed20260932,True
4500.0,1.1895063,5.1797323,5.108264,3.2017736,3.8436074,replica_02_seed20260932,True
4510.0,1.0955433,5.1721506,5.139016,2.7263541,3.2523646,replica_02_seed20260932,True
4520.0,1.0023261,5.116525,5.108508,2.6809547,3.9404156,replica_02_seed20260932,True
4530.0,1.0197155,5.221895,5.091002,2.715452,3.8118868,replica_02_seed20260932,True
4540.0,1.2920946,5.083382,4.9048796,3.1780066,3.6370075,replica_02_seed20260932,True
4550.0,1.057302,5.2131443,4.9081426,2.6894927,3.9666631,replica_02_seed20260932,True
4560.0,0.9841018,5.2590876,5.0569944,2.837624,3.542275,replica_02_seed20260932,True
4570.0,1.2023596,5.2959895,4.834572,3.2129035,3.7020018,replica_02_seed20260932,True
4580.0,0.9944265,5.2613444,4.7811646,2.9998279,4.1004167,replica_02_seed20260932,True
4590.0,0.90037084,5.203583,4.862337,2.6997402,4.0943503,replica_02_seed20260932,True
4600.0,0.92426366,5.321872,4.991651,2.9247425,3.8329287,replica_02_seed20260932,True
4610.0,1.0550823,5.258898,4.874671,2.7547412,3.1641545,replica_02_seed20260932,True
4620.0,1.1487975,5.122656,5.021381,2.9076886,3.7841358,replica_02_seed20260932,True
4630.0,1.0333228,5.1411076,5.1090794,3.1293917,3.6529312,replica_02_seed20260932,True
4640.0,1.1375395,5.1896286,5.012536,2.6502066,3.6265013,replica_02_seed20260932,True
4650.0,0.96652067,5.1909294,5.1876936,3.147693,3.757756,replica_02_seed20260932,True
4660.0,1.2115017,4.9799223,5.2297873,2.9524503,3.7815971,replica_02_seed20260932,True
4670.0,1.284054,5.273049,5.2166195,3.1658437,3.712692,replica_02_seed20260932,True
4680.0,1.0644845,5.1908803,5.380374,4.026101,4.001674,replica_02_seed20260932,True
4690.0,1.1966139,5.119465,5.406828,4.077591,4.23413,replica_02_seed20260932,True
4700.0,1.2732866,5.2951126,5.2789717,3.319076,3.8207982,replica_02_seed20260932,True
4710.0,1.1556631,5.2016616,5.3162203,3.8135288,4.1192784,replica_02_seed20260932,True
4720.0,1.3379215,5.110492,5.4590607,4.3991985,3.9244995,replica_02_seed20260932,True
4730.0,1.2873709,5.181603,5.464413,3.864658,3.1727314,replica_02_seed20260932,True
4740.0,1.33536,5.225101,5.36489,4.0388174,3.7230186,replica_02_seed20260932,True
4750.0,1.3282818,5.2187977,5.2387853,3.9972816,3.4905932,replica_02_seed20260932,True
4760.0,1.4585007,5.2669516,5.3307796,4.047274,3.3717427,replica_02_seed20260932,True
4770.0,1.2852418,5.132596,5.320871,3.8878152,3.6106615,replica_02_seed20260932,True
4780.0,1.2491975,5.15979,5.324462,3.5907373,3.225968,replica_02_seed20260932,True
4790.0,1.1616032,5.190653,5.3462367,3.8818324,3.4617546,replica_02_seed20260932,True
4800.0,0.9874797,5.0848074,5.6658573,3.1425767,3.5362701,replica_02_seed20260932,True
4810.0,1.3281226,5.230999,5.7285,4.505418,3.715364,replica_02_seed20260932,True
4820.0,1.4273267,5.2286334,5.816252,4.2579484,3.558587,replica_02_seed20260932,True
4830.0,1.2957859,5.201865,5.7975082,3.8473716,3.5837955,replica_02_seed20260932,True
4840.0,1.5518343,5.2644854,5.6881247,4.16462,3.4886205,replica_02_seed20260932,True
4850.0,1.3871541,5.131385,5.863473,4.048681,3.5919251,replica_02_seed20260932,True
4860.0,1.4526576,5.1083207,5.999362,4.1535654,3.270526,replica_02_seed20260932,True
4870.0,1.1867572,5.1878686,6.043413,3.8656301,3.4961212,replica_02_seed20260932,True
4880.0,1.1882522,5.21605,6.186549,3.8584065,3.5906494,replica_02_seed20260932,True
4890.0,1.1875163,5.2420163,6.05078,4.1735086,3.844777,replica_02_seed20260932,True
4900.0,1.2555659,5.196428,5.9412694,4.5448666,3.8482766,replica_02_seed20260932,True
4910.0,1.3720918,5.364669,5.775343,4.0249476,3.4567566,replica_02_seed20260932,True
4920.0,1.4078891,5.2645626,5.8013244,3.891773,3.8251302,replica_02_seed20260932,True
4930.0,1.1872044,5.3689327,5.6292124,3.6690001,3.7921352,replica_02_seed20260932,True
4940.0,1.3785856,5.2467527,5.698413,4.1604905,3.533065,replica_02_seed20260932,True
4950.0,1.5975063,5.211561,5.7505217,3.9918015,3.5066848,replica_02_seed20260932,True
4960.0,1.4511535,5.3306246,5.8054104,4.0469174,3.848132,replica_02_seed20260932,True
4970.0,1.3509617,5.2570066,5.7726307,4.0742817,3.5633035,replica_02_seed20260932,True
4980.0,1.5019507,5.20701,5.7933846,3.934225,3.8334117,replica_02_seed20260932,True
4990.0,1.3698542,5.242794,5.80493,4.435833,3.965067,replica_02_seed20260932,True
5000.0,1.2576215,5.3117847,5.531207,4.51045,4.2164927,replica_02_seed20260932,True
5010.0,1.2728398,5.347602,5.2948737,4.320467,4.1245875,replica_02_seed20260932,True
5020.0,1.3085136,5.3743744,5.156554,3.865986,4.0486913,replica_02_seed20260932,True
5030.0,1.1969327,5.3203297,5.204866,3.8168893,4.064044,replica_02_seed20260932,True
5040.0,1.4238112,5.274516,5.203879,3.7863603,4.0627985,replica_02_seed20260932,True
5050.0,1.3332814,5.2562265,5.2261295,3.5189462,3.9244225,replica_02_seed20260932,True
5060.0,1.2331243,5.3423977,5.419285,3.2702434,3.8594742,replica_02_seed20260932,True
5070.0,1.2910831,5.3795724,5.289686,4.120743,4.8908606,replica_02_seed20260932,True
5080.0,1.2137458,5.2611732,5.2014427,3.530517,3.543192,replica_02_seed20260932,True
5090.0,1.2192256,5.3725376,5.05865,3.4823778,3.6876118,replica_02_seed20260932,True
5100.0,1.2097516,5.2398963,5.042428,3.166226,3.6743472,replica_02_seed20260932,True
5110.0,1.2082595,5.2675204,5.2935023,3.3795109,3.5490932,replica_02_seed20260932,True
5120.0,1.1811051,5.335109,5.2183056,3.7128963,4.356452,replica_02_seed20260932,True
5130.0,1.2745967,5.3892603,5.2922983,3.5727081,3.9629831,replica_02_seed20260932,True
5140.0,1.3002884,5.24037,5.356798,3.6704872,3.8375583,replica_02_seed20260932,True
5150.0,1.1585176,5.3362856,5.4278283,3.0773962,3.9769964,replica_02_seed20260932,True
5160.0,1.1297327,5.3275394,5.1994543,3.0216231,3.833735,replica_02_seed20260932,True
5170.0,1.072074,5.3161964,5.4312634,3.0506368,3.7623124,replica_02_seed20260932,True
5180.0,1.4176053,5.307288,5.4929247,3.0867515,3.5035527,replica_02_seed20260932,True
5190.0,1.135086,5.2989907,5.503474,3.112122,3.9007654,replica_02_seed20260932,True
5200.0,1.3243642,5.3076878,5.609461,3.6548934,3.7838314,replica_02_seed20260932,True
5210.0,1.1194235,5.3737235,5.554721,3.471999,4.748432,replica_02_seed20260932,True
5220.0,1.3259667,5.297709,5.310912,3.166975,3.7967036,replica_02_seed20260932,True
5230.0,1.3443651,5.242587,5.096454,3.4604442,3.8194394,replica_02_seed20260932,True
5240.0,1.2236384,5.2328863,5.088203,3.1197186,3.5764086,replica_02_seed20260932,True
5250.0,1.2139788,5.3537416,4.9162664,3.1164236,3.502681,replica_02_seed20260932,True
5260.0,1.2978108,5.1585493,5.011257,3.1754203,3.3921556,replica_02_seed20260932,True
5270.0,1.5876956,5.235803,5.162737,3.0919554,3.3891063,replica_02_seed20260932,True
5280.0,1.4795583,5.2427416,5.12696,3.0263262,3.4620295,replica_02_seed20260932,True
5290.0,1.3170011,5.202217,5.147705,3.1718073,3.5473,replica_02_seed20260932,True
5300.0,1.4428173,5.241094,5.0462427,3.4915376,3.613554,replica_02_seed20260932,True
5310.0,1.2034537,5.3065653,4.989715,3.7249959,3.8546424,replica_02_seed20260932,True
5320.0,1.2945281,5.324652,5.000768,3.5845585,4.297199,replica_02_seed20260932,True
5330.0,1.1791899,5.352166,4.8545103,2.6519327,3.7128236,replica_02_seed20260932,True
5340.0,1.187333,5.223313,4.719668,2.8699684,3.2406874,replica_02_seed20260932,True
5350.0,1.2787066,5.2221556,4.5843344,2.8562772,3.5478628,replica_02_seed20260932,True
5360.0,1.0520847,5.2242594,4.594858,2.743502,3.698855,replica_02_seed20260932,True
5370.0,1.2840021,5.26421,4.7490363,2.7183592,3.562461,replica_02_seed20260932,True
5380.0,1.5286411,5.2372365,4.744952,3.1639066,4.1000676,replica_02_seed20260932,True
5390.0,0.98545754,5.2360153,4.8994336,3.2253363,4.0337667,replica_02_seed20260932,True
5400.0,1.613487,5.254716,4.9149466,3.3614957,3.6605663,replica_02_seed20260932,True
5410.0,1.4937736,5.1722784,4.7079654,3.1223803,3.3446426,replica_02_seed20260932,True
5420.0,1.5692359,5.157146,4.89192,3.3079934,3.247179,replica_02_seed20260932,True
5430.0,1.2397985,5.25611,4.8876767,3.1641233,3.43257,replica_02_seed20260932,True
5440.0,1.2665429,5.2950406,4.8666124,3.175664,4.032653,replica_02_seed20260932,True
5450.0,0.97553337,5.381509,4.773693,3.1961322,3.619957,replica_02_seed20260932,True
5460.0,1.2902087,5.3490443,4.849328,3.4658196,3.6716146,replica_02_seed20260932,True
5470.0,1.2229433,5.3184505,4.9009566,3.4334178,3.7501767,replica_02_seed20260932,True
5480.0,1.1729406,5.4023647,5.0955844,3.7534082,3.8127575,replica_02_seed20260932,True
5490.0,1.4328628,5.389242,5.072627,3.864904,3.7809408,replica_02_seed20260932,True
5500.0,1.2393985,5.295537,5.1461315,3.940369,4.157587,replica_02_seed20260932,True
5510.0,1.3090868,5.3458366,5.1875477,4.050677,4.21801,replica_02_seed20260932,True
5520.0,1.1188867,5.3489757,5.127366,3.5732236,3.141749,replica_02_seed20260932,True
5530.0,1.3427173,5.400961,5.066664,4.0128284,3.9488578,replica_02_seed20260932,True
5540.0,1.4012522,5.4214506,5.1362805,3.8358498,4.0090747,replica_02_seed20260932,True
5550.0,1.4384205,5.424243,5.217858,3.7060692,4.0252447,replica_02_seed20260932,True
5560.0,1.3794119,5.3895636,5.08368,3.7080483,4.1019497,replica_02_seed20260932,True
5570.0,1.4741458,5.425084,5.057835,3.7049637,4.2967286,replica_02_seed20260932,True
5580.0,1.4013224,5.37654,5.0843377,3.5613427,3.9831204,replica_02_seed20260932,True
5590.0,1.3043892,5.4429507,5.115161,3.3878949,3.9653287,replica_02_seed20260932,True
5600.0,1.312872,5.3385534,5.08281,3.2998576,3.9210904,replica_02_seed20260932,True
5610.0,1.1728023,5.3563685,5.07148,3.069076,3.4617937,replica_02_seed20260932,True
5620.0,1.1059357,5.3526063,5.1288705,3.3942702,3.8731,replica_02_seed20260932,True
5630.0,1.2955737,5.341386,5.1484823,3.5068986,3.805795,replica_02_seed20260932,True
5640.0,1.183259,5.2808094,4.993051,3.5124755,4.0657883,replica_02_seed20260932,True
5650.0,1.3022184,5.422367,5.3073664,3.6170115,3.983492,replica_02_seed20260932,True
5660.0,1.2951344,5.4541245,5.424713,3.4921203,4.068966,replica_02_seed20260932,True
5670.0,1.3261416,5.386323,5.273475,3.594688,4.337119,replica_02_seed20260932,True
5680.0,1.3118038,5.403194,5.159628,3.1998262,3.8217857,replica_02_seed20260932,True
5690.0,1.3763874,5.456943,5.166851,3.432317,4.111565,replica_02_seed20260932,True
5700.0,1.3346338,5.440403,5.3187256,3.202351,3.7996569,replica_02_seed20260932,True
5710.0,1.2857511,5.410413,5.1933193,2.987201,3.8992777,replica_02_seed20260932,True
5720.0,1.424262,5.344095,5.2472353,3.203587,3.9922104,replica_02_seed20260932,True
5730.0,1.4831109,5.4153686,5.2698445,3.4055552,4.2173367,replica_02_seed20260932,True
5740.0,1.2675517,5.4263396,5.484765,3.3846438,3.957605,replica_02_seed20260932,True
5750.0,1.2975866,5.4074297,5.5207977,3.1461897,3.5238967,replica_02_seed20260932,True
5760.0,1.229047,5.3852177,5.231119,3.0340638,3.9043884,replica_02_seed20260932,True
5770.0,1.2653679,5.359785,5.158922,2.768656,3.5512283,replica_02_seed20260932,True
5780.0,1.3530684,5.4287724,5.114811,3.0129125,3.9059594,replica_02_seed20260932,True
5790.0,1.3031775,5.303579,5.116969,2.6801133,3.8098478,replica_02_seed20260932,True
5800.0,1.3260673,5.3949804,5.081939,2.6456122,3.6697993,replica_02_seed20260932,True
5810.0,1.2014974,5.4254966,5.1483393,2.6656961,3.8876534,replica_02_seed20260932,True
5820.0,1.1715956,5.396457,5.1534243,2.4676855,3.4917269,replica_02_seed20260932,True
5830.0,1.3245707,5.3275967,5.287011,2.6965978,3.5648007,replica_02_seed20260932,True
5840.0,1.3574125,5.369872,5.227064,2.859828,4.0147486,replica_02_seed20260932,True
5850.0,1.2250677,5.396722,5.1771026,2.446344,3.6305113,replica_02_seed20260932,True
5860.0,1.361542,5.4676003,5.2006,2.7274678,3.381934,replica_02_seed20260932,True
5870.0,1.3108486,5.31352,5.4303555,2.6042411,3.1325579,replica_02_seed20260932,True
5880.0,1.1553935,5.2670946,5.477351,2.5376215,3.6409082,replica_02_seed20260932,True
5890.0,1.1222767,5.346758,5.370767,2.967799,3.2667189,replica_02_seed20260932,True
5900.0,1.2428281,5.3576183,5.394883,2.9354167,3.444407,replica_02_seed20260932,True
5910.0,1.1920545,5.330982,5.4878054,3.0143905,3.6812344,replica_02_seed20260932,True
5920.0,1.278305,5.4724064,5.5854506,2.9543974,3.7486315,replica_02_seed20260932,True
5930.0,1.3177179,5.4058795,5.709463,2.9227285,3.7493849,replica_02_seed20260932,True
5940.0,1.0961075,5.3876696,5.7008224,3.005176,3.7346659,replica_02_seed20260932,True
5950.0,1.315999,5.443682,5.970633,2.8304532,3.9267504,replica_02_seed20260932,True
5960.0,1.2915361,5.513815,5.903035,3.050972,4.158488,replica_02_seed20260932,True
5970.0,1.314324,5.406227,6.02839,3.2019424,3.7435234,replica_02_seed20260932,True
5980.0,1.3968804,5.3601365,6.034997,3.4105654,3.4992697,replica_02_seed20260932,True
5990.0,0.98219407,5.324733,6.1050243,3.544121,3.2910502,replica_02_seed20260932,True
6000.0,1.2161268,5.408383,5.823789,2.9496634,3.4947634,replica_02_seed20260932,True
6010.0,1.235118,5.3931975,5.7460403,3.2448032,3.9683747,replica_02_seed20260932,True
6020.0,1.2419505,5.3947663,5.7011895,2.8356833,3.560405,replica_02_seed20260932,True
6030.0,1.2096347,5.3401084,5.56274,2.506433,3.7723007,replica_02_seed20260932,True
6040.0,1.4266305,5.3667173,5.563756,3.0080554,3.770381,replica_02_seed20260932,True
6050.0,1.2042193,5.3081317,5.4616327,3.1066906,3.7526357,replica_02_seed20260932,True
6060.0,1.2453629,5.36813,5.4093413,3.0357895,3.5140457,replica_02_seed20260932,True
6070.0,1.4879663,5.445094,5.4273534,3.1684585,3.6397634,replica_02_seed20260932,True
6080.0,1.388572,5.412297,5.165514,3.2302723,3.847446,replica_02_seed20260932,True
6090.0,1.3028432,5.3796935,5.0877666,3.1176746,3.7643151,replica_02_seed20260932,True
6100.0,1.4121603,5.318717,5.042095,2.9533865,3.8962903,replica_02_seed20260932,True
6110.0,1.2810724,5.4141765,5.214882,2.7315392,3.9003477,replica_02_seed20260932,True
6120.0,1.2417892,5.3693886,5.0774307,2.97449,4.0910654,replica_02_seed20260932,True
6130.0,1.3848629,5.499287,5.1463227,2.7286289,3.5133467,replica_02_seed20260932,True
6140.0,1.4405262,5.3162932,5.1478395,3.0573168,3.306624,replica_02_seed20260932,True
6150.0,1.3983123,5.2957077,5.0450106,2.9396262,3.5641985,replica_02_seed20260932,True
6160.0,1.2858254,5.348143,4.9599013,2.9671242,3.4781268,replica_02_seed20260932,True
6170.0,1.294049,5.3106856,5.0889535,3.1808224,3.4156992,replica_02_seed20260932,True
6180.0,1.4878938,5.2881136,4.7452374,3.1381319,3.0961828,replica_02_seed20260932,True
6190.0,1.1845586,5.4038277,4.8139687,3.0523877,3.7013998,replica_02_seed20260932,True
6200.0,1.3494407,5.449505,4.8518476,2.84075,3.694209,replica_02_seed20260932,True
6210.0,1.0947,5.369856,4.7473946,2.7850282,3.42077,replica_02_seed20260932,True
6220.0,1.3785982,5.421029,4.70702,3.1411757,3.718846,replica_02_seed20260932,True
6230.0,1.508581,5.4323153,4.656697,2.975322,3.5272052,replica_02_seed20260932,True
6240.0,1.0908339,5.3634686,4.682284,3.1689773,3.2074804,replica_02_seed20260932,True
6250.0,1.2489518,5.3554535,4.5933123,3.1757522,3.5429475,replica_02_seed20260932,True
6260.0,1.3791447,5.3272843,4.7823963,3.2959337,3.5365276,replica_02_seed20260932,True
6270.0,1.3551624,5.398465,4.8316693,3.0885477,3.2764683,replica_02_seed20260932,True
6280.0,1.1339709,5.4017596,4.889944,3.2957344,3.9066973,replica_02_seed20260932,True
6290.0,1.2352827,5.3817034,4.62228,2.8629708,3.7252018,replica_02_seed20260932,True
6300.0,1.351919,5.464753,4.76697,2.98401,3.2689312,replica_02_seed20260932,True
6310.0,1.3374604,5.419707,4.8463593,3.1903698,3.9275656,replica_02_seed20260932,True
6320.0,1.1762099,5.4044824,5.042948,3.1236749,3.22904,replica_02_seed20260932,True
6330.0,1.2319146,5.479908,5.0396924,3.1516528,3.2926664,replica_02_seed20260932,True
6340.0,1.2637765,5.344347,5.0545273,3.0341685,2.5515013,replica_02_seed20260932,True
6350.0,1.2283459,5.3990192,5.0967093,3.1457434,3.6396575,replica_02_seed20260932,True
6360.0,1.2333511,5.39935,5.312847,3.0110583,3.2406063,replica_02_seed20260932,True
6370.0,1.297224,5.394829,5.265601,3.1234212,3.7684152,replica_02_seed20260932,True
6380.0,1.2954068,5.41708,5.234056,3.1696723,3.0793526,replica_02_seed20260932,True
6390.0,1.3463677,5.4169374,5.3636794,3.2910223,3.6407642,replica_02_seed20260932,True
6400.0,1.2956302,5.3561106,5.449418,3.169699,3.5157924,replica_02_seed20260932,True
6410.0,1.2354114,5.409831,5.2629967,3.1564877,3.633914,replica_02_seed20260932,True
6420.0,1.3333017,5.3585267,5.1305685,3.2539635,3.5285802,replica_02_seed20260932,True
6430.0,1.2838659,5.3481836,5.126541,3.0253448,3.6128685,replica_02_seed20260932,True
6440.0,1.2000968,5.428155,5.135278,3.1000018,3.2840028,replica_02_seed20260932,True
6450.0,1.2901249,5.3498583,4.9000607,3.0222201,3.6913836,replica_02_seed20260932,True
6460.0,1.285682,5.4647474,5.305836,2.9836526,3.665943,replica_02_seed20260932,True
6470.0,1.2056257,5.3719144,5.240103,2.9382958,3.707565,replica_02_seed20260932,True
6480.0,1.1910247,5.382474,5.152466,3.1144927,2.9425,replica_02_seed20260932,True
6490.0,1.2205547,5.3933387,5.0526,2.6495142,3.626921,replica_02_seed20260932,True
6500.0,1.367234,5.4047823,5.047448,3.1333213,3.3652852,replica_02_seed20260932,True
6510.0,1.1234884,5.36223,4.8000517,2.6372857,3.0945354,replica_02_seed20260932,True
6520.0,1.3242514,5.465915,4.779286,3.2077816,3.1296325,replica_02_seed20260932,True
6530.0,1.1594228,5.406099,4.8212852,2.9698987,3.0871668,replica_02_seed20260932,True
6540.0,1.3441489,5.373659,4.9588113,2.7104065,3.320429,replica_02_seed20260932,True
6550.0,1.1722927,5.4073772,4.943808,3.1527162,2.957795,replica_02_seed20260932,True
6560.0,1.2387956,5.405185,4.9983006,3.1391153,3.5685782,replica_02_seed20260932,True
6570.0,1.2771481,5.394776,4.8522243,2.8063927,3.443283,replica_02_seed20260932,True
6580.0,1.3228176,5.39863,4.728007,2.974353,3.48,replica_02_seed20260932,True
6590.0,1.3415779,5.4352446,4.670617,2.830279,3.684071,replica_02_seed20260932,True
6600.0,1.1876569,5.4738636,4.681944,2.816227,3.6250994,replica_02_seed20260932,True
6610.0,1.3328177,5.428725,4.554345,2.5513337,3.4929476,replica_02_seed20260932,True
6620.0,1.3194921,5.395458,4.4802485,2.5972378,3.2139,replica_02_seed20260932,True
6630.0,1.1907737,5.3523226,4.3053045,2.9985657,3.5021904,replica_02_seed20260932,True
6640.0,1.2360932,5.3412867,4.2370386,2.7660422,3.6537716,replica_02_seed20260932,True
6650.0,1.2816678,5.366657,4.296329,2.7112951,3.5833435,replica_02_seed20260932,True
6660.0,1.170621,5.3603706,4.11336,2.574961,3.5540504,replica_02_seed20260932,True
6670.0,1.3489412,5.3805876,4.220914,3.0356917,3.2657793,replica_02_seed20260932,True
6680.0,1.297354,5.425288,4.351647,2.881134,3.3843043,replica_02_seed20260932,True
6690.0,1.2599851,5.3948345,4.498247,2.5041938,3.4199052,replica_02_seed20260932,True
6700.0,1.3742702,5.4140973,4.553873,2.877019,3.3061724,replica_02_seed20260932,True
6710.0,1.3563536,5.4429665,4.734993,3.080448,3.4054005,replica_02_seed20260932,True
6720.0,1.3361621,5.431986,4.8344817,2.7544994,3.378357,replica_02_seed20260932,True
6730.0,1.1943457,5.321954,4.9284863,2.6512825,2.9026823,replica_02_seed20260932,True
6740.0,1.2739706,5.3107624,4.869664,3.0251095,3.412376,replica_02_seed20260932,True
6750.0,1.1745276,5.327478,4.843713,2.4634578,3.5154688,replica_02_seed20260932,True
6760.0,1.3138257,5.334979,4.9774246,2.5727677,3.349072,replica_02_seed20260932,True
6770.0,1.4351593,5.4328365,4.9782224,2.352164,3.5860715,replica_02_seed20260932,True
6780.0,1.3135788,5.394162,4.945012,2.3336549,3.3866596,replica_02_seed20260932,True
6790.0,1.2235903,5.3719163,4.93108,2.662633,3.5578966,replica_02_seed20260932,True
6800.0,1.1756477,5.358619,4.8670726,2.5286703,3.0165262,replica_02_seed20260932,True
6810.0,1.2733191,5.395393,4.99383,2.7039075,3.0912018,replica_02_seed20260932,True
6820.0,1.3134143,5.3732038,4.940017,2.5800424,3.4368286,replica_02_seed20260932,True
6830.0,1.2584628,5.3629103,4.970986,2.4340622,3.2118921,replica_02_seed20260932,True
6840.0,1.0591689,5.3449936,5.1185684,2.6241252,3.0270529,replica_02_seed20260932,True
6850.0,1.1750878,5.4210587,5.1823754,2.46645,3.5623982,replica_02_seed20260932,True
6860.0,1.4664878,5.3544927,5.3297844,2.5601113,3.4639623,replica_02_seed20260932,True
6870.0,1.330925,5.340951,5.3962154,2.2643926,3.3948178,replica_02_seed20260932,True
6880.0,1.1643285,5.409875,5.200997,2.6594899,3.5132422,replica_02_seed20260932,True
6890.0,1.1080091,5.3861194,5.4865365,2.4094315,3.5733654,replica_02_seed20260932,True
6900.0,1.1534191,5.3248262,5.4440184,2.4948797,3.2863832,replica_02_seed20260932,True
6910.0,1.0580097,5.2789106,5.4101987,2.617392,2.8056555,replica_02_seed20260932,True
6920.0,1.1516539,5.366721,5.4173117,2.261253,3.5313869,replica_02_seed20260932,True
6930.0,1.149944,5.4192204,5.366263,2.5028203,3.6529973,replica_02_seed20260932,True
6940.0,1.3575202,5.3908534,5.3782835,2.8154228,3.1702135,replica_02_seed20260932,True
6950.0,1.2965524,5.3160734,5.371393,2.7525053,3.2341397,replica_02_seed20260932,True
6960.0,1.3098927,5.3769503,5.280421,2.6996388,3.8015246,replica_02_seed20260932,True
6970.0,1.1951425,5.2566786,5.446909,2.4162867,3.4447172,replica_02_seed20260932,True
6980.0,1.1682098,5.411352,5.376173,2.6299777,3.5179493,replica_02_seed20260932,True
6990.0,1.1616524,5.410283,5.2273607,2.7486563,3.3364832,replica_02_seed20260932,True
7000.0,1.1942579,5.290463,5.0856977,2.3558536,3.464565,replica_02_seed20260932,True
7010.0,1.1692653,5.384875,5.047508,2.7462456,3.2186577,replica_02_seed20260932,True
7020.0,1.2262453,5.363925,4.9657574,2.4573734,3.3586454,replica_02_seed20260932,True
7030.0,1.1030719,5.2982802,5.2506013,2.421107,3.6964126,replica_02_seed20260932,True
7040.0,1.2363605,5.408351,5.1511235,2.5207653,3.2624686,replica_02_seed20260932,True
7050.0,1.3061184,5.389739,5.1397457,2.595248,3.3355622,replica_02_seed20260932,True
7060.0,1.420203,5.345159,4.9136777,2.655271,3.8213255,replica_02_seed20260932,True
7070.0,1.31496,5.4406214,5.0024824,2.3009348,3.9277399,replica_02_seed20260932,True
7080.0,1.2953775,5.402637,5.0175405,2.5097623,3.5743265,replica_02_seed20260932,True
7090.0,1.1842124,5.2673054,5.0007067,2.0998833,3.9241407,replica_02_seed20260932,True
7100.0,1.3429279,5.3398633,4.7758846,2.2650542,3.405777,replica_02_seed20260932,True
7110.0,1.3577731,5.3917637,4.7166986,2.7111874,3.1648903,replica_02_seed20260932,True
7120.0,1.2102338,5.414669,4.6716065,2.4255621,3.5905008,replica_02_seed20260932,True
7130.0,1.2133398,5.417028,4.724111,2.4512515,3.5787153,replica_02_seed20260932,True
7140.0,1.2614477,5.3859425,4.5707927,2.2128453,3.121356,replica_02_seed20260932,True
7150.0,1.2979982,5.353511,4.579248,2.5640397,3.329237,replica_02_seed20260932,True
7160.0,1.1488764,5.3816843,4.5918484,2.2026687,3.2696102,replica_02_seed20260932,True
7170.0,1.202386,5.368517,4.4212866,2.4110034,3.330678,replica_02_seed20260932,True
7180.0,1.2476199,5.4249945,4.34558,2.7047257,3.131452,replica_02_seed20260932,True
7190.0,1.1261958,5.433177,4.388171,2.4622152,3.2597423,replica_02_seed20260932,True
7200.0,1.4416898,5.3827705,4.5595903,2.230379,3.744483,replica_02_seed20260932,True
7210.0,1.2751828,5.3522725,4.6632066,2.573333,2.793695,replica_02_seed20260932,True
7220.0,1.3245298,5.315762,4.620753,2.4330442,3.4490442,replica_02_seed20260932,True
7230.0,1.2982284,5.375188,4.784965,2.3563476,3.3520393,replica_02_seed20260932,True
7240.0,1.2573991,5.420592,4.7463245,2.3916576,3.3763223,replica_02_seed20260932,True
7250.0,1.31518,5.3195934,4.709942,2.2295449,3.359878,replica_02_seed20260932,True
7260.0,1.3748044,5.434002,4.655228,2.4355676,3.7039697,replica_02_seed20260932,True
7270.0,1.4276662,5.3921337,4.551966,2.4656253,3.628185,replica_02_seed20260932,True
7280.0,1.4298,5.4091735,4.417569,2.5027301,3.458828,replica_02_seed20260932,True
7290.0,1.3778117,5.3929825,4.58974,2.3720179,3.3342042,replica_02_seed20260932,True
7300.0,1.3821493,5.3860464,4.470437,2.5176752,3.336357,replica_02_seed20260932,True
7310.0,1.4120747,5.436536,4.2245135,2.3869398,3.4235785,replica_02_seed20260932,True
7320.0,1.363553,5.3945537,4.1425037,2.542527,3.2013602,replica_02_seed20260932,True
7330.0,1.2808168,5.4284315,3.9502344,2.405175,3.8090608,replica_02_seed20260932,True
7340.0,1.4442608,5.337548,3.979316,2.5747764,3.6427,replica_02_seed20260932,True
7350.0,1.4340247,5.381667,3.8498518,2.373701,3.6777878,replica_02_seed20260932,True
7360.0,1.3166535,5.38076,3.9487827,2.236273,3.198682,replica_02_seed20260932,True
7370.0,1.2652094,5.3495407,3.9167151,2.3398643,3.1988132,replica_02_seed20260932,True
7380.0,1.4709423,5.3718386,3.6865425,2.561828,3.3474874,replica_02_seed20260932,True
7390.0,1.3068849,5.303918,3.7380176,2.8781793,3.488583,replica_02_seed20260932,True
7400.0,1.1787235,5.474724,3.7810106,2.2266026,3.1712353,replica_02_seed20260932,True
7410.0,1.1420716,5.320444,3.9229026,2.2270174,3.2571542,replica_02_seed20260932,True
7420.0,1.4540051,5.3798037,4.188602,2.4926436,3.499993,replica_02_seed20260932,True
7430.0,1.2998801,5.4469986,4.118219,2.5778482,3.4102533,replica_02_seed20260932,True
7440.0,1.2957896,5.404024,4.03019,2.5437832,3.287127,replica_02_seed20260932,True
7450.0,1.3162189,5.393825,4.195095,2.3426578,3.3540125,replica_02_seed20260932,True
7460.0,1.2759279,5.3077793,4.114409,2.226642,3.9316235,replica_02_seed20260932,True
7470.0,1.3034092,5.4290767,3.9574184,2.4087043,3.5885105,replica_02_seed20260932,True
7480.0,1.4834732,5.36076,3.9666162,2.5220742,3.8362784,replica_02_seed20260932,True
7490.0,1.3178337,5.3638954,3.8105319,2.35503,3.6864054,replica_02_seed20260932,True
7500.0,1.1846633,5.3753824,3.989371,2.3703868,4.0243335,replica_02_seed20260932,True
7510.0,1.1798961,5.412219,3.8013244,2.3869736,3.6815233,replica_02_seed20260932,True
7520.0,1.5145935,5.330967,3.8112469,2.3343692,3.876088,replica_02_seed20260932,True
7530.0,1.4211607,5.3161025,3.8412142,2.4610753,4.1832924,replica_02_seed20260932,True
7540.0,1.4902741,5.427609,3.7936163,2.578454,4.0115557,replica_02_seed20260932,True
7550.0,1.0515633,5.386673,3.9148145,2.4672163,3.6223655,replica_02_seed20260932,True
7560.0,1.3083873,5.3707314,3.9538665,2.5053883,3.621206,replica_02_seed20260932,True
7570.0,1.235154,5.3863864,3.9028702,2.1536813,3.0936491,replica_02_seed20260932,True
7580.0,1.1922197,5.34514,4.045476,2.4803016,3.0943747,replica_02_seed20260932,True
7590.0,1.3947374,5.4447007,3.985571,2.6724668,3.2281783,replica_02_seed20260932,True
7600.0,1.1468132,5.438546,3.9976861,2.5396845,3.5342858,replica_02_seed20260932,True
7610.0,1.2606511,5.4075236,3.9222126,2.2905712,3.4826179,replica_02_seed20260932,True
7620.0,1.2500153,5.375512,3.8421295,2.6746645,3.667707,replica_02_seed20260932,True
7630.0,1.3848515,5.3186936,4.031028,2.3179145,3.9009426,replica_02_seed20260932,True
7640.0,1.3478472,5.317425,3.8901005,2.4811802,3.4295788,replica_02_seed20260932,True
7650.0,1.1867491,5.3355975,3.9732525,2.57851,2.8691375,replica_02_seed20260932,True
7660.0,1.1129271,5.3447795,4.1397495,2.5258198,3.3229694,replica_02_seed20260932,True
7670.0,1.3039285,5.35249,4.3188186,2.4512742,3.8767002,replica_02_seed20260932,True
7680.0,1.24098,5.349551,4.2377653,2.3955514,3.2153926,replica_02_seed20260932,True
7690.0,1.2940981,5.415779,4.301676,2.1628006,3.436532,replica_02_seed20260932,True
7700.0,1.2928915,5.3920345,4.48481,2.2235525,3.728464,replica_02_seed20260932,True
7710.0,1.1305007,5.2842946,4.3887134,2.3951526,3.0346978,replica_02_seed20260932,True
7720.0,1.4322525,5.40217,4.2956905,2.2617939,3.6806517,replica_02_seed20260932,True
7730.0,1.2813427,5.4045696,4.2439666,2.4082694,3.3696773,replica_02_seed20260932,True
7740.0,1.3263118,5.464301,4.201827,2.8437493,3.0409474,replica_02_seed20260932,True
7750.0,1.418781,5.3608017,4.185563,2.6315937,3.2858274,replica_02_seed20260932,True
7760.0,1.3031628,5.3959374,4.1968126,2.5658128,3.515549,replica_02_seed20260932,True
7770.0,1.3194199,5.407896,4.3788276,2.566221,3.2726707,replica_02_seed20260932,True
7780.0,1.2136645,5.4074664,4.4374886,2.35939,3.4687517,replica_02_seed20260932,True
7790.0,1.2328459,5.4011054,4.4921136,2.6624668,3.288964,replica_02_seed20260932,True
7800.0,1.2639726,5.370206,4.597946,2.4084394,3.5707107,replica_02_seed20260932,True
7810.0,1.3732219,5.310437,4.5952296,2.7062366,3.3281236,replica_02_seed20260932,True
7820.0,1.4977744,5.320368,4.558436,2.7581823,3.3744051,replica_02_seed20260932,True
7830.0,1.4432226,5.3147125,4.7083845,2.561658,3.2063012,replica_02_seed20260932,True
7840.0,1.37816,5.3481107,4.7644534,2.792394,3.3801243,replica_02_seed20260932,True
7850.0,1.3283548,5.390441,4.5539427,2.7761314,3.3348207,replica_02_seed20260932,True
7860.0,1.187895,5.4026837,4.5758433,2.7597187,2.9682171,replica_02_seed20260932,True
7870.0,1.3033944,5.369507,4.4584045,2.4872653,3.6112616,replica_02_seed20260932,True
7880.0,1.3654194,5.4139323,4.355156,2.6384811,3.5036752,replica_02_seed20260932,True
7890.0,1.201238,5.3256683,4.385703,2.4359186,3.552303,replica_02_seed20260932,True
7900.0,1.2949921,5.300642,4.2789974,2.5320637,3.22252,replica_02_seed20260932,True
7910.0,1.0580218,5.3835306,4.361,2.4668708,3.5312905,replica_02_seed20260932,True
7920.0,1.2026478,5.4027624,4.3416157,2.615004,3.4610581,replica_02_seed20260932,True
7930.0,1.3381233,5.3272715,4.203916,2.407467,3.6035838,replica_02_seed20260932,True
7940.0,1.3827932,5.3303013,4.3815904,2.497858,3.7610242,replica_02_seed20260932,True
7950.0,1.1584023,5.263483,4.4824576,2.5623646,3.4732654,replica_02_seed20260932,True
7960.0,1.1621476,5.332573,4.508893,2.3308053,3.2324207,replica_02_seed20260932,True
7970.0,1.0223947,5.3248715,4.445359,2.557222,3.1136398,replica_02_seed20260932,True
7980.0,1.1673388,5.361634,4.627869,2.3379464,3.6102343,replica_02_seed20260932,True
7990.0,1.0874598,5.3431945,4.552298,2.2892318,3.665226,replica_02_seed20260932,True
8000.0,1.2838833,5.429594,4.6919594,2.53128,3.651348,replica_02_seed20260932,True
8010.0,1.2991022,5.291781,4.5777936,2.2274313,3.2780576,replica_02_seed20260932,True
8020.0,1.2257473,5.3328366,4.563944,2.5088916,3.7002208,replica_02_seed20260932,True
8030.0,1.2879918,5.341268,4.4345202,2.5106163,3.8568287,replica_02_seed20260932,True
8040.0,1.2783772,5.3728867,4.3299503,2.6961482,3.54593,replica_02_seed20260932,True
8050.0,1.0120661,5.3562646,4.309081,2.3052833,3.5727506,replica_02_seed20260932,True
8060.0,1.2556483,5.462642,4.2677245,2.7597773,3.2850785,replica_02_seed20260932,True
8070.0,1.3085209,5.364871,4.457702,2.2537658,3.7099128,replica_02_seed20260932,True
8080.0,1.3334161,5.2649508,4.4157834,2.5256083,3.2456193,replica_02_seed20260932,True
8090.0,1.1043708,5.45595,4.267707,2.4445658,3.482056,replica_02_seed20260932,True
8100.0,1.3413149,5.4672546,4.308093,2.8668735,3.835843,replica_02_seed20260932,True
8110.0,1.2991977,5.4050374,4.1189404,2.6821108,3.193359,replica_02_seed20260932,True
8120.0,1.2443593,5.3293557,4.267844,3.0110166,2.7636647,replica_02_seed20260932,True
8130.0,1.1246479,5.3119526,4.2328568,2.7123818,3.190625,replica_02_seed20260932,True
8140.0,1.2154942,5.3631206,4.1389213,2.6342325,3.3291607,replica_02_seed20260932,True
8150.0,1.2981035,5.405412,4.153576,2.7743883,3.7959023,replica_02_seed20260932,True
8160.0,1.188069,5.367689,3.991744,2.6874585,3.525056,replica_02_seed20260932,True
8170.0,1.3176864,5.4096174,3.911706,2.848772,3.3737373,replica_02_seed20260932,True
8180.0,1.2011454,5.342517,3.7995,2.7871351,3.3028076,replica_02_seed20260932,True
8190.0,1.1212139,5.3532124,3.6053839,2.3354783,3.8583431,replica_02_seed20260932,True
8200.0,1.3259043,5.4673996,3.6806595,2.5749965,3.5152717,replica_02_seed20260932,True
8210.0,1.1071538,5.3936396,3.718557,2.7461815,3.2207055,replica_02_seed20260932,True
8220.0,1.164746,5.427804,3.662927,2.5318155,3.5909107,replica_02_seed20260932,True
8230.0,1.160382,5.3591914,3.6058495,2.1419358,4.0457196,replica_02_seed20260932,True
8240.0,1.2726175,5.398133,3.6643033,2.409735,3.1888962,replica_02_seed20260932,True
8250.0,1.3195115,5.4287953,3.71115,2.584094,3.232914,replica_02_seed20260932,True
8260.0,1.4390216,5.325118,3.6815743,2.4719791,3.302476,replica_02_seed20260932,True
8270.0,1.2499669,5.3849783,3.7867854,2.442943,3.1326365,replica_02_seed20260932,True
8280.0,1.478547,5.382885,3.8091068,2.458401,3.075616,replica_02_seed20260932,True
8290.0,1.2402908,5.3166304,3.9123683,2.3319623,3.162242,replica_02_seed20260932,True
8300.0,1.2153816,5.392065,3.955419,2.4807363,3.1839623,replica_02_seed20260932,True
8310.0,1.3409168,5.3092957,3.8243673,2.7099786,3.1545267,replica_02_seed20260932,True
8320.0,0.9385675,5.318845,3.9122977,1.6737062,3.4712172,replica_02_seed20260932,True
8330.0,1.1335279,5.3898716,3.8298368,2.5909486,2.6106894,replica_02_seed20260932,True
8340.0,1.2605704,5.3848524,3.8989246,2.9905534,2.7304058,replica_02_seed20260932,True
8350.0,1.2200571,5.367065,4.115692,2.6538885,2.7592967,replica_02_seed20260932,True
8360.0,1.1609874,5.375824,4.0785627,2.339286,3.1556187,replica_02_seed20260932,True
8370.0,1.2726998,5.3504705,4.051608,2.2693725,3.191568,replica_02_seed20260932,True
8380.0,1.3645715,5.3383512,3.9868174,2.6044548,2.831531,replica_02_seed20260932,True
8390.0,1.3087953,5.385875,4.193201,2.5708606,2.8071074,replica_02_seed20260932,True
8400.0,1.1890639,5.416469,4.16438,2.5197973,2.8933973,replica_02_seed20260932,True
8410.0,1.1168534,5.4312224,4.185917,2.4212549,3.1056685,replica_02_seed20260932,True
8420.0,1.277917,5.358803,3.9930859,2.5082695,3.1250608,replica_02_seed20260932,True
8430.0,1.3375818,5.4180374,3.8501463,2.3638992,3.223314,replica_02_seed20260932,True
8440.0,1.1385255,5.4585457,3.7442496,2.556689,2.7822585,replica_02_seed20260932,True
8450.0,1.0545096,5.3666205,4.0342646,2.2492895,2.6552138,replica_02_seed20260932,True
8460.0,1.3186102,5.397934,4.0880976,2.6643624,3.134806,replica_02_seed20260932,True
8470.0,1.1239353,5.40751,4.19048,2.3751988,3.2157495,replica_02_seed20260932,True
8480.0,1.0606506,5.3785205,4.194276,2.9084315,3.2402287,replica_02_seed20260932,True
8490.0,1.1191224,5.382471,4.166562,2.3308496,3.4458547,replica_02_seed20260932,True
8500.0,1.1703902,5.3233104,4.150992,2.9789867,2.8168728,replica_02_seed20260932,True
8510.0,1.2860184,5.3488894,4.1331296,2.6024728,3.4727404,replica_02_seed20260932,True
8520.0,1.3647579,5.304272,3.9767632,2.64465,3.385607,replica_02_seed20260932,True
8530.0,1.2461029,5.4170346,4.0020676,2.416116,3.1488895,replica_02_seed20260932,True
8540.0,1.3654356,5.2837987,4.0855346,2.4738226,3.290954,replica_02_seed20260932,True
8550.0,1.2207447,5.3029256,4.024638,2.338253,3.6402178,replica_02_seed20260932,True
8560.0,1.4103042,5.370269,4.1321893,2.6130571,3.6344407,replica_02_seed20260932,True
8570.0,1.2104676,5.3348417,4.248458,2.681769,3.1436644,replica_02_seed20260932,True
8580.0,1.3793658,5.363974,4.2676835,2.602456,2.6536682,replica_02_seed20260932,True
8590.0,1.1570871,5.311652,4.2976613,2.4330683,2.663226,replica_02_seed20260932,True
8600.0,1.2414436,5.4464684,4.4140644,2.6429462,3.2479339,replica_02_seed20260932,True
8610.0,1.3824023,5.3226748,4.41342,2.5591493,3.0826688,replica_02_seed20260932,True
8620.0,1.2690955,5.371333,4.3904295,2.2496834,3.6829295,replica_02_seed20260932,True
8630.0,1.2844799,5.387909,4.2861843,2.2708788,3.555999,replica_02_seed20260932,True
8640.0,1.1184775,5.30086,4.38317,2.2207284,3.4870882,replica_02_seed20260932,True
8650.0,1.1527326,5.410269,4.440083,2.3995333,3.324571,replica_02_seed20260932,True
8660.0,1.2394447,5.3896527,4.364509,2.4001846,3.282938,replica_02_seed20260932,True
8670.0,1.1162527,5.3011603,4.3051796,2.6327257,2.6327057,replica_02_seed20260932,True
8680.0,1.3035042,5.3159323,4.527529,2.6261296,2.8111959,replica_02_seed20260932,True
8690.0,1.4035552,5.358142,4.4870305,2.7302437,2.8659537,replica_02_seed20260932,True
8700.0,1.1757774,5.3914447,4.4514313,2.5255432,2.604197,replica_02_seed20260932,True
8710.0,1.1789958,5.3486767,4.3243437,2.5108118,2.8998146,replica_02_seed20260932,True
8720.0,1.2706375,5.3422184,4.2912126,2.467479,3.009441,replica_02_seed20260932,True
8730.0,1.2619036,5.3542185,4.3910284,2.3087125,3.3770585,replica_02_seed20260932,True
8740.0,1.3473071,5.4182034,4.245778,2.1430469,3.5570202,replica_02_seed20260932,True
8750.0,1.3597734,5.3655767,4.253371,2.5223825,3.2949579,replica_02_seed20260932,True
8760.0,1.149897,5.327693,4.295653,2.2911353,3.1941793,replica_02_seed20260932,True
8770.0,1.3052713,5.388124,4.3744226,2.2920477,3.1781123,replica_02_seed20260932,True
8780.0,1.3213266,5.4529977,4.310627,2.350852,3.3572097,replica_02_seed20260932,True
8790.0,1.2037468,5.285356,4.16984,2.393761,3.1642814,replica_02_seed20260932,True
8800.0,1.2873869,5.3682194,4.1754365,2.2649958,3.460266,replica_02_seed20260932,True
8810.0,1.3910401,5.372725,4.097427,2.3605318,3.1809833,replica_02_seed20260932,True
8820.0,1.5060482,5.381116,4.1291018,2.4687347,3.5833917,replica_02_seed20260932,True
8830.0,1.3009496,5.2879705,4.2796106,2.2009017,3.5406325,replica_02_seed20260932,True
8840.0,1.3052273,5.353303,4.1195292,2.4213033,3.9582157,replica_02_seed20260932,True
8850.0,1.3696848,5.3725414,4.0853534,2.6229203,3.334443,replica_02_seed20260932,True
8860.0,1.3536156,5.316745,4.1978555,2.4428515,3.340546,replica_02_seed20260932,True
8870.0,1.3006601,5.4038877,4.2412815,2.5678804,3.0600712,replica_02_seed20260932,True
8880.0,1.4752107,5.429287,4.294832,2.5590963,3.5415359,replica_02_seed20260932,True
8890.0,1.3103125,5.3504415,4.289175,2.6574395,3.221416,replica_02_seed20260932,True
8900.0,1.3782177,5.4354143,4.2989864,2.652681,2.8253076,replica_02_seed20260932,True
8910.0,1.2126191,5.3226633,4.378991,2.7984743,2.4143274,replica_02_seed20260932,True
8920.0,1.3619995,5.3151655,4.452587,2.8185616,3.1869652,replica_02_seed20260932,True
8930.0,1.1519105,5.3124185,4.281883,2.9835103,2.6372216,replica_02_seed20260932,True
8940.0,1.1421133,5.39218,4.341648,2.316816,3.342248,replica_02_seed20260932,True
8950.0,1.1692706,5.38463,4.518008,2.4691544,3.3743894,replica_02_seed20260932,True
8960.0,1.293098,5.3380127,4.4220486,2.3663685,3.380797,replica_02_seed20260932,True
8970.0,1.2046101,5.476229,4.543657,2.5193396,3.3765717,replica_02_seed20260932,True
8980.0,1.2412541,5.367938,4.3587418,2.2550986,3.4941063,replica_02_seed20260932,True
8990.0,1.2252,5.4307823,4.311955,2.4869685,3.4170463,replica_02_seed20260932,True
9000.0,1.2451433,5.354515,4.2697477,2.8017437,2.8382096,replica_02_seed20260932,True
9010.0,1.3069724,5.4568243,4.181676,2.5038097,3.2265768,replica_02_seed20260932,True
9020.0,1.2134917,5.3829093,4.2785077,2.487438,3.0930903,replica_02_seed20260932,True
9030.0,1.3213556,5.422579,4.4084744,2.4514456,3.523992,replica_02_seed20260932,True
9040.0,1.3540759,5.3254957,4.3299594,2.6024606,3.1801822,replica_02_seed20260932,True
9050.0,1.2038155,5.4148436,4.1957755,2.8254306,3.4067252,replica_02_seed20260932,True
9060.0,1.3074272,5.4104085,4.0228643,2.7041748,3.374933,replica_02_seed20260932,True
9070.0,1.3251561,5.3657727,3.9614105,2.6183236,3.4978027,replica_02_seed20260932,True
9080.0,1.475146,5.369686,4.031787,2.578876,3.5273414,replica_02_seed20260932,True
9090.0,1.2546402,5.402919,3.937483,2.383378,3.8410563,replica_02_seed20260932,True
9100.0,1.3210018,5.3581486,4.1215816,2.3864837,3.4773417,replica_02_seed20260932,True
9110.0,1.1694446,5.415712,4.1584163,2.590598,3.1184852,replica_02_seed20260932,True
9120.0,1.1101474,5.3471146,4.170762,2.0071454,3.5206196,replica_02_seed20260932,True
9130.0,1.2821537,5.379331,4.193206,2.1947577,3.1367297,replica_02_seed20260932,True
9140.0,1.0660706,5.3741693,4.20672,2.1153882,3.179182,replica_02_seed20260932,True
9150.0,1.3758838,5.3301086,4.2995605,2.4521258,3.1986773,replica_02_seed20260932,True
9160.0,1.214458,5.3480406,4.340865,2.6347442,3.0563402,replica_02_seed20260932,True
9170.0,1.2070565,5.38943,4.227373,2.6304812,3.4687276,replica_02_seed20260932,True
9180.0,1.1438351,5.426018,4.140951,2.708784,3.5301623,replica_02_seed20260932,True
9190.0,1.2106829,5.3095155,4.0999374,2.60571,3.28997,replica_02_seed20260932,True
9200.0,1.263945,5.406749,4.198511,2.7296324,3.1993055,replica_02_seed20260932,True
9210.0,1.4051476,5.3110113,4.294205,2.6482036,2.9621239,replica_02_seed20260932,True
9220.0,1.2589755,5.4087453,4.373452,2.4278514,3.1253102,replica_02_seed20260932,True
9230.0,1.2968098,5.3117065,4.2812653,2.633678,3.168302,replica_02_seed20260932,True
9240.0,1.3146673,5.331376,4.135743,2.477407,3.5801687,replica_02_seed20260932,True
9250.0,1.2948866,5.2787585,4.217065,2.4466896,3.2607708,replica_02_seed20260932,True
9260.0,1.2743399,5.3461337,4.1787577,2.8756475,3.3489635,replica_02_seed20260932,True
9270.0,1.2055254,5.329939,4.2292476,2.7246413,3.3072758,replica_02_seed20260932,True
9280.0,1.2621555,5.3672976,4.1821012,2.8334239,3.1389692,replica_02_seed20260932,True
9290.0,1.2857265,5.2596197,4.2953935,2.8113964,3.4001124,replica_02_seed20260932,True
9300.0,1.2695887,5.298311,4.303884,2.7192616,3.2790697,replica_02_seed20260932,True
9310.0,1.2428716,5.3167796,4.397927,2.1329985,3.2598927,replica_02_seed20260932,True
9320.0,1.3521765,5.2872276,4.4848156,2.5807462,3.2525458,replica_02_seed20260932,True
9330.0,1.1696539,5.3085995,4.532732,2.5363696,3.243843,replica_02_seed20260932,True
9340.0,1.2519337,5.4050584,4.5262327,2.4531837,3.2843935,replica_02_seed20260932,True
9350.0,1.2426568,5.281662,4.79243,2.9108546,2.8499725,replica_02_seed20260932,True
9360.0,1.156477,5.4015074,4.526514,2.935361,3.5742865,replica_02_seed20260932,True
9370.0,1.2913182,5.2591724,4.7502937,3.3318973,3.0047808,replica_02_seed20260932,True
9380.0,1.1997313,5.3950586,4.9820795,2.8549507,3.8664296,replica_02_seed20260932,True
9390.0,1.5032508,5.3564444,5.1200204,2.6675782,3.5508025,replica_02_seed20260932,True
9400.0,1.3981974,5.346404,4.854036,3.0889444,3.5341847,replica_02_seed20260932,True
9410.0,1.3853426,5.336222,5.0317965,2.721095,3.2313075,replica_02_seed20260932,True
9420.0,1.4356376,5.2968144,4.952126,2.9268386,3.4518929,replica_02_seed20260932,True
9430.0,1.281395,5.3381767,4.790681,2.448971,3.8673916,replica_02_seed20260932,True
9440.0,1.1261902,5.3394127,4.743587,2.7044134,3.748776,replica_02_seed20260932,True
9450.0,1.0672328,5.289343,4.7326427,2.7077098,3.530209,replica_02_seed20260932,True
9460.0,1.2010105,5.284808,4.7978396,2.7125192,3.4843395,replica_02_seed20260932,True
9470.0,1.3484627,5.2541823,4.96126,2.9465814,3.879591,replica_02_seed20260932,True
9480.0,1.0735468,5.2513084,4.899223,3.6181571,3.7254705,replica_02_seed20260932,True
9490.0,1.1846365,5.360577,4.8315573,2.9095554,3.5572705,replica_02_seed20260932,True
9500.0,1.19123,5.3754926,4.777079,3.0038457,3.427529,replica_02_seed20260932,True
9510.0,1.2309375,5.172884,4.7932663,3.2586644,3.2600732,replica_02_seed20260932,True
9520.0,1.1349292,5.337825,4.8216987,2.896247,3.496462,replica_02_seed20260932,True
9530.0,1.0249441,5.353911,4.9305067,2.9915752,3.3773546,replica_02_seed20260932,True
9540.0,1.124074,5.2780523,4.9365597,3.2615497,3.4875917,replica_02_seed20260932,True
9550.0,1.0809184,5.32161,5.0225554,3.0354295,3.749149,replica_02_seed20260932,True
9560.0,1.3925589,5.245578,4.8219705,2.8097284,3.5262146,replica_02_seed20260932,True
9570.0,1.2944434,5.2543564,4.8562007,3.2078867,3.35328,replica_02_seed20260932,True
9580.0,1.0832803,5.2396483,5.074439,3.2369075,3.5404482,replica_02_seed20260932,True
9590.0,1.2760276,5.34227,4.970447,3.097816,3.7759743,replica_02_seed20260932,True
9600.0,1.2015132,5.3514524,5.0204415,2.8976212,3.623595,replica_02_seed20260932,True
9610.0,1.1973362,5.3211923,4.956607,3.0781598,3.5089197,replica_02_seed20260932,True
9620.0,1.24236,5.3866215,4.939769,3.0022945,3.542136,replica_02_seed20260932,True
9630.0,1.0984598,5.3172727,5.020793,3.345316,3.5238874,replica_02_seed20260932,True
9640.0,1.2173522,5.3360624,4.859007,3.3474717,3.2492337,replica_02_seed20260932,True
9650.0,1.373635,5.260554,4.7257423,3.0755568,3.342712,replica_02_seed20260932,True
9660.0,1.1580318,5.345478,4.794732,3.2803323,3.7516832,replica_02_seed20260932,True
9670.0,1.3195453,5.2897573,4.8455496,3.3107924,3.6379285,replica_02_seed20260932,True
9680.0,1.0605366,5.373434,4.912147,3.5246935,3.3871028,replica_02_seed20260932,True
9690.0,1.0768316,5.3563523,4.8914075,3.362267,3.0967164,replica_02_seed20260932,True
9700.0,1.0960611,5.285962,5.0066376,3.4698625,3.5475051,replica_02_seed20260932,True
9710.0,1.0749701,5.2681108,4.9687533,3.3484662,3.5809255,replica_02_seed20260932,True
9720.0,1.2270732,5.1777134,4.8972697,3.7844312,3.6658154,replica_02_seed20260932,True
9730.0,1.1507357,5.2323456,4.812612,3.1803164,4.0042872,replica_02_seed20260932,True
9740.0,1.2948766,5.207735,4.78086,3.0729172,3.2704706,replica_02_seed20260932,True
9750.0,1.382807,5.1524124,4.957883,3.1554759,3.0293381,replica_02_seed20260932,True
9760.0,1.236831,5.219154,5.088292,2.8127658,3.548359,replica_02_seed20260932,True
9770.0,1.2496134,5.3395767,5.1156454,2.7784462,3.4170806,replica_02_seed20260932,True
9780.0,1.4732344,5.2852592,5.1926327,3.077749,3.2915254,replica_02_seed20260932,True
9790.0,1.2800272,5.2962017,5.2426047,2.8032827,3.4261754,replica_02_seed20260932,True
9800.0,1.2183101,5.310452,5.074093,2.5681705,3.4733257,replica_02_seed20260932,True
9810.0,1.190699,5.3122425,5.210045,2.6640573,3.6400905,replica_02_seed20260932,True
9820.0,1.1226676,5.332781,5.2700596,3.1436608,3.4979682,replica_02_seed20260932,True
9830.0,1.0406449,5.3340683,5.3246937,3.008343,3.9216957,replica_02_seed20260932,True
9840.0,1.07291,5.3856754,5.2708054,2.6201925,4.0808654,replica_02_seed20260932,True
9850.0,1.230231,5.293317,5.272121,2.9327261,3.4784288,replica_02_seed20260932,True
9860.0,1.1418099,5.299922,5.1982584,2.5333068,3.9621959,replica_02_seed20260932,True
9870.0,1.1850067,5.2646756,5.0455685,3.03764,3.240628,replica_02_seed20260932,True
9880.0,1.3068118,5.380707,5.4007034,2.9671037,3.5752525,replica_02_seed20260932,True
9890.0,1.1829232,5.34298,5.4431205,2.9053426,3.4487286,replica_02_seed20260932,True
9900.0,1.0779321,5.414223,5.424204,2.8859239,3.4934826,replica_02_seed20260932,True
9910.0,1.2877821,5.3507876,5.432789,3.537915,2.4206975,replica_02_seed20260932,True
9920.0,1.3118763,5.298331,5.605776,3.1538415,3.1863108,replica_02_seed20260932,True
9930.0,1.1187674,5.4043207,5.614828,2.8409677,3.5613537,replica_02_seed20260932,True
9940.0,1.1805694,5.4132767,5.5646305,2.6378012,3.6813545,replica_02_seed20260932,True
9950.0,1.3301818,5.373988,5.537176,3.589655,3.2463546,replica_02_seed20260932,True
9960.0,1.329381,5.372905,5.578575,4.076981,2.739538,replica_02_seed20260932,True
9970.0,1.3798544,5.3174744,5.6246734,3.3693128,3.366264,replica_02_seed20260932,True
9980.0,0.96548074,5.232916,5.568295,4.3930655,2.2117605,replica_02_seed20260932,True
9990.0,1.3014443,5.2772827,5.630227,3.8779955,2.7914019,replica_02_seed20260932,True
10000.0,1.0951239,5.437793,5.598722,3.4273343,3.4871233,replica_02_seed20260932,True
10.0,1.3240149,5.1360555,2.0440047,2.2957687,3.2212205,replica_03_seed20260933,False
20.0,1.0781946,5.191099,2.2566893,2.38514,3.9010122,replica_03_seed20260933,False
30.0,1.2287922,5.112954,2.2898462,2.533278,3.7218828,replica_03_seed20260933,False
40.0,1.1443366,5.175411,2.1707096,2.4116416,3.8167486,replica_03_seed20260933,False
50.0,0.9956437,5.2230077,2.210143,2.9365282,4.217144,replica_03_seed20260933,False
60.0,1.1795633,5.155326,2.109024,2.8698568,4.719463,replica_03_seed20260933,False
70.0,0.96309066,5.229509,2.1644812,2.5942078,4.298372,replica_03_seed20260933,False
80.0,1.1002613,5.2775574,2.518343,2.9937415,4.6039906,replica_03_seed20260933,False
90.0,1.2190458,5.303349,2.585348,3.081386,4.5047517,replica_03_seed20260933,False
100.0,1.2240059,5.1956024,2.6313803,3.032373,4.4616585,replica_03_seed20260933,False
110.0,1.1603396,5.2245374,2.665825,2.9469285,4.1165967,replica_03_seed20260933,False
120.0,1.306038,5.2151403,2.6173487,2.8917317,4.5112953,replica_03_seed20260933,False
130.0,1.004183,5.15366,2.4860647,2.8976667,4.0840387,replica_03_seed20260933,False
140.0,0.92491007,5.336461,2.3842795,2.6216948,3.309187,replica_03_seed20260933,False
150.0,0.94476557,5.263258,2.3717906,2.7687283,4.119264,replica_03_seed20260933,False
160.0,0.8375961,5.2197275,2.390237,2.050911,3.486346,replica_03_seed20260933,False
170.0,1.0125937,5.2328916,2.424837,2.2685184,4.045547,replica_03_seed20260933,False
180.0,1.0046513,5.293985,2.384482,2.3982124,4.0204344,replica_03_seed20260933,False
190.0,1.0148077,5.421121,2.4125054,2.061667,3.719236,replica_03_seed20260933,False
200.0,0.9679207,5.188245,2.389471,2.1799738,3.530087,replica_03_seed20260933,False
210.0,0.9640408,5.2855897,2.2691984,2.448905,4.0513535,replica_03_seed20260933,False
220.0,0.7064582,5.152896,2.1987917,1.4256488,3.6653252,replica_03_seed20260933,False
230.0,0.8961027,5.3395004,2.3591788,1.8540341,4.2019606,replica_03_seed20260933,False
240.0,0.9647033,5.289892,2.2317238,1.7682383,3.618293,replica_03_seed20260933,False
250.0,0.9191351,5.2154045,2.2620983,1.7281283,4.027555,replica_03_seed20260933,False
260.0,0.80086064,5.261405,2.1842344,1.5520916,3.734028,replica_03_seed20260933,False
270.0,0.76665235,5.3237653,2.2436185,2.074249,4.4609647,replica_03_seed20260933,False
280.0,0.9007097,5.3183036,2.2991068,2.078025,4.0453215,replica_03_seed20260933,False
290.0,1.0728685,5.288989,2.2505639,2.327449,3.8571587,replica_03_seed20260933,False
300.0,0.8853568,5.2378774,2.4882238,1.9867413,3.3926737,replica_03_seed20260933,False
310.0,0.6323371,5.2214627,2.5617054,2.378561,3.5338938,replica_03_seed20260933,False
320.0,1.009692,5.324514,2.4205942,2.815567,3.2395127,replica_03_seed20260933,False
330.0,0.8078519,5.204475,2.5151823,2.4301722,2.8888807,replica_03_seed20260933,False
340.0,1.1967878,5.1855297,2.5074582,2.6953378,3.2941437,replica_03_seed20260933,False
350.0,1.1492333,5.3182487,2.6290152,2.505353,2.928581,replica_03_seed20260933,False
360.0,1.059073,5.274997,2.7441854,2.6912353,2.9118683,replica_03_seed20260933,False
370.0,1.0157189,5.2985115,2.799428,2.537084,2.9832556,replica_03_seed20260933,False
380.0,0.9796355,5.0984526,2.771709,2.4704142,3.1861022,replica_03_seed20260933,False
390.0,1.1210637,5.1808605,2.8791218,2.6268234,3.3381777,replica_03_seed20260933,False
400.0,0.83241093,5.346756,2.9482195,2.18733,2.8696084,replica_03_seed20260933,False
410.0,0.97976035,5.2578783,3.0400798,2.5882707,3.723118,replica_03_seed20260933,False
420.0,1.1821275,5.217449,3.047711,2.8122153,3.611525,replica_03_seed20260933,False
430.0,0.91055924,5.2286034,3.180988,2.5464556,2.8538272,replica_03_seed20260933,False
440.0,1.318856,5.287502,3.2654748,3.0820546,2.779677,replica_03_seed20260933,False
450.0,0.92821056,5.1567845,3.1079268,2.0838146,3.3363457,replica_03_seed20260933,False
460.0,0.9053073,5.240259,3.121419,2.484937,3.4186199,replica_03_seed20260933,False
470.0,0.652789,5.2184505,3.1827354,2.2255535,3.5017884,replica_03_seed20260933,False
480.0,0.5675808,5.0946193,3.264711,2.3168209,3.5865393,replica_03_seed20260933,False
490.0,0.579396,5.283384,3.2024164,1.9547405,3.3243656,replica_03_seed20260933,False
500.0,0.5842913,5.2460628,3.0440137,2.2356062,3.6284494,replica_03_seed20260933,False
510.0,0.67314374,5.2226887,3.1320584,2.0653903,3.9137769,replica_03_seed20260933,False
520.0,0.8001299,5.1168256,3.1702552,2.3772569,3.7293932,replica_03_seed20260933,False
530.0,0.77655447,5.061,3.4825077,2.0351253,3.576405,replica_03_seed20260933,False
540.0,0.67649305,5.2198796,3.248038,1.806339,3.3627405,replica_03_seed20260933,False
550.0,0.8515155,5.178191,3.3453586,1.9990602,3.8557415,replica_03_seed20260933,False
560.0,0.7934373,4.993481,3.2729685,1.517114,3.746294,replica_03_seed20260933,False
570.0,0.7440377,5.1523113,3.3268743,1.9675238,3.4947922,replica_03_seed20260933,False
580.0,0.7673279,5.206218,3.5728269,1.8895983,3.6403024,replica_03_seed20260933,False
590.0,0.69591755,5.1910076,3.4545722,1.7993777,3.166469,replica_03_seed20260933,False
600.0,0.7266876,5.2183485,3.5750997,1.6036415,3.6987722,replica_03_seed20260933,False
610.0,0.63771355,5.2023983,3.562226,1.7911099,3.841715,replica_03_seed20260933,False
620.0,0.6021995,5.2005506,3.3860073,1.8881212,3.064032,replica_03_seed20260933,False
630.0,0.9664565,5.081632,3.493519,2.3215208,2.9719365,replica_03_seed20260933,False
640.0,0.9264365,5.145492,3.4793327,2.2000198,3.2843235,replica_03_seed20260933,False
650.0,0.9911749,5.1714473,3.50661,2.9189036,2.7650783,replica_03_seed20260933,False
660.0,0.7978502,5.22215,3.33712,2.0044782,3.1739411,replica_03_seed20260933,False
670.0,0.9285667,5.1620073,3.4926224,2.225971,3.1384633,replica_03_seed20260933,False
680.0,0.96466386,5.10613,3.326902,2.5575905,3.2838292,replica_03_seed20260933,False
690.0,0.998486,5.042339,3.1444814,2.1455793,3.2690368,replica_03_seed20260933,False
700.0,1.1865281,4.94101,3.241247,2.2092237,3.2794251,replica_03_seed20260933,False
710.0,1.1353283,5.08985,3.1783752,2.2648392,3.244747,replica_03_seed20260933,False
720.0,0.87461704,5.205579,3.211563,1.9257163,3.2222357,replica_03_seed20260933,False
730.0,0.852836,5.159201,3.1274035,2.2236423,3.1309912,replica_03_seed20260933,False
740.0,0.9438213,5.1409645,3.1499166,2.8425598,2.7665753,replica_03_seed20260933,False
750.0,1.0670899,5.20378,3.2996294,2.3430645,3.1926072,replica_03_seed20260933,False
760.0,1.0825303,5.199583,3.0420277,2.5330207,3.280132,replica_03_seed20260933,False
770.0,1.1241333,5.0989504,2.8738303,2.5907464,3.1902127,replica_03_seed20260933,False
780.0,0.97663903,5.0807214,2.9930391,2.4127173,3.6477814,replica_03_seed20260933,False
790.0,1.1779411,5.173975,3.298637,2.4456847,3.1119113,replica_03_seed20260933,False
800.0,1.0126377,5.1433945,3.4084878,2.6470804,3.1866984,replica_03_seed20260933,False
810.0,1.2042801,5.1156087,3.2722292,2.3919935,3.5537486,replica_03_seed20260933,False
820.0,1.2253518,5.1716833,3.3901086,2.7715917,3.55911,replica_03_seed20260933,False
830.0,1.1194093,5.208342,3.351667,2.4962082,3.1180549,replica_03_seed20260933,False
840.0,0.8618295,5.1884694,3.4021215,2.230557,3.3734262,replica_03_seed20260933,False
850.0,1.2468412,5.1671867,3.4066832,2.628744,3.2241952,replica_03_seed20260933,False
860.0,1.0751343,5.130532,3.3662872,2.431714,3.2099333,replica_03_seed20260933,False
870.0,1.0682838,5.167237,3.4388115,2.5709918,3.3080971,replica_03_seed20260933,False
880.0,1.0393856,5.190329,3.5785613,2.8276803,2.9320788,replica_03_seed20260933,False
890.0,1.1638355,5.1589136,3.578787,2.6549532,3.7285404,replica_03_seed20260933,False
900.0,1.0409411,5.159007,3.4737773,2.2985785,3.4778876,replica_03_seed20260933,False
910.0,1.2109165,5.053644,3.479862,3.1061244,2.939924,replica_03_seed20260933,False
920.0,0.9946022,5.2502794,3.599069,2.479305,3.433263,replica_03_seed20260933,False
930.0,1.2937937,5.285159,3.6011071,2.834979,3.0456116,replica_03_seed20260933,False
940.0,1.0495117,5.115638,3.7272727,2.557688,2.8832314,replica_03_seed20260933,False
950.0,1.2441243,5.1658144,3.5345788,2.934011,2.7262971,replica_03_seed20260933,False
960.0,1.1221464,5.1180477,3.6405709,2.3274734,2.9694028,replica_03_seed20260933,False
970.0,1.0833977,5.2007246,3.5076046,2.862829,2.8197005,replica_03_seed20260933,False
980.0,1.1181434,5.2338986,3.547122,3.1789145,2.7505326,replica_03_seed20260933,False
990.0,0.9894768,5.2085137,3.547206,2.9781046,2.9007041,replica_03_seed20260933,False
1000.0,1.2673998,5.234513,3.5951667,2.874379,2.9637432,replica_03_seed20260933,False
1010.0,1.2492788,5.182536,3.7443302,2.9950318,2.7248282,replica_03_seed20260933,False
1020.0,0.9268842,5.1534986,3.723948,2.6705348,3.536544,replica_03_seed20260933,False
1030.0,1.0031726,5.311561,3.7468412,2.7568464,3.3649802,replica_03_seed20260933,False
1040.0,0.9108559,5.270882,3.6269083,2.610428,3.319999,replica_03_seed20260933,False
1050.0,0.91817135,5.193751,3.6596644,2.7738345,3.397912,replica_03_seed20260933,False
1060.0,0.9868517,5.197711,3.7498817,2.8481677,3.4315858,replica_03_seed20260933,False
1070.0,0.9890478,5.2689576,3.6177862,2.8529353,3.2239819,replica_03_seed20260933,False
1080.0,1.0607795,5.2391605,3.5737274,2.9257016,3.346859,replica_03_seed20260933,False
1090.0,0.9964288,5.2982664,3.5944748,2.9538462,3.5608757,replica_03_seed20260933,False
1100.0,0.9438667,5.2233753,3.5969398,2.7242973,3.5016518,replica_03_seed20260933,False
1110.0,0.7909232,5.1886635,3.6442826,2.6885428,3.4886863,replica_03_seed20260933,False
1120.0,1.0072522,5.2968483,3.6185908,2.6746526,3.56597,replica_03_seed20260933,False
1130.0,1.1060995,5.1296816,3.6623268,2.7002082,3.3899755,replica_03_seed20260933,False
1140.0,0.9142002,5.219536,3.5586789,3.1163898,3.3317795,replica_03_seed20260933,False
1150.0,1.0452383,5.1381903,3.5996258,3.260199,3.2082174,replica_03_seed20260933,False
1160.0,1.276588,4.879057,3.6636636,3.0892682,3.753723,replica_03_seed20260933,False
1170.0,1.2330546,5.116273,3.7618315,2.977262,3.3507686,replica_03_seed20260933,False
1180.0,1.1866754,5.025502,3.899404,2.9752614,3.067419,replica_03_seed20260933,False
1190.0,1.2188659,5.1428432,4.0716105,2.916515,3.759503,replica_03_seed20260933,False
1200.0,1.2042234,5.112961,4.1999674,3.0571542,3.5462582,replica_03_seed20260933,False
1210.0,1.2220488,5.1692433,4.2169275,2.976923,3.2209756,replica_03_seed20260933,False
1220.0,0.9822393,5.2057786,4.034956,2.6481433,3.5493898,replica_03_seed20260933,False
1230.0,0.9567721,5.2247295,3.8750935,2.689136,3.243402,replica_03_seed20260933,False
1240.0,0.92297643,5.23627,3.8055923,2.6953173,3.3740811,replica_03_seed20260933,False
1250.0,1.039702,5.1340537,3.991997,2.7039242,3.3964574,replica_03_seed20260933,False
1260.0,1.1171807,5.267622,3.8936853,2.8234148,2.9334667,replica_03_seed20260933,False
1270.0,1.0900701,5.196021,4.0275555,2.788404,3.2767415,replica_03_seed20260933,False
1280.0,0.93133897,5.1427584,3.9774535,2.2057972,3.301846,replica_03_seed20260933,False
1290.0,0.9824044,5.175892,4.066395,2.709241,3.284209,replica_03_seed20260933,False
1300.0,1.1802045,5.0529747,4.097845,2.478981,3.38549,replica_03_seed20260933,False
1310.0,1.1267518,5.1286483,4.1376014,2.8969977,3.9116666,replica_03_seed20260933,False
1320.0,1.2435992,5.2095885,4.2401114,3.3968375,4.1768646,replica_03_seed20260933,False
1330.0,0.9450381,5.227195,4.2257514,2.9716434,3.6219,replica_03_seed20260933,False
1340.0,1.1819324,5.2486906,4.0396423,2.9874685,3.3369231,replica_03_seed20260933,False
1350.0,1.0715343,5.263639,4.0201173,2.5276914,2.7679243,replica_03_seed20260933,False
1360.0,0.99597883,5.2116556,4.02704,2.814993,3.251337,replica_03_seed20260933,False
1370.0,0.9800199,5.1932774,4.140952,3.0185828,2.940791,replica_03_seed20260933,False
1380.0,0.9016956,5.1708145,4.0177946,2.884037,3.0298016,replica_03_seed20260933,False
1390.0,1.198549,5.2768235,3.879553,2.8570487,3.1560068,replica_03_seed20260933,False
1400.0,0.97315484,5.3400087,3.8596745,2.6041672,3.3942115,replica_03_seed20260933,False
1410.0,0.97202396,5.2571464,3.6696057,3.1080449,3.1186368,replica_03_seed20260933,False
1420.0,0.9990764,5.1875362,3.7620213,3.2874715,3.323207,replica_03_seed20260933,False
1430.0,0.99467576,5.269088,3.7169363,3.0370026,3.2050295,replica_03_seed20260933,False
1440.0,1.0755215,5.195175,3.686439,3.317518,3.3705153,replica_03_seed20260933,False
1450.0,1.1291107,5.270744,3.8401408,3.5313396,3.3169558,replica_03_seed20260933,False
1460.0,1.1554486,5.1895638,3.8210702,3.3435898,3.3965137,replica_03_seed20260933,False
1470.0,1.3251381,5.278912,3.839036,3.3760118,3.19878,replica_03_seed20260933,False
1480.0,1.3778948,5.238431,3.8236353,3.352601,3.405564,replica_03_seed20260933,False
1490.0,1.3463913,5.211977,3.9122171,3.4616172,3.0451794,replica_03_seed20260933,False
1500.0,1.2424611,5.1721773,3.8628464,3.2288828,3.671343,replica_03_seed20260933,False
1510.0,1.4241873,5.0576477,3.8988523,3.2401752,3.343698,replica_03_seed20260933,False
1520.0,1.5248423,5.2356844,3.9240458,3.7322016,3.6156,replica_03_seed20260933,False
1530.0,1.5640515,5.2558064,3.9109108,3.60088,4.0641613,replica_03_seed20260933,False
1540.0,1.2454574,5.1611238,3.9026067,3.4334283,4.0295215,replica_03_seed20260933,False
1550.0,1.2196779,5.174082,3.9993958,3.41737,3.9900968,replica_03_seed20260933,False
1560.0,1.3153129,4.892803,4.0263934,2.9995916,3.1158328,replica_03_seed20260933,False
1570.0,1.2236488,5.2139516,4.014121,3.4020603,3.4035609,replica_03_seed20260933,False
1580.0,1.2326653,5.1258097,4.1160717,3.5673592,3.5844872,replica_03_seed20260933,False
1590.0,0.9848573,5.288071,4.0618677,3.1269977,3.3319159,replica_03_seed20260933,False
1600.0,1.0147576,5.228787,4.0341606,3.1109047,3.2371676,replica_03_seed20260933,False
1610.0,1.22936,5.156039,4.1824903,3.2332132,3.24074,replica_03_seed20260933,False
1620.0,1.1502494,5.2141623,4.1102533,3.8884902,4.0157695,replica_03_seed20260933,False
1630.0,1.3739567,5.2385592,4.04259,3.7308981,3.3751237,replica_03_seed20260933,False
1640.0,1.3342466,5.270419,4.148626,3.746934,3.7125292,replica_03_seed20260933,False
1650.0,1.0801241,5.2389765,4.20127,3.5422297,3.3943543,replica_03_seed20260933,False
1660.0,1.1111662,5.3133445,4.051199,3.5824232,3.466599,replica_03_seed20260933,False
1670.0,1.2037468,5.102709,3.9826183,4.0055118,3.749476,replica_03_seed20260933,False
1680.0,1.2816293,5.2116847,3.9940464,4.1029367,3.3168955,replica_03_seed20260933,False
1690.0,1.3421382,5.1329374,3.8641605,4.054388,3.5972977,replica_03_seed20260933,False
1700.0,1.2460698,5.2802415,3.60168,4.1492476,3.8396528,replica_03_seed20260933,False
1710.0,1.279682,5.3006277,3.5611095,4.4751735,3.9384727,replica_03_seed20260933,False
1720.0,1.428778,5.162287,3.5201616,3.9699187,3.3323994,replica_03_seed20260933,False
1730.0,1.1084335,5.2439523,3.3696506,3.6945174,3.492165,replica_03_seed20260933,False
1740.0,1.2032753,5.1052375,3.4347978,3.2236,3.107619,replica_03_seed20260933,False
1750.0,1.2877598,5.265383,3.5984204,3.502412,3.422226,replica_03_seed20260933,False
1760.0,1.3942347,5.141074,3.4361396,3.2418811,3.3385296,replica_03_seed20260933,False
1770.0,1.2585891,5.1442995,3.463569,3.3162832,3.4486926,replica_03_seed20260933,False
1780.0,1.0097029,5.129008,3.375344,3.1318817,3.2070148,replica_03_seed20260933,False
1790.0,1.2945108,5.1953335,3.4463336,3.4635549,3.1416261,replica_03_seed20260933,False
1800.0,1.1982518,5.2340508,3.240738,3.4841096,3.3496742,replica_03_seed20260933,False
1810.0,1.3224137,5.178315,3.344214,3.6348355,3.601047,replica_03_seed20260933,False
1820.0,1.2394242,5.2334585,3.5485206,3.511806,3.1644676,replica_03_seed20260933,False
1830.0,1.2536123,5.1820974,3.5174794,3.7571182,3.5504274,replica_03_seed20260933,False
1840.0,1.2831266,5.191875,3.684897,3.6081543,3.1463897,replica_03_seed20260933,False
1850.0,1.1974385,5.008788,3.611139,3.195821,2.4568725,replica_03_seed20260933,False
1860.0,1.3512733,5.2685266,3.5108953,3.5235784,2.5953808,replica_03_seed20260933,False
1870.0,1.0559783,5.194606,3.6467404,3.118553,2.8276548,replica_03_seed20260933,False
1880.0,1.1166228,5.073351,3.6264775,3.5012903,3.3973746,replica_03_seed20260933,False
1890.0,1.2866485,5.1492095,3.6964512,3.5228653,3.7199855,replica_03_seed20260933,False
1900.0,1.1472788,5.1029606,3.805109,3.1496506,3.1560347,replica_03_seed20260933,False
1910.0,1.0867639,5.1869774,3.5398567,3.1532214,3.5043585,replica_03_seed20260933,False
1920.0,1.1343297,5.112465,3.7275622,3.1938818,3.1415124,replica_03_seed20260933,False
1930.0,1.0378062,5.1321344,3.5205593,2.9150972,3.156595,replica_03_seed20260933,False
1940.0,1.0531371,5.1105604,3.5880575,3.3918488,3.5303226,replica_03_seed20260933,False
1950.0,1.0829809,5.30085,3.5170557,3.5977306,3.621358,replica_03_seed20260933,False
1960.0,1.3486536,5.1007853,3.594141,3.7245286,3.27782,replica_03_seed20260933,False
1970.0,1.1098351,5.2699466,3.693972,3.497248,3.1847153,replica_03_seed20260933,False
1980.0,1.0234294,5.257782,3.6748033,3.7456844,3.5059452,replica_03_seed20260933,False
1990.0,1.2819691,5.113687,3.6891553,3.62921,2.9723656,replica_03_seed20260933,False
2000.0,1.1341251,5.1110315,3.5881577,3.5886552,3.172722,replica_03_seed20260933,False
2010.0,1.2053989,5.1632075,3.5732725,3.5589762,3.4524941,replica_03_seed20260933,True
2020.0,1.4929646,5.060177,3.484745,3.976009,3.4154315,replica_03_seed20260933,True
2030.0,1.2495091,5.2249517,3.475081,3.821163,3.4837513,replica_03_seed20260933,True
2040.0,1.1435279,5.208661,3.3981247,3.7214332,3.5641387,replica_03_seed20260933,True
2050.0,0.9987073,5.223303,3.4859238,3.6065361,4.023518,replica_03_seed20260933,True
2060.0,1.3511981,5.1522703,3.5790796,3.791213,3.7813425,replica_03_seed20260933,True
2070.0,1.117485,5.246923,3.6985984,3.7316763,4.0133247,replica_03_seed20260933,True
2080.0,1.2938231,5.2367024,3.8286626,3.353363,3.5100126,replica_03_seed20260933,True
2090.0,1.1882991,5.27942,4.0700006,3.5774593,3.8168807,replica_03_seed20260933,True
2100.0,1.082746,5.3594627,3.9682827,3.142796,3.7069864,replica_03_seed20260933,True
2110.0,1.0463964,5.2546444,3.974596,3.5152912,3.6612868,replica_03_seed20260933,True
2120.0,0.93518126,5.257696,3.7924263,3.7445655,4.175495,replica_03_seed20260933,True
2130.0,1.1487893,5.176599,3.6759183,3.5017343,3.226841,replica_03_seed20260933,True
2140.0,1.057126,5.32281,3.5703616,3.1640682,3.2197058,replica_03_seed20260933,True
2150.0,1.2536682,5.2128925,3.4357536,3.402903,3.6325774,replica_03_seed20260933,True
2160.0,1.1581911,5.292434,3.4561696,2.6884336,2.8063874,replica_03_seed20260933,True
2170.0,1.1263369,5.255675,3.633022,2.9137764,3.2608345,replica_03_seed20260933,True
2180.0,1.1009344,5.257307,3.73773,2.9635575,3.350185,replica_03_seed20260933,True
2190.0,1.2134249,5.250558,3.5607,3.211645,3.622414,replica_03_seed20260933,True
2200.0,1.0754609,5.2958508,3.5229683,2.9668517,3.6620193,replica_03_seed20260933,True
2210.0,1.368432,5.2479215,3.6995087,3.2248378,3.1204157,replica_03_seed20260933,True
2220.0,1.242644,5.1354017,3.7314665,3.0599964,3.1829526,replica_03_seed20260933,True
2230.0,1.2602942,5.1712246,3.564664,3.117124,3.263877,replica_03_seed20260933,True
2240.0,1.306633,5.240472,3.5776675,3.5296772,3.537137,replica_03_seed20260933,True
2250.0,1.1458371,5.1776314,3.3839965,3.7329838,3.6972017,replica_03_seed20260933,True
2260.0,1.4397106,4.9307747,3.3935013,3.6604571,2.8383193,replica_03_seed20260933,True
2270.0,0.985901,5.167289,3.4829836,3.1804225,3.4133625,replica_03_seed20260933,True
2280.0,1.4115703,4.9941974,3.4488642,3.57977,2.480336,replica_03_seed20260933,True
2290.0,1.1956824,4.9734483,3.3131337,3.2366264,3.4531746,replica_03_seed20260933,True
2300.0,1.0798533,5.0900626,3.3943024,3.4892585,3.5556011,replica_03_seed20260933,True
2310.0,1.2451535,5.0008974,3.2885313,3.2278242,2.961732,replica_03_seed20260933,True
2320.0,1.3213592,4.979457,3.3842444,3.8586664,3.299437,replica_03_seed20260933,True
2330.0,1.0723262,5.0824456,3.354962,3.1741025,2.013741,replica_03_seed20260933,True
2340.0,1.1132655,5.058552,3.2521405,3.2995267,2.0022526,replica_03_seed20260933,True
2350.0,0.98872477,5.1278186,3.5504832,3.6060622,1.4727391,replica_03_seed20260933,True
2360.0,0.98569626,5.1359625,3.507428,3.0522559,2.0315619,replica_03_seed20260933,True
2370.0,1.4374068,5.06167,3.5986109,2.8855755,2.6109571,replica_03_seed20260933,True
2380.0,1.5549315,4.74297,3.5676515,2.9779954,2.5704873,replica_03_seed20260933,True
2390.0,1.3203532,4.9490786,3.4888947,2.8277435,3.3195255,replica_03_seed20260933,True
2400.0,1.4042264,4.9030495,3.5020986,3.0638769,3.435221,replica_03_seed20260933,True
2410.0,1.0299764,5.0867033,3.600863,3.0384972,3.4928055,replica_03_seed20260933,True
2420.0,1.0059652,5.0425887,3.5473542,3.2189593,3.6089344,replica_03_seed20260933,True
2430.0,0.7824129,5.18843,3.54678,3.8538382,3.4076264,replica_03_seed20260933,True
2440.0,0.8950859,5.202301,3.5484698,3.5733852,3.493693,replica_03_seed20260933,True
2450.0,0.9508697,5.2478514,3.631334,3.293458,3.0337226,replica_03_seed20260933,True
2460.0,0.8455287,5.2244997,3.7488904,3.6082067,3.0072305,replica_03_seed20260933,True
2470.0,0.851424,5.1753526,3.6758451,4.2182393,2.8326533,replica_03_seed20260933,True
2480.0,0.8340133,5.300555,3.656581,4.0649943,3.4072938,replica_03_seed20260933,True
2490.0,0.76651967,5.2642775,3.600705,4.240502,3.3611646,replica_03_seed20260933,True
2500.0,0.78702694,5.2552853,3.4983697,3.5346646,3.2618296,replica_03_seed20260933,True
2510.0,0.69341433,5.2663927,3.5352504,3.784933,3.0773447,replica_03_seed20260933,True
2520.0,0.64564496,5.18937,3.5772922,3.314059,3.6169333,replica_03_seed20260933,True
2530.0,0.60308564,5.2043285,3.559609,3.9922404,3.5152462,replica_03_seed20260933,True
2540.0,0.5980731,5.2854767,3.5565066,4.0515766,2.9510522,replica_03_seed20260933,True
2550.0,0.7080493,5.2515864,3.452155,3.3342109,3.619794,replica_03_seed20260933,True
2560.0,0.6658051,5.121682,3.7262192,2.274631,3.581724,replica_03_seed20260933,True
2570.0,0.73697805,5.1327415,3.82926,2.3540866,3.4375932,replica_03_seed20260933,True
2580.0,0.72715116,5.1560855,3.8340642,2.7933083,3.2325287,replica_03_seed20260933,True
2590.0,0.8612207,5.136348,3.7857175,2.8226395,2.9370668,replica_03_seed20260933,True
2600.0,0.80720437,4.995636,3.848483,2.765736,2.7692556,replica_03_seed20260933,True
2610.0,0.7370815,5.077256,3.9080884,2.7615979,2.837007,replica_03_seed20260933,True
2620.0,0.6045072,5.1658063,4.036108,1.9011416,3.2982051,replica_03_seed20260933,True
2630.0,0.6392371,5.207835,3.9052105,1.8238709,3.30966,replica_03_seed20260933,True
2640.0,0.50946873,5.2093215,3.8103528,1.9446932,3.329534,replica_03_seed20260933,True
2650.0,0.41992944,5.254546,3.7631738,1.6498549,3.673541,replica_03_seed20260933,True
2660.0,0.5923209,5.205829,3.802614,2.0536275,3.214977,replica_03_seed20260933,True
2670.0,0.6194183,5.120364,3.732493,2.1717331,2.956779,replica_03_seed20260933,True
2680.0,0.87709236,5.2336173,3.7762585,2.7327893,2.652563,replica_03_seed20260933,True
2690.0,1.055528,5.087667,3.8349125,2.558374,3.3804278,replica_03_seed20260933,True
2700.0,0.81020564,5.22766,3.9577625,2.163208,3.3794203,replica_03_seed20260933,True
2710.0,0.788653,5.2268085,4.060426,2.6869142,3.3790624,replica_03_seed20260933,True
2720.0,0.9891442,5.214562,3.9670067,2.8957367,3.485397,replica_03_seed20260933,True
2730.0,0.74237376,5.1134343,3.9937048,2.3877385,3.3024797,replica_03_seed20260933,True
2740.0,0.8338456,5.205429,3.9920666,2.3429673,3.6968513,replica_03_seed20260933,True
2750.0,0.9606384,5.135877,3.898401,2.544804,3.028743,replica_03_seed20260933,True
2760.0,0.9725732,5.125846,3.9340713,3.1360087,2.4194303,replica_03_seed20260933,True
2770.0,0.96313524,5.1698613,4.0028305,2.8268394,2.4365683,replica_03_seed20260933,True
2780.0,0.9807949,5.26473,3.9148185,3.552861,2.0335338,replica_03_seed20260933,True
2790.0,0.6671668,5.200338,3.820794,3.0169082,2.8325632,replica_03_seed20260933,True
2800.0,0.7583224,5.2594,3.8193038,3.1991029,2.479436,replica_03_seed20260933,True
2810.0,0.7086978,5.1477537,3.9006436,3.1949615,2.2639372,replica_03_seed20260933,True
2820.0,0.82962805,5.1764483,3.862797,3.3893766,2.1198363,replica_03_seed20260933,True
2830.0,1.4125407,5.150093,3.913136,3.3673978,1.2422769,replica_03_seed20260933,True
2840.0,1.5693352,5.1523438,3.9240692,3.462263,1.9817281,replica_03_seed20260933,True
2850.0,1.507547,5.117039,4.0048995,3.2734454,2.0594845,replica_03_seed20260933,True
2860.0,1.2459052,5.2043633,3.9958825,3.2746527,1.6485553,replica_03_seed20260933,True
2870.0,1.2523451,5.1912236,3.8463707,3.2098067,1.0904303,replica_03_seed20260933,True
2880.0,1.0452656,5.2751465,3.875905,3.4037237,0.49779588,replica_03_seed20260933,True
2890.0,1.4858937,5.2678413,3.9525785,3.280035,1.33999,replica_03_seed20260933,True
2900.0,1.4545383,5.1606946,3.9003263,3.1946564,1.179458,replica_03_seed20260933,True
2910.0,1.4096301,5.2365108,3.8383026,3.3558571,1.2789629,replica_03_seed20260933,True
2920.0,1.3474239,5.285175,3.6485827,3.3297396,1.2109039,replica_03_seed20260933,True
2930.0,2.1484478,5.1896615,3.6207879,3.4041748,1.6562445,replica_03_seed20260933,True
2940.0,1.5036895,5.1454215,3.5311308,3.359356,2.229589,replica_03_seed20260933,True
2950.0,1.7871227,5.2979712,3.4099317,3.5492435,1.6642119,replica_03_seed20260933,True
2960.0,1.4954135,5.3093357,3.4132285,3.3742049,1.3949864,replica_03_seed20260933,True
2970.0,1.3301077,5.200823,3.4554853,3.0894353,1.554134,replica_03_seed20260933,True
2980.0,1.3109105,5.2070565,3.4363751,3.540649,1.1318176,replica_03_seed20260933,True
2990.0,1.0843993,5.167431,3.4380424,3.2434666,1.488908,replica_03_seed20260933,True
3000.0,1.2335057,5.29351,3.4879704,3.2655075,1.8185468,replica_03_seed20260933,True
3010.0,1.4726895,4.9879546,3.5339594,3.4230943,1.8676769,replica_03_seed20260933,True
3020.0,1.3743708,5.0042458,3.4444115,3.3748379,1.5451651,replica_03_seed20260933,True
3030.0,1.2309518,5.1591945,3.4948566,3.1414018,2.0600142,replica_03_seed20260933,True
3040.0,1.1339864,5.191058,3.5051703,3.4594657,2.3046174,replica_03_seed20260933,True
3050.0,1.1942339,5.206208,3.5191684,3.3210955,3.2185583,replica_03_seed20260933,True
3060.0,1.0778893,5.217399,3.4678593,2.832304,2.2567844,replica_03_seed20260933,True
3070.0,1.2504627,5.0699806,3.3350108,2.8494325,3.3997102,replica_03_seed20260933,True
3080.0,1.1225429,5.311813,3.2622125,2.5956726,1.9236852,replica_03_seed20260933,True
3090.0,1.3193934,5.1631455,3.0577698,3.3391378,1.1448255,replica_03_seed20260933,True
3100.0,1.5172976,5.1292944,3.0239127,3.2741716,1.3542212,replica_03_seed20260933,True
3110.0,1.6009034,5.279995,2.9898372,3.4045749,0.9418733,replica_03_seed20260933,True
3120.0,1.3791826,5.1945744,3.0143628,3.328142,1.767695,replica_03_seed20260933,True
3130.0,1.0862006,5.0155888,3.105877,3.147276,1.7011887,replica_03_seed20260933,True
3140.0,1.0694451,5.2246785,3.2040203,2.6214435,1.7691517,replica_03_seed20260933,True
3150.0,1.4080629,5.1384563,3.236044,3.1707244,1.4074945,replica_03_seed20260933,True
3160.0,0.8420325,5.1368036,3.1496022,2.9391525,1.2309014,replica_03_seed20260933,True
3170.0,1.0353497,5.206885,3.0924728,2.9945252,1.7458116,replica_03_seed20260933,True
3180.0,1.4150546,5.1504545,3.0712428,3.3537984,2.3786442,replica_03_seed20260933,True
3190.0,1.289664,5.231704,3.1189976,3.1968608,2.0678694,replica_03_seed20260933,True
3200.0,1.4667273,5.2135925,3.1697702,3.23648,2.4368353,replica_03_seed20260933,True
3210.0,1.4307325,5.1706595,3.0055985,3.08987,2.4072635,replica_03_seed20260933,True
3220.0,1.351537,5.2148857,3.2291193,3.158216,2.3631568,replica_03_seed20260933,True
3230.0,1.4447261,5.110672,3.2734327,3.2086782,2.1047518,replica_03_seed20260933,True
3240.0,1.2945145,5.248323,3.2746248,3.428989,2.0326662,replica_03_seed20260933,True
3250.0,1.1051564,5.2859826,3.2705534,3.2916255,1.5065902,replica_03_seed20260933,True
3260.0,1.2095217,5.2592545,3.3028057,3.7401314,1.8691576,replica_03_seed20260933,True
3270.0,1.3091755,5.1148663,3.511435,3.175188,2.0744987,replica_03_seed20260933,True
3280.0,1.1134198,5.2401013,3.5544162,2.5801756,2.2707825,replica_03_seed20260933,True
3290.0,1.2733641,5.249526,3.7866461,2.9349158,2.1011565,replica_03_seed20260933,True
3300.0,0.99783474,5.167733,3.7276661,2.7867146,1.8592478,replica_03_seed20260933,True
3310.0,1.4412544,5.224908,3.7497022,3.0203497,2.2602687,replica_03_seed20260933,True
3320.0,1.2786157,5.224214,3.817836,2.8085914,2.2390125,replica_03_seed20260933,True
3330.0,1.0874568,5.2876687,3.843925,2.8774228,2.0693262,replica_03_seed20260933,True
3340.0,1.1557965,5.1967006,3.777607,3.1115232,2.215845,replica_03_seed20260933,True
3350.0,1.2553824,5.1479807,3.733636,2.7658308,2.6071486,replica_03_seed20260933,True
3360.0,1.3637443,5.304863,3.7486448,3.5461986,1.932541,replica_03_seed20260933,True
3370.0,1.3865812,5.1708655,3.7592623,3.1472197,2.6000981,replica_03_seed20260933,True
3380.0,0.9885366,5.250992,3.7233524,3.0422006,2.3895872,replica_03_seed20260933,True
3390.0,0.9357521,5.3021054,3.662078,3.6886306,2.214191,replica_03_seed20260933,True
3400.0,1.1645905,5.2569795,3.5837386,3.604814,2.3727317,replica_03_seed20260933,True
3410.0,1.2128943,5.365529,3.5394664,3.1493201,2.044432,replica_03_seed20260933,True
3420.0,1.0972438,5.2345676,3.6438324,3.073583,2.3200393,replica_03_seed20260933,True
3430.0,1.1521134,5.128313,3.830562,3.2729425,1.91186,replica_03_seed20260933,True
3440.0,1.0760918,5.172621,3.9663193,3.2372758,1.8117679,replica_03_seed20260933,True
3450.0,1.3756007,5.124822,3.9693463,3.385763,1.931689,replica_03_seed20260933,True
3460.0,1.1200056,5.159979,4.0283337,3.4189281,2.1187172,replica_03_seed20260933,True
3470.0,1.1669601,5.1538377,3.9986348,3.5426805,2.721038,replica_03_seed20260933,True
3480.0,1.2167958,5.3129177,4.1427956,3.8343425,2.8005636,replica_03_seed20260933,True
3490.0,1.097742,5.2506657,4.1655545,3.5302186,2.4543903,replica_03_seed20260933,True
3500.0,1.0034989,5.2239895,3.9798422,3.4548917,2.757033,replica_03_seed20260933,True
3510.0,0.8639847,5.1204166,4.038729,3.1785858,3.168242,replica_03_seed20260933,True
3520.0,0.8626259,5.1392646,4.0047884,3.5675025,1.907146,replica_03_seed20260933,True
3530.0,0.90102375,5.160601,4.087084,3.9163578,1.3064796,replica_03_seed20260933,True
3540.0,0.82141626,5.2522283,4.056879,3.52274,1.677849,replica_03_seed20260933,True
3550.0,0.70539093,5.357756,4.1322727,3.5705593,1.7337539,replica_03_seed20260933,True
3560.0,0.77063507,5.25892,3.9809692,3.6620057,1.7384106,replica_03_seed20260933,True
3570.0,0.7846322,5.329136,4.011914,3.722435,1.3508258,replica_03_seed20260933,True
3580.0,0.9941259,4.988008,4.0640254,3.2125328,1.7063262,replica_03_seed20260933,True
3590.0,1.015171,5.0357366,4.1164145,2.7994525,2.5263727,replica_03_seed20260933,True
3600.0,0.7504487,5.140668,4.0776663,2.861096,2.7866018,replica_03_seed20260933,True
3610.0,0.7344612,5.088953,4.1151295,3.0407212,2.656681,replica_03_seed20260933,True
3620.0,0.6674241,5.162613,3.9327316,3.2178464,2.9141397,replica_03_seed20260933,True
3630.0,0.75714564,5.1605883,3.9764185,3.4928524,2.256276,replica_03_seed20260933,True
3640.0,1.0409732,5.15017,4.0930085,3.9174843,1.9927464,replica_03_seed20260933,True
3650.0,0.9767643,5.1856174,4.1086774,3.9770591,1.7773013,replica_03_seed20260933,True
3660.0,1.1784524,5.2052207,4.0403023,3.3903978,2.4860265,replica_03_seed20260933,True
3670.0,0.85773474,5.283603,4.050128,3.458595,2.0521863,replica_03_seed20260933,True
3680.0,1.0996284,5.2456527,4.114644,2.8845823,2.7368116,replica_03_seed20260933,True
3690.0,0.952705,5.2091856,3.9990819,3.3034291,2.555599,replica_03_seed20260933,True
3700.0,0.89540005,5.258469,3.9117856,3.1128435,2.477215,replica_03_seed20260933,True
3710.0,1.0148516,5.296347,3.8429573,3.4964619,2.4264069,replica_03_seed20260933,True
3720.0,0.8703906,5.3338346,3.94837,3.4478486,2.6746182,replica_03_seed20260933,True
3730.0,0.9268499,5.2270145,4.0343823,3.4965591,2.5874133,replica_03_seed20260933,True
3740.0,0.85311556,5.222149,4.10324,3.579514,2.2385497,replica_03_seed20260933,True
3750.0,0.8326706,5.2777953,4.134661,3.4728339,2.4364405,replica_03_seed20260933,True
3760.0,1.0738814,5.0879197,4.2574553,3.6199782,2.6166131,replica_03_seed20260933,True
3770.0,1.1980184,5.2157807,4.123715,3.8674853,2.8693798,replica_03_seed20260933,True
3780.0,1.2373204,5.247693,3.9873765,3.827806,2.8751147,replica_03_seed20260933,True
3790.0,1.1084365,5.283414,3.9438798,3.698051,3.084094,replica_03_seed20260933,True
3800.0,1.2390958,5.0202565,3.8641346,3.6269956,2.8946974,replica_03_seed20260933,True
3810.0,1.0453203,5.268734,3.8361623,3.705978,2.9778981,replica_03_seed20260933,True
3820.0,0.9263095,5.1412272,3.7918928,3.7910233,3.0489063,replica_03_seed20260933,True
3830.0,0.97623694,5.149753,3.810251,3.6218238,2.9506264,replica_03_seed20260933,True
3840.0,0.735242,5.2331524,3.961217,3.6302469,3.209593,replica_03_seed20260933,True
3850.0,0.9936558,5.0730467,4.0668917,3.97764,2.9303658,replica_03_seed20260933,True
3860.0,0.83086854,5.1284447,4.2315025,4.1128044,2.9266257,replica_03_seed20260933,True
3870.0,1.0279235,5.187581,4.0978904,4.174956,2.8309908,replica_03_seed20260933,True
3880.0,0.70070654,5.174461,4.0450544,3.604565,2.7871614,replica_03_seed20260933,True
3890.0,1.1350287,5.224497,3.9550722,3.876295,3.0479338,replica_03_seed20260933,True
3900.0,1.0181307,5.1926584,3.9690974,3.5681114,2.8495169,replica_03_seed20260933,True
3910.0,0.91645765,5.3820887,4.0154033,3.7398891,3.1921663,replica_03_seed20260933,True
3920.0,1.0548487,5.221429,4.062939,3.461905,2.9947734,replica_03_seed20260933,True
3930.0,1.014698,5.308651,4.2917066,3.811424,2.5702655,replica_03_seed20260933,True
3940.0,1.4654274,5.330481,4.3663526,4.264651,2.806022,replica_03_seed20260933,True
3950.0,1.2094731,5.2295446,4.3391714,3.3461401,3.122386,replica_03_seed20260933,True
3960.0,1.3703681,5.197813,4.2385745,3.6268263,2.7255952,replica_03_seed20260933,True
3970.0,1.2026345,5.3818665,4.4455047,3.869163,2.7928748,replica_03_seed20260933,True
3980.0,1.0912505,5.2781243,4.519615,3.7369654,3.0915813,replica_03_seed20260933,True
3990.0,0.9500068,5.2918725,4.4569993,4.3557053,2.0568464,replica_03_seed20260933,True
4000.0,1.1198267,5.2783165,4.3673024,4.227824,2.2408316,replica_03_seed20260933,True
4010.0,1.0549798,5.332539,4.3520603,4.085762,2.468858,replica_03_seed20260933,True
4020.0,0.8560802,5.2138977,4.4186335,4.4365106,2.5010562,replica_03_seed20260933,True
4030.0,1.0710714,5.334415,4.286095,3.968565,2.716317,replica_03_seed20260933,True
4040.0,0.9133444,5.375167,4.2524343,4.0397615,2.5903816,replica_03_seed20260933,True
4050.0,0.78705126,5.279663,4.1879673,3.9424887,2.668452,replica_03_seed20260933,True
4060.0,0.84517896,5.2617674,4.216391,4.491977,2.945603,replica_03_seed20260933,True
4070.0,1.0607915,5.3091745,4.3536882,3.9603643,3.0482867,replica_03_seed20260933,True
4080.0,0.9525014,5.194563,4.320239,3.7972972,2.597917,replica_03_seed20260933,True
4090.0,0.86126685,5.309535,4.352251,3.917104,2.824524,replica_03_seed20260933,True
4100.0,0.92202187,5.2665796,4.3923273,4.282752,2.6587794,replica_03_seed20260933,True
4110.0,0.8877342,5.282302,4.4357076,3.91113,2.74618,replica_03_seed20260933,True
4120.0,0.9434423,5.234602,4.380578,4.1474905,2.8524864,replica_03_seed20260933,True
4130.0,0.87546706,5.2797213,4.4270897,3.4522781,3.1739278,replica_03_seed20260933,True
4140.0,0.93488544,5.278774,4.5894656,3.4268837,3.1068754,replica_03_seed20260933,True
4150.0,1.0526208,5.259672,4.66016,4.509252,2.0092037,replica_03_seed20260933,True
4160.0,0.8544001,5.2356405,4.6840878,3.8191366,2.7290092,replica_03_seed20260933,True
4170.0,0.82621646,5.213637,4.7641473,3.4070709,2.996743,replica_03_seed20260933,True
4180.0,1.0833948,5.301138,4.5548506,3.7724547,2.510676,replica_03_seed20260933,True
4190.0,1.1641209,5.3668857,4.730873,3.9371254,2.4517996,replica_03_seed20260933,True
4200.0,1.0855317,5.3289604,4.6667237,3.7098124,2.4922824,replica_03_seed20260933,True
4210.0,0.7307924,5.2221184,4.4371157,3.8994174,2.3147173,replica_03_seed20260933,True
4220.0,0.91629803,5.328619,4.4572167,3.7628136,2.3813426,replica_03_seed20260933,True
4230.0,0.91431147,5.3340864,4.469747,3.7530756,3.082821,replica_03_seed20260933,True
4240.0,0.8395182,5.3063083,4.4442744,4.101038,2.6594415,replica_03_seed20260933,True
4250.0,0.8746097,5.2538257,4.6399345,4.593225,2.532467,replica_03_seed20260933,True
4260.0,0.95667243,5.3621426,4.750486,4.218091,2.9495096,replica_03_seed20260933,True
4270.0,0.74043363,5.207035,4.7123847,4.2993636,2.3745675,replica_03_seed20260933,True
4280.0,0.9444442,5.1233244,4.6777363,4.5715203,2.350338,replica_03_seed20260933,True
4290.0,0.85435545,5.3010564,4.5290093,4.7660313,2.0040977,replica_03_seed20260933,True
4300.0,0.8876804,5.2773733,4.3794923,4.5532794,2.1703813,replica_03_seed20260933,True
4310.0,1.0557419,5.238109,4.288786,4.1274056,2.6091728,replica_03_seed20260933,True
4320.0,0.9956724,5.292098,4.112928,4.2201543,2.2198443,replica_03_seed20260933,True
4330.0,0.99352777,5.2667737,4.116589,4.500889,2.0779965,replica_03_seed20260933,True
4340.0,0.81228244,5.221536,4.0831685,4.0693994,2.3064456,replica_03_seed20260933,True
4350.0,0.968876,5.307021,4.0018497,4.011295,2.4510303,replica_03_seed20260933,True
4360.0,1.0698969,5.1205654,4.149442,3.5288944,2.68757,replica_03_seed20260933,True
4370.0,0.99828064,5.244327,4.1668596,3.758608,2.0817451,replica_03_seed20260933,True
4380.0,0.7638941,5.3091,4.1252527,4.2912297,1.7734861,replica_03_seed20260933,True
4390.0,1.007432,5.270066,4.204815,3.9639018,1.9205055,replica_03_seed20260933,True
4400.0,1.1979626,5.3153057,4.369611,3.8504126,2.0566251,replica_03_seed20260933,True
4410.0,0.9779222,5.272989,4.3701415,4.0576563,1.6572149,replica_03_seed20260933,True
4420.0,1.1232479,5.237962,4.2138567,3.424692,2.339009,replica_03_seed20260933,True
4430.0,0.91754967,5.2384844,4.2167525,3.163818,2.330033,replica_03_seed20260933,True
4440.0,0.89925444,5.243617,4.1707673,3.677027,2.248323,replica_03_seed20260933,True
4450.0,1.05955,5.2964764,4.236204,3.7593288,2.3297415,replica_03_seed20260933,True
4460.0,1.134981,5.1526375,4.3434744,3.83325,2.0774136,replica_03_seed20260933,True
4470.0,1.0999565,5.2030334,4.193124,3.349384,2.5466824,replica_03_seed20260933,True
4480.0,0.9206521,5.2854877,4.037326,3.2162154,2.4827576,replica_03_seed20260933,True
4490.0,0.9716805,5.215097,3.9532125,3.656242,2.4138367,replica_03_seed20260933,True
4500.0,0.96064836,5.2414503,3.8761544,3.6446905,2.4519734,replica_03_seed20260933,True
4510.0,0.90077686,5.2612247,3.981287,3.6041567,2.696158,replica_03_seed20260933,True
4520.0,1.0302681,5.2749643,4.1332154,3.8024201,2.0494745,replica_03_seed20260933,True
4530.0,1.070145,5.3612785,3.9805183,4.0377088,3.0143354,replica_03_seed20260933,True
4540.0,0.8409369,5.27615,4.132133,3.0457995,2.8461719,replica_03_seed20260933,True
4550.0,0.83814824,5.165482,3.9602752,3.0668492,2.5402524,replica_03_seed20260933,True
4560.0,0.8809005,5.271885,3.9182887,3.2862184,2.742495,replica_03_seed20260933,True
4570.0,0.88688505,5.255468,3.9566178,2.9433384,2.7755046,replica_03_seed20260933,True
4580.0,0.86043596,5.257574,4.0389576,2.840334,2.9208674,replica_03_seed20260933,True
4590.0,0.97471833,5.242182,4.097665,2.9922824,2.9730985,replica_03_seed20260933,True
4600.0,1.0959508,5.28573,4.1150155,2.8708053,2.8803587,replica_03_seed20260933,True
4610.0,1.2076857,5.39727,4.237748,2.7479482,2.8405187,replica_03_seed20260933,True
4620.0,0.9053108,5.237951,4.3284907,2.4546213,2.9549763,replica_03_seed20260933,True
4630.0,0.86227024,5.246731,4.396083,2.505491,2.9960833,replica_03_seed20260933,True
4640.0,1.0629828,5.1834793,4.361653,2.97127,2.798537,replica_03_seed20260933,True
4650.0,1.3726616,5.3578763,4.4427876,3.0091379,2.9855273,replica_03_seed20260933,True
4660.0,0.99099684,5.310054,4.3734374,3.2084684,3.010522,replica_03_seed20260933,True
4670.0,1.1553632,5.254228,4.2877016,2.8240597,3.7256172,replica_03_seed20260933,True
4680.0,1.0947262,5.329566,4.21109,3.3894935,3.2664635,replica_03_seed20260933,True
4690.0,1.1750906,5.315745,4.123549,3.115969,3.540111,replica_03_seed20260933,True
4700.0,1.3413291,5.249727,4.0635853,2.869554,3.5387197,replica_03_seed20260933,True
4710.0,1.303553,5.291292,4.02203,2.7668366,3.4527426,replica_03_seed20260933,True
4720.0,1.2047604,5.2512207,3.9906435,3.4192467,2.9763448,replica_03_seed20260933,True
4730.0,1.2641324,5.2704816,4.098641,2.9053643,3.414714,replica_03_seed20260933,True
4740.0,1.2026609,5.387644,4.1018863,2.8705502,3.294041,replica_03_seed20260933,True
4750.0,1.353153,5.3036237,4.060887,2.7635648,3.3689191,replica_03_seed20260933,True
4760.0,1.085681,5.354061,3.8576505,2.6223354,3.137702,replica_03_seed20260933,True
4770.0,1.020264,5.1967077,3.6579456,2.585804,2.9329515,replica_03_seed20260933,True
4780.0,0.98289937,5.2451944,3.684256,2.9593368,2.9085073,replica_03_seed20260933,True
4790.0,1.180529,5.1981306,3.668725,2.8213227,2.9826055,replica_03_seed20260933,True
4800.0,1.0623157,5.3244634,3.8386462,2.7850986,3.1080735,replica_03_seed20260933,True
4810.0,1.1869044,5.198325,3.7972462,2.7788868,3.0024135,replica_03_seed20260933,True
4820.0,0.9407192,5.1801367,3.882848,2.6048942,3.217456,replica_03_seed20260933,True
4830.0,1.0577844,5.2752075,3.9526603,3.0110857,2.7335918,replica_03_seed20260933,True
4840.0,1.1112134,5.205905,4.003265,2.9140255,2.8408573,replica_03_seed20260933,True
4850.0,1.2266184,5.3543396,3.905009,3.038433,3.3537219,replica_03_seed20260933,True
4860.0,0.9727922,5.3963585,3.9215639,2.9261189,2.8937984,replica_03_seed20260933,True
4870.0,1.129637,5.3089337,3.8553329,3.1078515,2.5838242,replica_03_seed20260933,True
4880.0,1.0112146,5.3437967,3.6186266,3.19726,2.3046288,replica_03_seed20260933,True
4890.0,1.0076939,5.246011,3.7397704,3.2676125,2.4701378,replica_03_seed20260933,True
4900.0,1.1915824,5.286667,3.8720539,3.3860397,2.6219068,replica_03_seed20260933,True
4910.0,1.2220448,5.2658267,3.9621835,3.8523564,1.8203344,replica_03_seed20260933,True
4920.0,1.3904082,5.261793,3.784193,3.2893038,2.511531,replica_03_seed20260933,True
4930.0,1.4249538,5.231499,3.7186093,3.0543063,2.725155,replica_03_seed20260933,True
4940.0,1.4710642,5.126852,3.7384324,2.7190745,3.1825628,replica_03_seed20260933,True
4950.0,1.2004677,5.2866106,3.6655245,3.2228036,2.65732,replica_03_seed20260933,True
4960.0,1.073905,5.247343,3.5728636,3.2548513,2.5074806,replica_03_seed20260933,True
4970.0,1.3240594,5.293222,3.8157287,3.4642622,2.2056735,replica_03_seed20260933,True
4980.0,1.0341023,5.2093005,3.8803384,3.46012,2.1010184,replica_03_seed20260933,True
4990.0,1.2109165,5.3475547,3.8683593,3.6071763,2.070928,replica_03_seed20260933,True
5000.0,1.2343727,5.266076,3.811387,2.952247,2.7129266,replica_03_seed20260933,True
5010.0,1.252996,5.2537923,3.7543983,3.554294,2.047049,replica_03_seed20260933,True
5020.0,1.5424454,5.190363,3.8171859,4.275849,1.6693704,replica_03_seed20260933,True
5030.0,1.6533148,5.179031,3.854263,4.175487,1.673975,replica_03_seed20260933,True
5040.0,1.4506923,5.325613,3.7686586,3.7788262,1.8103855,replica_03_seed20260933,True
5050.0,1.2562127,5.293565,3.9054055,4.2654595,1.5043896,replica_03_seed20260933,True
5060.0,1.5615242,5.2502413,3.828925,3.5764792,1.8804488,replica_03_seed20260933,True
5070.0,1.5464754,5.283294,3.7697706,3.3372724,1.8311772,replica_03_seed20260933,True
5080.0,1.5300233,5.174437,3.5853102,3.6119518,1.485255,replica_03_seed20260933,True
5090.0,1.2643939,5.21363,3.663014,3.0408075,2.229542,replica_03_seed20260933,True
5100.0,1.2211249,5.30616,3.707406,3.6059477,2.145672,replica_03_seed20260933,True
5110.0,1.2001154,5.1222134,3.7329175,3.8514848,1.6887755,replica_03_seed20260933,True
5120.0,1.351251,5.251856,3.7147121,4.1867146,1.6062962,replica_03_seed20260933,True
5130.0,1.0249146,5.215426,3.5533538,3.157734,2.122415,replica_03_seed20260933,True
5140.0,1.2813118,5.2186995,3.425281,3.8997688,1.7780132,replica_03_seed20260933,True
5150.0,1.3586671,5.2512665,3.370934,3.9736795,1.3288875,replica_03_seed20260933,True
5160.0,1.1548142,5.2495327,3.4526947,4.271246,1.6603801,replica_03_seed20260933,True
5170.0,1.0743918,5.2297564,3.2616963,4.0352526,1.7629696,replica_03_seed20260933,True
5180.0,1.3486432,5.1166606,3.4099936,3.64115,1.7806404,replica_03_seed20260933,True
5190.0,1.4083395,5.267646,3.357998,4.2184334,1.5350657,replica_03_seed20260933,True
5200.0,1.4940183,5.3032236,3.458582,4.325127,1.6042603,replica_03_seed20260933,True
5210.0,1.1828493,5.241857,3.5025334,4.385541,1.9624724,replica_03_seed20260933,True
5220.0,0.9636846,5.192462,3.396247,3.8759127,2.5465846,replica_03_seed20260933,True
5230.0,1.24498,5.3303666,3.409479,3.9137604,2.4401903,replica_03_seed20260933,True
5240.0,1.4825869,5.125409,3.445113,4.113678,1.7770948,replica_03_seed20260933,True
5250.0,1.4010592,5.2318573,3.5262344,3.7725735,2.0654974,replica_03_seed20260933,True
5260.0,1.1307874,5.264415,3.5438514,3.6279383,2.1353266,replica_03_seed20260933,True
5270.0,1.5230285,5.32796,3.5564926,3.163489,2.4841924,replica_03_seed20260933,True
5280.0,1.4562247,5.339126,3.667517,2.7711468,2.659173,replica_03_seed20260933,True
5290.0,1.3388561,5.2313957,3.6442301,3.2405763,1.9805826,replica_03_seed20260933,True
5300.0,1.5288916,5.2770014,3.6825585,3.5079358,2.0255585,replica_03_seed20260933,True
5310.0,1.3264654,5.2672234,3.6650214,2.6966133,2.8969958,replica_03_seed20260933,True
5320.0,1.4713646,5.2674985,3.6899843,2.7103014,2.7487383,replica_03_seed20260933,True
5330.0,1.2236241,5.200453,3.6259527,2.7399025,2.57065,replica_03_seed20260933,True
5340.0,1.3163276,5.2215567,3.656279,2.7972693,2.7132125,replica_03_seed20260933,True
5350.0,1.3038139,5.253584,3.5675979,3.0595665,2.4371989,replica_03_seed20260933,True
5360.0,1.1333652,5.2028627,3.6618948,2.7263365,2.4939754,replica_03_seed20260933,True
5370.0,1.1658646,5.2998013,3.4299407,2.7743487,2.55031,replica_03_seed20260933,True
5380.0,1.0863967,5.227598,3.4702883,3.384715,2.3080723,replica_03_seed20260933,True
5390.0,1.2345465,5.1892657,3.5681357,2.935464,2.7752056,replica_03_seed20260933,True
5400.0,1.1857924,5.274414,3.6126938,3.500991,2.9088414,replica_03_seed20260933,True
5410.0,1.2994386,5.2483106,3.467606,3.213665,2.6648924,replica_03_seed20260933,True
5420.0,1.3318083,5.2621245,3.5763648,3.3284287,2.5941768,replica_03_seed20260933,True
5430.0,1.1809787,5.2534347,3.5496278,3.4277172,2.6960301,replica_03_seed20260933,True
5440.0,1.4375153,5.233364,3.668585,3.1215415,2.5884435,replica_03_seed20260933,True
5450.0,1.5744518,5.195051,3.8339067,3.5701087,2.20532,replica_03_seed20260933,True
5460.0,1.3037311,5.3618455,3.9264038,3.1607673,3.3348117,replica_03_seed20260933,True
5470.0,1.1885853,5.1679378,3.995306,3.3358884,2.5391984,replica_03_seed20260933,True
5480.0,1.4064997,5.228778,3.9162552,3.0915747,2.6338544,replica_03_seed20260933,True
5490.0,1.3416207,5.3082027,4.0767674,2.870686,2.864626,replica_03_seed20260933,True
5500.0,1.4691637,5.2212305,4.0366263,3.0105143,2.7018833,replica_03_seed20260933,True
5510.0,1.2682009,5.1414375,3.8380752,2.9898965,2.5249724,replica_03_seed20260933,True
5520.0,1.466038,5.239206,4.0021152,3.3016653,2.0111315,replica_03_seed20260933,True
5530.0,1.2075253,5.3637896,3.972852,3.0982366,2.50746,replica_03_seed20260933,True
5540.0,1.2006795,5.3406234,3.899065,2.8404374,2.3575237,replica_03_seed20260933,True
5550.0,1.4135462,5.3255315,3.9812179,3.0114353,2.423071,replica_03_seed20260933,True
5560.0,1.5878047,5.272827,3.7676725,3.177044,2.7102711,replica_03_seed20260933,True
5570.0,1.3344325,5.2193327,3.7851162,2.8783715,2.532998,replica_03_seed20260933,True
5580.0,1.5030795,5.350735,3.957349,2.8786123,2.7618423,replica_03_seed20260933,True
5590.0,1.2673583,5.2413387,4.04205,2.9148695,2.8200016,replica_03_seed20260933,True
5600.0,1.227498,5.2037997,4.0450916,2.7659848,2.742643,replica_03_seed20260933,True
5610.0,1.3292063,5.2131042,3.8273623,2.975197,2.8278067,replica_03_seed20260933,True
5620.0,1.130568,5.3198967,3.85684,3.0624936,2.9734228,replica_03_seed20260933,True
5630.0,1.0179822,5.3207874,3.9009004,3.2324626,2.9182472,replica_03_seed20260933,True
5640.0,1.3055232,5.118973,3.830235,2.9992228,2.941221,replica_03_seed20260933,True
5650.0,1.1906563,5.344195,3.8028693,2.9991438,2.7690148,replica_03_seed20260933,True
5660.0,1.136333,5.1757903,3.7258348,2.4599094,3.2962344,replica_03_seed20260933,True
5670.0,1.0604707,5.312598,3.6081588,3.2039382,3.4944043,replica_03_seed20260933,True
5680.0,1.0903981,5.21964,3.5026665,3.1605258,2.9708686,replica_03_seed20260933,True
5690.0,1.1717908,5.1895356,3.670708,3.090955,2.58543,replica_03_seed20260933,True
5700.0,1.0723825,5.264588,3.431664,3.4734237,3.0599203,replica_03_seed20260933,True
5710.0,1.1698768,5.200233,3.3143992,2.9431071,2.5058398,replica_03_seed20260933,True
5720.0,1.2943292,5.3820887,3.3970425,3.0697262,2.8669605,replica_03_seed20260933,True
5730.0,1.1927209,5.2493973,3.4245305,2.825953,2.8639703,replica_03_seed20260933,True
5740.0,1.0936221,5.3739967,3.5423098,2.7736342,2.807661,replica_03_seed20260933,True
5750.0,1.3265288,5.218342,3.3877273,3.1744804,2.3379858,replica_03_seed20260933,True
5760.0,1.1314113,5.2350807,3.2432902,2.954205,2.846769,replica_03_seed20260933,True
5770.0,1.1320152,5.300577,3.2772913,2.9897256,2.7415953,replica_03_seed20260933,True
5780.0,1.1246338,5.4198747,3.2889361,3.1545947,3.0432928,replica_03_seed20260933,True
5790.0,1.1474644,5.2590322,3.6295185,2.950237,2.6981678,replica_03_seed20260933,True
5800.0,1.053119,5.311747,3.4450123,3.0855875,2.6815848,replica_03_seed20260933,True
5810.0,1.1958817,5.1872687,3.4443498,2.7831845,2.561984,replica_03_seed20260933,True
5820.0,1.1886014,5.3029776,3.440526,3.3172626,2.5177174,replica_03_seed20260933,True
5830.0,1.116936,5.2467813,3.4760702,2.7639928,2.7072954,replica_03_seed20260933,True
5840.0,1.3109213,5.34416,3.5459306,3.422654,2.8105454,replica_03_seed20260933,True
5850.0,1.3103853,5.326819,3.500706,3.7091744,3.350719,replica_03_seed20260933,True
5860.0,1.023951,5.2303095,3.503848,3.7077742,2.6984131,replica_03_seed20260933,True
5870.0,1.0282141,5.2013726,3.460345,3.0910742,2.521514,replica_03_seed20260933,True
5880.0,1.1984376,5.209276,3.6356738,3.0185006,2.9813333,replica_03_seed20260933,True
5890.0,1.4199747,5.289054,3.677081,3.3231726,2.6500936,replica_03_seed20260933,True
5900.0,0.9685052,5.2613974,3.7656674,3.1825676,2.79762,replica_03_seed20260933,True
5910.0,1.1027015,5.1957045,3.711988,2.6761863,2.6161814,replica_03_seed20260933,True
5920.0,1.2715029,5.2927,3.6941981,2.7015731,2.8171296,replica_03_seed20260933,True
5930.0,1.1881787,5.2689743,3.6524067,3.2397177,2.8488898,replica_03_seed20260933,True
5940.0,1.1254065,5.197144,3.6912818,3.1830306,2.7364087,replica_03_seed20260933,True
5950.0,1.1856906,5.3441234,3.7082567,2.8389647,3.2365634,replica_03_seed20260933,True
5960.0,1.1694269,5.169323,3.7700076,3.00289,3.131018,replica_03_seed20260933,True
5970.0,1.0562567,5.0987287,3.9231708,2.761015,2.4172819,replica_03_seed20260933,True
5980.0,1.3598669,5.225918,3.7815838,3.2257,2.877089,replica_03_seed20260933,True
5990.0,1.3262472,5.3244925,3.854654,3.3270562,2.656271,replica_03_seed20260933,True
6000.0,1.4480746,5.2808685,3.7663946,3.186607,2.905477,replica_03_seed20260933,True
6010.0,1.2592406,5.274787,3.6601517,3.497343,3.150531,replica_03_seed20260933,True
6020.0,1.3073153,5.375453,3.9022393,3.8602087,3.0340638,replica_03_seed20260933,True
6030.0,1.2403702,5.2883787,3.8282752,3.2083983,3.12643,replica_03_seed20260933,True
6040.0,1.2179186,5.2686477,3.8159356,3.735566,2.6487234,replica_03_seed20260933,True
6050.0,1.2321599,5.194792,3.7449846,3.595154,2.6657195,replica_03_seed20260933,True
6060.0,1.2757933,5.16413,3.573402,3.4552746,2.9998336,replica_03_seed20260933,True
6070.0,1.2401755,5.3179455,3.6146476,3.6273968,2.7230563,replica_03_seed20260933,True
6080.0,1.0666429,5.293907,3.6743286,3.7260306,2.296361,replica_03_seed20260933,True
6090.0,1.1187816,5.2513905,3.7486708,3.7404702,2.5337908,replica_03_seed20260933,True
6100.0,1.2845752,5.1529503,3.7015626,3.6073475,2.9614358,replica_03_seed20260933,True
6110.0,1.1051248,5.2456923,3.815412,3.4306479,2.130808,replica_03_seed20260933,True
6120.0,1.2786967,5.178462,3.9162827,3.6585884,2.5998209,replica_03_seed20260933,True
6130.0,1.1714938,5.144264,3.942842,3.7778234,2.0521057,replica_03_seed20260933,True
6140.0,1.3045489,5.156524,3.9719572,3.316908,2.109744,replica_03_seed20260933,True
6150.0,1.1652441,5.186103,4.152022,3.2468858,2.8369765,replica_03_seed20260933,True
6160.0,1.4883167,5.2722654,4.140095,3.7072263,2.3527892,replica_03_seed20260933,True
6170.0,1.297453,5.240837,3.9136555,3.5971909,2.6983218,replica_03_seed20260933,True
6180.0,1.4382006,5.1953106,3.7994127,3.7826397,3.0430243,replica_03_seed20260933,True
6190.0,1.1011539,5.306793,3.926958,3.5010128,2.8847098,replica_03_seed20260933,True
6200.0,1.1939197,5.294842,3.8255806,3.6002855,2.5904217,replica_03_seed20260933,True
6210.0,1.2783237,5.2785344,3.843007,3.7658587,3.0902872,replica_03_seed20260933,True
6220.0,1.1712116,5.2442455,3.8326666,3.7414954,2.6358953,replica_03_seed20260933,True
6230.0,1.5028565,5.314451,3.8804212,3.8417306,2.7079802,replica_03_seed20260933,True
6240.0,1.4081477,5.118394,3.8854465,3.7452052,2.4599392,replica_03_seed20260933,True
6250.0,1.21428,5.3336525,3.8546348,3.156488,2.9853437,replica_03_seed20260933,True
6260.0,1.355934,5.2950068,3.959167,3.6225228,2.5353847,replica_03_seed20260933,True
6270.0,1.1158396,5.3019333,4.0613656,3.2926133,2.7295213,replica_03_seed20260933,True
6280.0,1.3579884,5.370324,4.086245,3.7791321,2.3434772,replica_03_seed20260933,True
6290.0,1.4061302,5.3811927,3.8564868,3.488049,2.4885645,replica_03_seed20260933,True
6300.0,1.2161582,5.368944,4.0281343,3.3238578,2.4316666,replica_03_seed20260933,True
6310.0,1.0064628,5.358772,3.9266105,3.5357099,2.173874,replica_03_seed20260933,True
6320.0,1.1353605,5.219119,4.0556545,3.8250866,2.819576,replica_03_seed20260933,True
6330.0,1.1078914,5.257906,4.0775676,3.5619009,2.476072,replica_03_seed20260933,True
6340.0,1.0885701,5.3143353,4.0586805,3.2427344,2.7910619,replica_03_seed20260933,True
6350.0,1.2894115,5.234206,4.0413566,3.1227455,2.6294837,replica_03_seed20260933,True
6360.0,1.2130752,5.3192844,4.040616,3.5821295,2.3129442,replica_03_seed20260933,True
6370.0,1.0861055,5.1759644,3.936376,3.401067,2.4643617,replica_03_seed20260933,True
6380.0,1.2750719,5.2408934,3.8651628,3.7212167,2.2293172,replica_03_seed20260933,True
6390.0,1.0518868,5.242019,3.8068988,3.7613795,2.8341064,replica_03_seed20260933,True
6400.0,0.99497294,5.289253,3.7893965,3.3924246,2.811713,replica_03_seed20260933,True
6410.0,1.345111,5.315548,3.8099828,4.399092,3.0115616,replica_03_seed20260933,True
6420.0,1.3404212,5.324257,3.7066565,4.578839,3.3844047,replica_03_seed20260933,True
6430.0,1.3790731,5.356511,3.7302837,4.766224,3.8671594,replica_03_seed20260933,True
6440.0,1.1955614,5.350802,3.7314348,4.2940335,3.2279756,replica_03_seed20260933,True
6450.0,1.0033469,5.1869297,3.799231,4.3490458,2.907226,replica_03_seed20260933,True
6460.0,1.2141294,5.079382,3.8884952,4.1014686,3.2315361,replica_03_seed20260933,True
6470.0,1.2587357,5.154128,3.810755,4.354246,3.394933,replica_03_seed20260933,True
6480.0,1.089227,5.303549,3.8857303,4.3212533,3.4803534,replica_03_seed20260933,True
6490.0,0.95329374,5.2369494,4.02527,3.8573642,2.5645006,replica_03_seed20260933,True
6500.0,0.93890613,5.284538,4.031769,4.040124,2.8807197,replica_03_seed20260933,True
6510.0,1.1597764,5.2686315,4.144429,4.2676253,3.0918872,replica_03_seed20260933,True
6520.0,1.5209324,5.114083,4.1744976,4.1228356,2.8246946,replica_03_seed20260933,True
6530.0,1.2721303,5.0159645,4.2482586,3.3708262,2.5047183,replica_03_seed20260933,True
6540.0,1.0797178,5.1613526,4.1618223,4.1276565,2.4758046,replica_03_seed20260933,True
6550.0,1.3013649,5.1746473,4.170759,3.98479,2.59019,replica_03_seed20260933,True
6560.0,1.3177286,5.229382,4.0723133,3.8268468,2.7553918,replica_03_seed20260933,True
6570.0,1.3498495,5.1952405,4.2081585,3.581943,2.6466036,replica_03_seed20260933,True
6580.0,1.4567933,5.135705,4.1000896,3.8200426,2.3770292,replica_03_seed20260933,True
6590.0,1.4318985,5.171156,4.0944605,3.8238044,2.4534605,replica_03_seed20260933,True
6600.0,1.1700058,5.1744633,4.0280933,3.5888312,2.3685408,replica_03_seed20260933,True
6610.0,1.3464385,5.30623,3.8952293,3.7189865,2.5213532,replica_03_seed20260933,True
6620.0,0.96128017,5.23618,3.750661,3.5555837,1.9233038,replica_03_seed20260933,True
6630.0,1.4629252,5.244424,3.7273157,3.6271453,2.175005,replica_03_seed20260933,True
6640.0,1.4773145,5.141828,3.5923698,3.0941815,2.40365,replica_03_seed20260933,True
6650.0,1.2242527,5.2158318,3.7683043,3.391123,2.5049644,replica_03_seed20260933,True
6660.0,1.2154391,5.161215,3.6463346,3.647412,2.0432773,replica_03_seed20260933,True
6670.0,1.2442175,5.1999216,3.5000963,3.8500576,2.1315703,replica_03_seed20260933,True
6680.0,1.1185485,5.25665,3.5286636,3.6540773,2.1810496,replica_03_seed20260933,True
6690.0,0.94853663,5.221981,3.4960275,3.6047907,2.5464249,replica_03_seed20260933,True
6700.0,1.2342619,5.049694,3.314818,3.710232,2.3386683,replica_03_seed20260933,True
6710.0,1.1801453,5.1909447,3.3093014,3.773137,2.2914367,replica_03_seed20260933,True
6720.0,0.9851962,5.2281613,3.5534546,3.6758444,2.1891222,replica_03_seed20260933,True
6730.0,1.3084528,5.2897253,3.5621097,4.1511636,2.0965319,replica_03_seed20260933,True
6740.0,1.1112978,5.1603928,3.595869,3.7090702,2.4607606,replica_03_seed20260933,True
6750.0,1.1919664,5.249748,3.4606352,3.5037274,2.302279,replica_03_seed20260933,True
6760.0,1.1258627,5.2846117,3.3999128,3.4377227,2.4990053,replica_03_seed20260933,True
6770.0,1.3851649,5.2147365,3.4843194,3.455024,2.0981264,replica_03_seed20260933,True
6780.0,1.2115726,5.0930734,3.4994462,3.165592,1.9153433,replica_03_seed20260933,True
6790.0,1.1500959,5.214345,3.4819236,2.9377542,2.178343,replica_03_seed20260933,True
6800.0,1.3482363,5.0319147,3.6237402,3.372055,2.0483966,replica_03_seed20260933,True
6810.0,1.1335727,5.191546,3.630653,3.3044174,2.0777335,replica_03_seed20260933,True
6820.0,1.2214972,5.151214,3.6079106,3.3303645,2.1242714,replica_03_seed20260933,True
6830.0,1.3157393,5.2640076,3.7348332,3.4773602,2.2468169,replica_03_seed20260933,True
6840.0,1.087182,5.182768,3.6425943,3.098594,2.1466384,replica_03_seed20260933,True
6850.0,1.2808478,5.2479405,3.604566,3.19772,2.1872392,replica_03_seed20260933,True
6860.0,1.0500749,5.289411,3.5680513,3.42967,2.1965642,replica_03_seed20260933,True
6870.0,1.1065434,5.1676455,3.6287186,3.3705378,1.7575121,replica_03_seed20260933,True
6880.0,1.255609,5.150532,3.6739001,3.3368847,1.7861435,replica_03_seed20260933,True
6890.0,1.2632482,5.3415956,3.7701404,3.2982502,2.0953436,replica_03_seed20260933,True
6900.0,1.2869709,5.2039437,3.800273,3.188147,2.2996888,replica_03_seed20260933,True
6910.0,1.1211205,5.2534156,3.566822,3.050139,2.077816,replica_03_seed20260933,True
6920.0,1.3549525,5.228424,3.6807766,3.0152538,2.0671692,replica_03_seed20260933,True
6930.0,1.5754317,5.2216854,3.7409039,3.308013,2.2194037,replica_03_seed20260933,True
6940.0,1.5969131,5.351954,3.5931702,3.4995172,2.2001817,replica_03_seed20260933,True
6950.0,1.4797022,5.217962,3.706361,3.5930934,1.7136223,replica_03_seed20260933,True
6960.0,1.3681997,5.170704,3.5118337,3.5539265,1.8380839,replica_03_seed20260933,True
6970.0,1.3990259,5.1364594,3.6923218,3.346957,1.9542265,replica_03_seed20260933,True
6980.0,1.3220627,5.3047657,3.6866906,3.682413,1.9317137,replica_03_seed20260933,True
6990.0,1.3085938,5.1863484,3.744973,3.3174577,1.7861035,replica_03_seed20260933,True
7000.0,1.2695575,5.271346,3.8479552,3.5345361,1.8005948,replica_03_seed20260933,True
7010.0,1.564714,5.152059,3.8693395,3.4707417,1.9018049,replica_03_seed20260933,True
7020.0,1.1510879,5.3888817,3.893631,3.2967334,2.21728,replica_03_seed20260933,True
7030.0,1.1312567,5.248428,3.8610487,3.20987,2.428412,replica_03_seed20260933,True
7040.0,1.3476397,5.2366276,3.9869485,3.181474,2.229951,replica_03_seed20260933,True
7050.0,1.1166655,5.269866,3.9463964,3.1159341,2.318915,replica_03_seed20260933,True
7060.0,1.1110432,5.2610197,3.8873818,3.0448315,2.3969474,replica_03_seed20260933,True
7070.0,1.3575506,5.2639337,3.9418542,2.7992125,2.5532336,replica_03_seed20260933,True
7080.0,1.3126335,5.2738724,3.9141524,3.09907,2.5389829,replica_03_seed20260933,True
7090.0,1.2202578,5.2698402,3.960235,3.0264359,2.8001046,replica_03_seed20260933,True
7100.0,1.2313055,5.266424,3.978736,3.4169774,2.249946,replica_03_seed20260933,True
7110.0,1.3779098,5.1062636,4.003701,3.3918965,2.538884,replica_03_seed20260933,True
7120.0,1.133253,5.2551627,3.781776,3.0656977,2.4773097,replica_03_seed20260933,True
7130.0,1.3288285,5.2843504,3.785219,3.5516977,2.2008219,replica_03_seed20260933,True
7140.0,1.1509111,5.204592,3.7970712,3.5057714,1.9529468,replica_03_seed20260933,True
7150.0,1.1422123,5.199502,3.8229444,3.2742748,2.43965,replica_03_seed20260933,True
7160.0,1.2743498,5.3175287,3.7996707,3.5739918,2.7009716,replica_03_seed20260933,True
7170.0,1.2128733,5.2971272,3.6132674,3.4573781,2.7489657,replica_03_seed20260933,True
7180.0,1.3030897,5.237508,3.6416886,3.3127067,2.6118352,replica_03_seed20260933,True
7190.0,1.0317634,5.233713,3.6490276,3.3181195,2.6055644,replica_03_seed20260933,True
7200.0,1.1920918,5.1525536,3.549987,3.5866296,2.2432158,replica_03_seed20260933,True
7210.0,1.161937,5.2123194,3.6569257,3.4791317,2.490988,replica_03_seed20260933,True
7220.0,0.9755203,5.2618494,3.6313715,3.5652544,2.8664193,replica_03_seed20260933,True
7230.0,0.86242867,5.2039194,3.4175324,2.9799044,2.757351,replica_03_seed20260933,True
7240.0,1.1156317,5.2716846,3.3067002,3.4843013,2.4943755,replica_03_seed20260933,True
7250.0,1.1906269,5.2735825,3.2708902,3.6859193,3.1271684,replica_03_seed20260933,True
7260.0,1.0584064,5.2615614,3.3608756,3.4180408,3.096759,replica_03_seed20260933,True
7270.0,1.2514284,5.2770624,3.0882401,3.7020028,2.5663567,replica_03_seed20260933,True
7280.0,0.93967104,5.242543,3.2537582,3.2857404,2.4493375,replica_03_seed20260933,True
7290.0,1.0714587,5.1876154,3.41356,3.7151198,2.5265079,replica_03_seed20260933,True
7300.0,1.2750767,5.222611,3.4748867,4.0712957,2.4302893,replica_03_seed20260933,True
7310.0,1.2649821,5.26229,3.3650274,3.8081174,2.6357098,replica_03_seed20260933,True
7320.0,1.1272354,5.0883255,3.2485578,3.8390298,2.0549502,replica_03_seed20260933,True
7330.0,1.022606,5.3315496,3.2648146,3.7493858,2.4826803,replica_03_seed20260933,True
7340.0,1.1164321,5.272751,3.2007809,3.9973774,2.2536347,replica_03_seed20260933,True
7350.0,1.1146624,5.202512,3.223175,3.704824,2.5425634,replica_03_seed20260933,True
7360.0,1.0869131,5.32975,3.2971277,3.4266737,2.2933595,replica_03_seed20260933,True
7370.0,1.2267053,5.221714,3.3381834,2.950444,2.3908386,replica_03_seed20260933,True
7380.0,1.1427575,5.211775,3.3530734,3.1133127,2.5491667,replica_03_seed20260933,True
7390.0,1.3870547,5.1082554,3.3548627,3.8056655,2.3210626,replica_03_seed20260933,True
7400.0,0.80772996,5.2454967,3.4899094,3.3264108,2.5361886,replica_03_seed20260933,True
7410.0,0.9496487,5.215948,3.632081,3.0165818,2.5112119,replica_03_seed20260933,True
7420.0,1.006109,5.260895,3.5314984,3.0452907,2.3875356,replica_03_seed20260933,True
7430.0,1.2088658,5.2171917,3.4663951,3.2678647,2.1583724,replica_03_seed20260933,True
7440.0,1.2405599,5.275471,3.4777112,3.4177876,2.4851732,replica_03_seed20260933,True
7450.0,1.2645912,5.307151,3.2298079,3.1754766,2.4687438,replica_03_seed20260933,True
7460.0,1.1102046,5.21817,3.3286614,3.8642035,2.2206125,replica_03_seed20260933,True
7470.0,0.9897402,5.1833506,3.5290298,3.3706136,2.2022502,replica_03_seed20260933,True
7480.0,1.0053583,5.179949,3.575746,3.3422554,2.3780904,replica_03_seed20260933,True
7490.0,1.1218971,5.111474,3.6818848,3.5454984,2.456661,replica_03_seed20260933,True
7500.0,0.99800676,5.2393813,3.8503954,3.7401314,2.5392675,replica_03_seed20260933,True
7510.0,1.0780339,5.170426,3.8680787,3.6938214,2.3542006,replica_03_seed20260933,True
7520.0,1.1633315,5.184751,3.8468983,3.5517395,2.655702,replica_03_seed20260933,True
7530.0,1.1110375,5.372141,3.8205347,3.6750054,2.696967,replica_03_seed20260933,True
7540.0,1.0707256,5.2159767,3.954449,3.839881,2.2980773,replica_03_seed20260933,True
7550.0,1.1963441,5.2026854,3.9341607,3.4460988,1.8820088,replica_03_seed20260933,True
7560.0,1.0768375,5.2860003,4.1148915,3.5024145,2.323619,replica_03_seed20260933,True
7570.0,0.87064624,5.282624,3.9479306,3.362461,2.4806345,replica_03_seed20260933,True
7580.0,1.0267384,5.3220186,3.7902915,3.5263276,2.4783573,replica_03_seed20260933,True
7590.0,1.0574207,5.355158,3.7788842,3.521255,2.7715874,replica_03_seed20260933,True
7600.0,0.9614554,5.2800646,3.8903627,3.560809,2.5621457,replica_03_seed20260933,True
7610.0,1.0493149,5.2132945,3.9320576,3.2791557,2.8774095,replica_03_seed20260933,True
7620.0,1.0969744,5.3175163,3.9136171,2.9657948,2.8527894,replica_03_seed20260933,True
7630.0,0.98280555,5.2772527,4.046722,3.059115,2.4536285,replica_03_seed20260933,True
7640.0,1.0103749,5.257476,3.8726964,3.1210353,2.4395208,replica_03_seed20260933,True
7650.0,1.1834793,5.235438,3.9204316,2.975187,2.6165113,replica_03_seed20260933,True
7660.0,1.1751528,5.2785683,3.8774798,3.2874668,2.731729,replica_03_seed20260933,True
7670.0,0.94177294,5.234191,3.9234958,2.948975,2.6516736,replica_03_seed20260933,True
7680.0,1.0834652,5.2799277,3.9071796,3.2261035,2.6317115,replica_03_seed20260933,True
7690.0,0.89307517,5.162075,4.0491586,3.3423343,2.6037538,replica_03_seed20260933,True
7700.0,1.123245,5.2429,4.0799756,3.3296332,2.8098485,replica_03_seed20260933,True
7710.0,1.214259,5.2203374,3.8576639,3.191362,2.7872472,replica_03_seed20260933,True
7720.0,1.0492874,5.2846484,3.8178773,2.9841762,2.570426,replica_03_seed20260933,True
7730.0,1.2219447,5.2906995,3.9232516,3.5138175,3.0421832,replica_03_seed20260933,True
7740.0,1.1504042,5.2244906,3.88137,3.3404973,2.6104,replica_03_seed20260933,True
7750.0,1.1639379,5.3284,3.8032656,3.3618774,3.0464742,replica_03_seed20260933,True
7760.0,1.1833934,5.3309245,3.9120789,3.089329,2.7920854,replica_03_seed20260933,True
7770.0,1.2743424,5.312347,3.9109282,3.5837724,2.7509155,replica_03_seed20260933,True
7780.0,1.002572,5.1967087,3.7968707,3.2520595,3.0949583,replica_03_seed20260933,True
7790.0,1.0507075,5.2610927,3.753412,3.2400892,2.7200043,replica_03_seed20260933,True
7800.0,1.3448404,5.289789,3.978279,3.7738278,2.735289,replica_03_seed20260933,True
7810.0,1.35888,5.2817726,3.9390757,4.0212593,3.1512558,replica_03_seed20260933,True
7820.0,1.2544793,5.218813,3.8990533,3.0622287,2.885791,replica_03_seed20260933,True
7830.0,1.2436055,5.2908335,3.8390777,3.1450436,2.7185292,replica_03_seed20260933,True
7840.0,1.2305372,5.202827,3.821778,2.8779676,2.551696,replica_03_seed20260933,True
7850.0,1.2158118,5.212242,3.8178477,3.1984236,2.8773322,replica_03_seed20260933,True
7860.0,1.2789638,5.294693,3.8305185,3.6427057,2.5622213,replica_03_seed20260933,True
7870.0,1.3770871,5.158296,3.838476,3.8914702,3.0617828,replica_03_seed20260933,True
7880.0,1.3541745,5.4238825,3.6209302,3.8200989,2.7393029,replica_03_seed20260933,True
7890.0,1.3812221,5.332541,3.5312035,4.0518985,3.1265318,replica_03_seed20260933,True
7900.0,1.2503586,5.182919,3.5143015,3.7764165,3.0533524,replica_03_seed20260933,True
7910.0,1.3612818,5.155839,3.3202991,3.5509558,2.7486439,replica_03_seed20260933,True
7920.0,1.3698227,5.150528,3.4384031,3.1870296,2.6604242,replica_03_seed20260933,True
7930.0,1.2419095,5.1784043,3.6162786,3.2842174,2.4850285,replica_03_seed20260933,True
7940.0,1.2262634,5.2756996,3.792678,2.93833,2.4092233,replica_03_seed20260933,True
7950.0,1.2893535,5.374422,3.688327,3.5204673,2.8384078,replica_03_seed20260933,True
7960.0,1.267174,5.257682,3.641721,3.3401008,2.6826334,replica_03_seed20260933,True
7970.0,1.0330936,5.320468,3.6412306,2.9653168,2.0680394,replica_03_seed20260933,True
7980.0,1.1160675,5.246815,3.6349196,3.146001,2.5630305,replica_03_seed20260933,True
7990.0,1.2463963,5.291609,3.5782924,3.3825233,2.8203912,replica_03_seed20260933,True
8000.0,1.078345,5.2813745,3.7168405,3.171328,2.9479635,replica_03_seed20260933,True
8010.0,1.29349,5.1598577,3.8292346,3.3050232,2.5712335,replica_03_seed20260933,True
8020.0,1.2785885,5.1899595,3.7108521,3.1746912,3.2105114,replica_03_seed20260933,True
8030.0,1.5620046,5.3154144,3.7485611,2.8416939,3.2909298,replica_03_seed20260933,True
8040.0,1.4404776,5.2905707,3.7070048,3.3098726,4.2955227,replica_03_seed20260933,True
8050.0,1.213607,5.270782,3.632705,2.896196,2.8559601,replica_03_seed20260933,True
8060.0,1.2349173,5.189563,3.8843365,3.0611193,2.9103873,replica_03_seed20260933,True
8070.0,1.3720107,5.313361,3.722215,3.4127488,2.09649,replica_03_seed20260933,True
8080.0,1.3608239,5.2680874,3.8249216,3.0967417,2.4786992,replica_03_seed20260933,True
8090.0,1.3039285,5.329808,3.700789,3.064752,2.6516783,replica_03_seed20260933,True
8100.0,1.636243,5.2311373,3.8015258,3.1448646,2.377196,replica_03_seed20260933,True
8110.0,1.4782137,5.2730365,4.055624,3.025536,2.4281473,replica_03_seed20260933,True
8120.0,1.50285,5.2950745,3.775275,2.960897,2.4752183,replica_03_seed20260933,True
8130.0,1.8113167,5.4761004,3.573797,3.55227,1.9447389,replica_03_seed20260933,True
8140.0,1.6528044,5.39243,3.5977416,3.0089278,2.299389,replica_03_seed20260933,True
8150.0,1.8575373,5.577335,3.629711,2.9716084,2.6484492,replica_03_seed20260933,True
8160.0,2.12919,5.492607,3.4915423,3.5990336,2.5862334,replica_03_seed20260933,True
8170.0,2.009823,5.4041815,3.5158994,3.5931554,2.9701712,replica_03_seed20260933,True
8180.0,2.070816,5.470071,3.561554,4.2253857,2.9128387,replica_03_seed20260933,True
8190.0,2.146476,5.442955,3.7333317,3.9701877,2.86336,replica_03_seed20260933,True
8200.0,2.1229317,5.4141717,3.649732,3.6612794,3.155633,replica_03_seed20260933,True
8210.0,1.9650627,5.461698,3.8493414,3.9535232,3.35901,replica_03_seed20260933,True
8220.0,2.1800892,5.341019,3.9869287,3.911773,3.54969,replica_03_seed20260933,True
8230.0,1.9319613,5.379489,3.9900768,3.3002725,2.9068737,replica_03_seed20260933,True
8240.0,1.8726546,5.354514,4.153615,3.27596,2.7734714,replica_03_seed20260933,True
8250.0,1.969559,5.3655863,4.093022,3.7964067,2.9354737,replica_03_seed20260933,True
8260.0,1.8347511,5.4796405,4.020751,3.5718365,2.9911242,replica_03_seed20260933,True
8270.0,1.8399622,5.3124285,3.8469744,3.5541024,2.9474049,replica_03_seed20260933,True
8280.0,1.9819794,5.4271846,3.974403,3.271113,3.0520563,replica_03_seed20260933,True
8290.0,2.3864558,5.462415,3.9409308,3.9005752,3.6835175,replica_03_seed20260933,True
8300.0,2.0091715,5.4899306,3.9040637,3.4109159,3.226036,replica_03_seed20260933,True
8310.0,1.9904994,5.376122,3.8902047,3.1631877,2.8886075,replica_03_seed20260933,True
8320.0,2.0715222,5.336937,3.8580256,3.076085,3.1004977,replica_03_seed20260933,True
8330.0,1.7366409,5.352784,3.8705552,3.0358033,2.8922153,replica_03_seed20260933,True
8340.0,2.0267699,5.433716,3.8327873,3.1250648,3.054482,replica_03_seed20260933,True
8350.0,2.036924,5.4523554,3.74151,3.0378528,2.3325982,replica_03_seed20260933,True
8360.0,2.1463947,5.369746,3.7933478,3.3038278,1.9824314,replica_03_seed20260933,True
8370.0,2.0871167,5.4412193,3.9757228,3.6025739,1.8310481,replica_03_seed20260933,True
8380.0,2.0081143,5.4292397,3.8753638,3.1116488,2.2043638,replica_03_seed20260933,True
8390.0,2.0556543,5.4239364,3.94307,3.35551,2.2751667,replica_03_seed20260933,True
8400.0,2.1941557,5.428695,3.856351,3.727787,3.4322128,replica_03_seed20260933,True
8410.0,2.2417018,5.486386,3.8630114,3.6168447,3.0950072,replica_03_seed20260933,True
8420.0,1.9749329,5.47337,3.6541774,3.5824585,3.3712053,replica_03_seed20260933,True
8430.0,2.0586877,5.3512344,3.7576652,3.4258115,2.742454,replica_03_seed20260933,True
8440.0,1.9104669,5.4054213,3.7789893,3.499918,3.177927,replica_03_seed20260933,True
8450.0,2.0604005,5.44516,3.8679805,3.3942125,3.41088,replica_03_seed20260933,True
8460.0,1.9854398,5.4554324,3.757051,3.491936,3.0219011,replica_03_seed20260933,True
8470.0,2.0996253,5.4799323,3.798926,3.6503525,2.8176882,replica_03_seed20260933,True
8480.0,2.262522,5.369071,3.6887848,4.0232906,3.30728,replica_03_seed20260933,True
8490.0,1.8293104,5.4201317,3.7549803,3.587265,2.870072,replica_03_seed20260933,True
8500.0,1.6408497,5.395178,3.9337878,3.342177,2.6539102,replica_03_seed20260933,True
8510.0,1.6845915,5.4454856,3.9030826,3.4673235,2.0852084,replica_03_seed20260933,True
8520.0,2.00882,5.428819,3.8668873,3.4957614,2.3569164,replica_03_seed20260933,True
8530.0,1.9870795,5.3790016,3.934643,3.3186328,2.7482147,replica_03_seed20260933,True
8540.0,2.1417108,5.4530344,3.9855938,3.549909,1.6913106,replica_03_seed20260933,True
8550.0,1.8960726,5.4566865,3.7157183,3.523195,1.8331022,replica_03_seed20260933,True
8560.0,2.152078,5.4370594,3.6775339,3.5745983,2.329354,replica_03_seed20260933,True
8570.0,2.0819256,5.4473643,3.6070232,3.8319683,1.8155453,replica_03_seed20260933,True
8580.0,2.2033603,5.29289,3.7362585,4.072057,2.2763143,replica_03_seed20260933,True
8590.0,2.2900255,5.4839997,3.9130042,4.103526,1.2840122,replica_03_seed20260933,True
8600.0,2.2182662,5.443337,3.8202775,4.058339,1.6125466,replica_03_seed20260933,True
8610.0,2.3580983,5.3481035,3.920642,3.5575666,2.3460095,replica_03_seed20260933,True
8620.0,2.4174323,5.478962,4.055043,3.992605,1.9438297,replica_03_seed20260933,True
8630.0,2.125615,5.4081607,4.2048206,4.1990557,1.5449725,replica_03_seed20260933,True
8640.0,2.3882296,5.5094476,4.372694,4.253257,1.4023926,replica_03_seed20260933,True
8650.0,2.4305763,5.528508,4.288805,4.1468067,1.5283631,replica_03_seed20260933,True
8660.0,2.335949,5.4990773,4.41321,3.9294734,1.599655,replica_03_seed20260933,True
8670.0,2.3342042,5.4598,4.2330046,4.265986,1.4057022,replica_03_seed20260933,True
8680.0,2.327271,5.4901648,4.3351164,4.2148952,1.3182335,replica_03_seed20260933,True
8690.0,2.7507987,5.513992,4.211892,3.9590976,1.6192088,replica_03_seed20260933,True
8700.0,2.4929163,5.4096913,4.2788076,4.066682,1.7284739,replica_03_seed20260933,True
8710.0,2.3676577,5.411106,4.0937047,3.8341255,1.7559279,replica_03_seed20260933,True
8720.0,2.533859,5.382643,4.0468416,3.85066,1.6962517,replica_03_seed20260933,True
8730.0,2.401292,5.4499717,3.9540687,3.8045254,2.124298,replica_03_seed20260933,True
8740.0,2.543107,5.3643093,3.8712049,3.9233847,1.8841873,replica_03_seed20260933,True
8750.0,2.578003,5.4229026,3.7030303,3.8894358,2.190597,replica_03_seed20260933,True
8760.0,2.7155783,5.4926443,3.752999,3.5195794,2.6636841,replica_03_seed20260933,True
8770.0,2.6189747,5.331442,3.9674606,3.389389,2.4288247,replica_03_seed20260933,True
8780.0,2.4472756,5.4169507,4.0010824,3.5598397,2.6132855,replica_03_seed20260933,True
8790.0,2.0736449,5.3451705,3.833458,3.8341954,3.0172231,replica_03_seed20260933,True
8800.0,2.1766217,5.484243,3.9777899,4.0280323,2.8569534,replica_03_seed20260933,True
8810.0,2.0468907,5.23004,3.7246218,3.950479,2.5469077,replica_03_seed20260933,True
8820.0,2.2132642,5.429681,3.7020788,4.26733,2.996721,replica_03_seed20260933,True
8830.0,2.1163037,5.46036,3.745788,4.3336005,2.847512,replica_03_seed20260933,True
8840.0,2.210814,5.3999257,3.9891129,4.588162,2.9076731,replica_03_seed20260933,True
8850.0,2.2734926,5.457354,3.9635134,4.4593205,2.1902552,replica_03_seed20260933,True
8860.0,2.0679727,5.5663424,4.017286,4.504589,2.5943618,replica_03_seed20260933,True
8870.0,1.953073,5.4969306,4.119439,4.4767365,2.89466,replica_03_seed20260933,True
8880.0,2.0472798,5.4344597,4.1052775,4.485285,3.1153412,replica_03_seed20260933,True
8890.0,2.047584,5.225178,4.019256,4.2661815,2.4271007,replica_03_seed20260933,True
8900.0,1.801663,5.4654922,3.9588833,4.1981487,2.5041533,replica_03_seed20260933,True
8910.0,1.6392827,5.3347406,4.0929375,4.0294147,3.0254955,replica_03_seed20260933,True
8920.0,1.8435723,5.4051456,4.075036,4.1374426,2.5057664,replica_03_seed20260933,True
8930.0,1.5469441,5.4611835,4.029477,3.7709177,2.984083,replica_03_seed20260933,True
8940.0,1.4800212,5.536632,4.159753,4.039062,2.7611055,replica_03_seed20260933,True
8950.0,1.3938277,5.3590198,4.1023235,3.7322187,3.0368135,replica_03_seed20260933,True
8960.0,1.3774517,5.4063807,3.9829447,3.823523,3.0182564,replica_03_seed20260933,True
8970.0,1.8340994,5.4751687,4.0468974,3.8741055,2.785761,replica_03_seed20260933,True
8980.0,1.6351225,5.4561024,4.064048,4.002463,3.3925364,replica_03_seed20260933,True
8990.0,1.4816678,5.5113754,4.023219,4.187163,3.017957,replica_03_seed20260933,True
9000.0,1.5116439,5.38518,4.0636034,4.406901,3.0720258,replica_03_seed20260933,True
9010.0,1.7296004,5.595453,4.0030355,4.525959,3.0909622,replica_03_seed20260933,True
9020.0,1.5701838,5.4353766,3.95354,4.3976207,3.0188954,replica_03_seed20260933,True
9030.0,1.6297996,5.3734484,4.0182,3.8811626,2.932544,replica_03_seed20260933,True
9040.0,1.8324773,5.3909755,4.0540032,3.911911,2.9594607,replica_03_seed20260933,True
9050.0,1.7311361,5.2367926,3.6985018,4.0422587,3.4397745,replica_03_seed20260933,True
9060.0,1.9241116,5.4455605,3.9630551,4.6491623,3.8543224,replica_03_seed20260933,True
9070.0,1.9489449,5.35709,3.8780322,4.1349354,2.9537833,replica_03_seed20260933,True
9080.0,1.9138466,5.4485183,3.8664224,4.084777,2.641871,replica_03_seed20260933,True
9090.0,1.8668494,5.483568,3.9636014,4.325723,3.0994992,replica_03_seed20260933,True
9100.0,1.3940625,5.4048734,3.8277593,4.2628665,3.4596438,replica_03_seed20260933,True
9110.0,1.6628311,5.3006763,3.614097,4.17253,3.0953872,replica_03_seed20260933,True
9120.0,1.7722552,5.5109353,3.717809,4.339473,3.1370604,replica_03_seed20260933,True
9130.0,1.9003631,5.4563866,3.8558187,4.429664,3.346937,replica_03_seed20260933,True
9140.0,1.6743933,5.4427295,3.938986,3.9406464,2.7938733,replica_03_seed20260933,True
9150.0,2.0025883,5.410805,3.9226408,3.4436212,2.2156768,replica_03_seed20260933,True
9160.0,2.0778427,5.432172,3.8367293,3.6270454,2.4009335,replica_03_seed20260933,True
9170.0,2.4270437,5.574636,3.924457,4.3053455,2.5724282,replica_03_seed20260933,True
9180.0,2.2591333,5.4665356,3.7202625,3.9676654,2.5279303,replica_03_seed20260933,True
9190.0,1.9585,5.3979406,3.8602982,3.5661805,2.832811,replica_03_seed20260933,True
9200.0,2.2700727,5.500099,3.804638,3.4105775,2.1007051,replica_03_seed20260933,True
9210.0,2.1112354,5.425534,3.8485324,3.5412953,2.1589704,replica_03_seed20260933,True
9220.0,2.3879132,5.404104,3.7103412,3.7337132,1.9495052,replica_03_seed20260933,True
9230.0,2.1608212,5.492523,3.7157564,3.9843094,1.7385004,replica_03_seed20260933,True
9240.0,2.5397992,5.3697257,3.5212686,4.148231,1.803913,replica_03_seed20260933,True
9250.0,2.1593187,5.4613476,3.5475519,3.5899096,2.2656245,replica_03_seed20260933,True
9260.0,2.5654263,5.4016066,3.4896863,3.7215362,1.7831986,replica_03_seed20260933,True
9270.0,2.3809907,5.524402,3.4464562,4.3762164,1.396231,replica_03_seed20260933,True
9280.0,2.539926,5.540805,3.457468,4.333002,1.6111758,replica_03_seed20260933,True
9290.0,2.268035,5.4723477,3.6147542,4.4562006,1.3579907,replica_03_seed20260933,True
9300.0,2.429213,5.4517293,3.5277328,4.062957,1.8787711,replica_03_seed20260933,True
9310.0,2.438555,5.455471,3.5282712,3.758792,1.5234847,replica_03_seed20260933,True
9320.0,2.514293,5.473888,3.5197566,4.2007055,1.3273548,replica_03_seed20260933,True
9330.0,2.5819316,5.375681,3.5258129,3.9056005,1.5416858,replica_03_seed20260933,True
9340.0,2.7298198,5.5517983,3.5635395,3.9792182,1.0928948,replica_03_seed20260933,True
9350.0,2.6703339,5.520134,3.518771,4.314632,1.3674438,replica_03_seed20260933,True
9360.0,2.4894402,5.392413,3.5255656,3.7540636,1.7682297,replica_03_seed20260933,True
9370.0,2.6568427,5.352319,3.4575996,4.630682,0.60372335,replica_03_seed20260933,True
9380.0,2.63695,5.552068,3.4317522,4.6137524,0.7943607,replica_03_seed20260933,True
9390.0,2.6319857,5.4266977,3.414466,4.744832,0.8397034,replica_03_seed20260933,True
9400.0,2.7806077,5.3658123,3.3857358,4.3685207,1.2165147,replica_03_seed20260933,True
9410.0,2.8069015,5.502436,3.4604862,4.281339,0.36653724,replica_03_seed20260933,True
9420.0,2.4772058,5.3926444,3.363087,3.909587,0.49803776,replica_03_seed20260933,True
9430.0,2.6521108,5.3771443,3.4647737,3.9760714,0.7740894,replica_03_seed20260933,True
9440.0,2.6498241,5.4363527,3.5687068,3.8099074,1.37029,replica_03_seed20260933,True
9450.0,2.4958067,5.3449492,3.5946558,3.7800786,1.6798294,replica_03_seed20260933,True
9460.0,2.4696536,5.465874,3.6819384,3.8768437,1.4854907,replica_03_seed20260933,True
9470.0,2.5498013,5.513901,3.6751983,4.271615,0.93262804,replica_03_seed20260933,True
9480.0,2.5130498,5.5429726,3.5933754,3.9038205,0.81507826,replica_03_seed20260933,True
9490.0,2.6033282,5.39541,3.6169076,4.059332,0.58681667,replica_03_seed20260933,True
9500.0,2.554997,5.4102983,3.6913836,3.9686804,1.6289991,replica_03_seed20260933,True
9510.0,2.5474153,5.361334,3.7333407,4.1528325,1.1502005,replica_03_seed20260933,True
9520.0,2.557571,5.4571095,3.7021325,4.199841,1.4842778,replica_03_seed20260933,True
9530.0,2.7399597,5.4091835,3.7002707,4.498946,0.62983066,replica_03_seed20260933,True
9540.0,2.6767473,5.498789,4.118839,4.377693,0.64294314,replica_03_seed20260933,True
9550.0,2.5997975,5.4368305,4.261379,4.5576296,0.9114421,replica_03_seed20260933,True
9560.0,2.6365926,5.384446,4.2322707,4.4070425,0.91757464,replica_03_seed20260933,True
9570.0,2.5693548,5.360832,4.215686,4.4142165,1.1593647,replica_03_seed20260933,True
9580.0,2.629298,5.4316072,4.252121,4.556075,0.79113054,replica_03_seed20260933,True
9590.0,2.5016844,5.4244566,4.1092105,4.2738276,1.3769805,replica_03_seed20260933,True
9600.0,2.4716134,5.4258847,4.0156097,4.6178513,0.8075989,replica_03_seed20260933,True
9610.0,2.722622,5.411146,3.9647772,4.3280787,0.7062985,replica_03_seed20260933,True
9620.0,2.7032766,5.4446545,4.0475316,4.3062468,0.8239359,replica_03_seed20260933,True
9630.0,2.7284126,5.432076,3.9611042,4.3240647,1.2096355,replica_03_seed20260933,True
9640.0,2.7059493,5.4052567,4.0562196,4.287035,0.94987744,replica_03_seed20260933,True
9650.0,2.6540613,5.413251,4.047903,4.6433644,0.5476132,replica_03_seed20260933,True
9660.0,2.6370752,5.347146,4.031435,4.7834496,0.15295191,replica_03_seed20260933,True
9670.0,2.6449049,5.464679,3.8829849,4.6025114,0.46323076,replica_03_seed20260933,True
9680.0,2.7262843,5.424535,3.9210472,4.543463,0.6839894,replica_03_seed20260933,True
9690.0,2.80457,5.3673286,3.8587687,4.4243746,0.54843557,replica_03_seed20260933,True
9700.0,2.6986315,5.3735027,3.7430038,4.276399,1.0849205,replica_03_seed20260933,True
9710.0,2.677554,5.425269,3.8104298,4.385328,0.6572814,replica_03_seed20260933,True
9720.0,2.7126527,5.491092,3.6954947,4.3586965,0.7693441,replica_03_seed20260933,True
9730.0,2.556186,5.4900317,3.8520372,4.956334,0.27244774,replica_03_seed20260933,True
9740.0,2.6682844,5.304229,3.7580256,4.074984,1.2909745,replica_03_seed20260933,True
9750.0,2.6112602,5.3493667,3.8903947,4.1929684,1.2433641,replica_03_seed20260933,True
9760.0,2.667418,5.4676733,3.830296,4.4760995,0.647558,replica_03_seed20260933,True
9770.0,2.480058,5.469474,3.7447321,4.59415,0.09697159,replica_03_seed20260933,True
9780.0,2.7424622,5.285715,3.7164953,4.157451,0.66430867,replica_03_seed20260933,True
9790.0,2.74681,5.458166,3.8681679,4.3210325,0.6307518,replica_03_seed20260933,True
9800.0,2.5996923,5.389865,3.6460128,4.1466274,0.87362045,replica_03_seed20260933,True
9810.0,2.7173004,5.5130677,3.5443542,4.2831216,0.86112887,replica_03_seed20260933,True
9820.0,2.627739,5.2895403,3.4175725,3.5788636,1.5787885,replica_03_seed20260933,True
9830.0,2.5485232,5.5163026,3.502223,4.4688625,0.7893748,replica_03_seed20260933,True
9840.0,2.638395,5.4268403,3.4588792,4.5613904,0.78825426,replica_03_seed20260933,True
9850.0,2.3534906,5.472005,3.3345428,4.2128057,0.82147944,replica_03_seed20260933,True
9860.0,2.4558136,5.457909,3.3394446,4.6450596,0.6840497,replica_03_seed20260933,True
9870.0,2.3843236,5.4434304,3.3655403,4.4236217,0.76005006,replica_03_seed20260933,True
9880.0,2.5833724,5.401326,3.2855024,4.0920267,1.5459924,replica_03_seed20260933,True
9890.0,2.6278236,5.410637,3.259041,4.221752,0.7906685,replica_03_seed20260933,True
9900.0,2.8164225,5.3963766,3.4758492,3.9649227,1.0036976,replica_03_seed20260933,True
9910.0,2.6311102,5.3439293,3.465067,3.9266613,1.2186489,replica_03_seed20260933,True
9920.0,2.5088573,5.3665533,3.5794187,4.8643236,0.36892372,replica_03_seed20260933,True
9930.0,2.7359338,5.329986,3.6030493,4.498749,1.0361438,replica_03_seed20260933,True
9940.0,2.7864947,5.3411074,3.534874,4.534164,0.916624,replica_03_seed20260933,True
9950.0,2.7051253,5.4814043,3.5562727,4.744561,0.7530857,replica_03_seed20260933,True
9960.0,2.645259,5.3792067,3.4307911,4.3641515,0.89556754,replica_03_seed20260933,True
9970.0,2.528688,5.486027,3.438743,4.369752,0.88727784,replica_03_seed20260933,True
9980.0,2.6543956,5.3997116,3.512379,4.5018134,0.55264944,replica_03_seed20260933,True
9990.0,2.6909323,5.447402,3.4362397,4.584089,0.20810705,replica_03_seed20260933,True
10000.0,2.7244449,5.4222684,3.2562075,4.4650307,0.62826955,replica_03_seed20260933,True
