time_ps,RMSD_conformation_A,heavy_geometric_radius_A,protein_CA_RMSD_A,ligand_EGFR_fit_RMSD_A,site_center_distance_A,series,included
2010.0,1.8587543964385986,5.261630535125732,3.5500777,3.7836008,0.7616984,bound_replica_01_seed20260931,True
2020.0,1.9897366762161255,5.278644561767578,3.712525,4.267653,0.7959927,bound_replica_01_seed20260931,True
2030.0,2.0122859477996826,5.37680721282959,3.7766986,4.2794094,0.34540486,bound_replica_01_seed20260931,True
2040.0,1.883012294769287,5.238141059875488,3.9463863,4.2485437,0.3907411,bound_replica_01_seed20260931,True
2050.0,2.15370512008667,5.309518814086914,3.7087579,4.146826,0.6835726,bound_replica_01_seed20260931,True
2060.0,2.0488364696502686,5.272158622741699,3.5476267,3.9580274,0.70240325,bound_replica_01_seed20260931,True
2070.0,2.12583327293396,5.35157585144043,3.55538,4.1830482,0.47656703,bound_replica_01_seed20260931,True
2080.0,1.9556258916854858,5.306317329406738,3.6933699,4.0886154,0.5687609,bound_replica_01_seed20260931,True
2090.0,1.9279580116271973,5.239510536193848,3.9423208,4.0526323,0.40282074,bound_replica_01_seed20260931,True
2100.0,1.7098946571350098,5.3279643058776855,3.9953508,4.124968,0.3303701,bound_replica_01_seed20260931,True
2110.0,1.756162405014038,5.12843656539917,4.0022116,3.9174583,0.6225985,bound_replica_01_seed20260931,True
2120.0,1.776930570602417,5.271554470062256,4.059921,4.227514,0.61194724,bound_replica_01_seed20260931,True
2130.0,2.0814850330352783,5.262584686279297,4.025754,4.479253,0.16023305,bound_replica_01_seed20260931,True
2140.0,1.6620728969573975,5.275306701660156,4.2763224,3.8892565,0.5153502,bound_replica_01_seed20260931,True
2150.0,1.908321499824524,5.3780059814453125,4.313402,4.5128546,0.40031436,bound_replica_01_seed20260931,True
2160.0,1.8935158252716064,5.297226428985596,4.4210544,3.9538848,0.916029,bound_replica_01_seed20260931,True
2170.0,1.8810564279556274,5.279407501220703,4.343655,3.9136295,0.67534214,bound_replica_01_seed20260931,True
2180.0,1.9426870346069336,5.18740701675415,4.182131,3.9463582,0.8361391,bound_replica_01_seed20260931,True
2190.0,1.9443104267120361,5.102151870727539,4.1446733,3.6592653,1.1798711,bound_replica_01_seed20260931,True
2200.0,2.0457262992858887,5.2531585693359375,4.215391,4.0280347,0.9823693,bound_replica_01_seed20260931,True
2210.0,2.0478627681732178,5.31492805480957,4.2531576,4.035648,0.49311355,bound_replica_01_seed20260931,True
2220.0,1.7442920207977295,5.21945858001709,4.1454587,4.094514,0.31288746,bound_replica_01_seed20260931,True
2230.0,1.8825109004974365,5.341911315917969,4.0575542,4.1301675,0.593521,bound_replica_01_seed20260931,True
2240.0,1.630989909172058,5.29358434677124,4.063588,3.8315854,0.39493883,bound_replica_01_seed20260931,True
2250.0,1.8996220827102661,5.224061965942383,4.1126385,3.848575,0.08961771,bound_replica_01_seed20260931,True
2260.0,1.7998101711273193,5.267813682556152,4.1015673,3.9840431,0.31403232,bound_replica_01_seed20260931,True
2270.0,2.0351064205169678,5.325728416442871,4.1345587,4.063941,0.4061797,bound_replica_01_seed20260931,True
2280.0,1.9064449071884155,5.200359344482422,4.074047,3.7630355,0.70601135,bound_replica_01_seed20260931,True
2290.0,1.8771637678146362,5.3334832191467285,3.9428144,3.8748384,0.32429278,bound_replica_01_seed20260931,True
2300.0,2.1812620162963867,5.2919793128967285,3.9416475,3.9034402,0.39126858,bound_replica_01_seed20260931,True
2310.0,1.9514234066009521,5.2658233642578125,3.892508,4.1456256,0.39481896,bound_replica_01_seed20260931,True
2320.0,2.1768510341644287,5.238985061645508,3.8915923,3.9245834,0.41819102,bound_replica_01_seed20260931,True
2330.0,2.264199733734131,5.187540531158447,3.816892,3.9620016,0.56575763,bound_replica_01_seed20260931,True
2340.0,2.058825969696045,5.250732898712158,4.0146203,4.4406548,0.34192306,bound_replica_01_seed20260931,True
2350.0,1.8655402660369873,5.256378650665283,3.9014807,4.114867,0.42379573,bound_replica_01_seed20260931,True
2360.0,1.8546736240386963,5.306703567504883,3.7433233,4.4825597,0.28589764,bound_replica_01_seed20260931,True
2370.0,1.9197440147399902,5.304897308349609,3.516673,4.309192,0.4759153,bound_replica_01_seed20260931,True
2380.0,1.580414891242981,5.325098514556885,3.5903726,4.2374887,0.52033466,bound_replica_01_seed20260931,True
2390.0,1.6082019805908203,5.295136451721191,3.7107644,4.169721,0.5011483,bound_replica_01_seed20260931,True
2400.0,1.7835633754730225,5.185708045959473,3.7816188,4.368374,0.4304886,bound_replica_01_seed20260931,True
2410.0,2.074784278869629,5.171091079711914,3.9049432,4.396506,0.6136293,bound_replica_01_seed20260931,True
2420.0,2.029214382171631,5.208462715148926,3.8148918,4.0500546,0.9585846,bound_replica_01_seed20260931,True
2430.0,1.816443920135498,5.21766471862793,3.8389423,4.5388536,0.4274059,bound_replica_01_seed20260931,True
2440.0,1.8895941972732544,5.326981544494629,3.8854556,4.13945,0.19095165,bound_replica_01_seed20260931,True
2450.0,1.9210939407348633,5.312082290649414,3.9602447,4.364584,0.3300549,bound_replica_01_seed20260931,True
2460.0,2.0977840423583984,5.175177574157715,4.1556783,4.553816,0.5135525,bound_replica_01_seed20260931,True
2470.0,1.9257464408874512,5.217473030090332,4.241355,4.4152956,0.24528724,bound_replica_01_seed20260931,True
2480.0,2.0077247619628906,5.266726016998291,4.300716,4.2216673,0.25263453,bound_replica_01_seed20260931,True
2490.0,2.095334053039551,5.236361503601074,4.29182,4.340925,0.25389048,bound_replica_01_seed20260931,True
2500.0,2.0387957096099854,5.292024612426758,4.4212255,4.2404175,0.58742714,bound_replica_01_seed20260931,True
2510.0,2.0526342391967773,5.251551628112793,4.330639,4.695013,0.7569713,bound_replica_01_seed20260931,True
2520.0,2.1533820629119873,5.371771812438965,4.127917,4.7723627,0.1761007,bound_replica_01_seed20260931,True
2530.0,2.1530630588531494,5.302001953125,4.0728264,4.464163,0.6121483,bound_replica_01_seed20260931,True
2540.0,2.0213255882263184,5.277719020843506,4.0453596,4.4989386,0.45443076,bound_replica_01_seed20260931,True
2550.0,2.0649991035461426,5.229739665985107,3.8839417,4.582824,0.42916054,bound_replica_01_seed20260931,True
2560.0,2.060124158859253,5.208486557006836,4.139444,4.3991675,0.56719357,bound_replica_01_seed20260931,True
2570.0,2.097187042236328,5.198512554168701,4.120235,4.119176,0.31787184,bound_replica_01_seed20260931,True
2580.0,2.1156349182128906,5.354176044464111,4.2870255,4.2763686,0.44430256,bound_replica_01_seed20260931,True
2590.0,2.1713619232177734,5.27415657043457,4.357222,4.3032002,0.5146017,bound_replica_01_seed20260931,True
2600.0,2.299964666366577,5.2460527420043945,4.4984775,4.071275,0.4688818,bound_replica_01_seed20260931,True
2610.0,2.4392547607421875,5.271981239318848,4.584231,4.5604343,0.24693274,bound_replica_01_seed20260931,True
2620.0,2.2003870010375977,5.363792419433594,4.734723,4.0260673,0.16008131,bound_replica_01_seed20260931,True
2630.0,2.2958760261535645,5.37398099899292,4.9630756,4.3845334,0.26722592,bound_replica_01_seed20260931,True
2640.0,2.244976043701172,5.322547912597656,4.909274,4.1187615,0.27680147,bound_replica_01_seed20260931,True
2650.0,2.1801605224609375,5.2176690101623535,4.834869,4.209185,0.27321717,bound_replica_01_seed20260931,True
2660.0,2.1089024543762207,5.395658016204834,4.885358,4.3137536,0.4762356,bound_replica_01_seed20260931,True
2670.0,2.2397546768188477,5.232079029083252,4.911502,4.369703,0.7608339,bound_replica_01_seed20260931,True
2680.0,2.2128562927246094,5.277231216430664,4.9286366,4.1951585,0.5538149,bound_replica_01_seed20260931,True
2690.0,2.254148006439209,5.231199264526367,4.9320774,4.21585,0.45417133,bound_replica_01_seed20260931,True
2700.0,2.4093053340911865,5.266665458679199,5.0154877,4.0221076,0.39688945,bound_replica_01_seed20260931,True
2710.0,2.257777214050293,5.192845344543457,4.9733152,3.844046,0.52533853,bound_replica_01_seed20260931,True
2720.0,2.010331630706787,5.277529239654541,5.0821295,3.8399932,0.53096336,bound_replica_01_seed20260931,True
2730.0,2.2567830085754395,5.361508369445801,4.852318,4.161724,0.5130532,bound_replica_01_seed20260931,True
2740.0,2.1548280715942383,5.267861366271973,4.750763,3.769864,0.30575427,bound_replica_01_seed20260931,True
2750.0,2.220505714416504,5.254343032836914,4.83771,3.6617744,0.5557595,bound_replica_01_seed20260931,True
2760.0,2.2998085021972656,5.392649173736572,4.945714,3.6602116,0.5000835,bound_replica_01_seed20260931,True
2770.0,2.186673641204834,5.237820625305176,4.9049606,3.7037632,0.46746236,bound_replica_01_seed20260931,True
2780.0,2.296748161315918,5.235884189605713,5.021351,3.7514877,0.4802788,bound_replica_01_seed20260931,True
2790.0,1.959830641746521,5.2971601486206055,5.0968413,3.6156268,0.42713943,bound_replica_01_seed20260931,True
2800.0,2.185274600982666,5.282771110534668,5.0098267,3.7732837,0.21472304,bound_replica_01_seed20260931,True
2810.0,2.2825429439544678,5.242733955383301,5.04868,4.0551558,0.48665816,bound_replica_01_seed20260931,True
2820.0,2.3533217906951904,5.239737510681152,5.0855103,4.0297937,0.42033386,bound_replica_01_seed20260931,True
2830.0,2.1626012325286865,5.305542469024658,4.849616,3.8344102,0.87097317,bound_replica_01_seed20260931,True
2840.0,1.9123635292053223,5.3327436447143555,4.9894657,3.7842016,0.41691807,bound_replica_01_seed20260931,True
2850.0,1.982283115386963,5.196463584899902,4.988266,3.803423,0.45226556,bound_replica_01_seed20260931,True
2860.0,1.7117862701416016,5.2652788162231445,5.1718903,3.6924453,0.43518957,bound_replica_01_seed20260931,True
2870.0,1.8074190616607666,5.271860122680664,5.150964,3.851808,0.2886715,bound_replica_01_seed20260931,True
2880.0,1.708687663078308,5.232365608215332,5.0420876,3.4874752,0.80842376,bound_replica_01_seed20260931,True
2890.0,1.7209957838058472,5.311083793640137,4.795486,3.5438294,0.83088696,bound_replica_01_seed20260931,True
2900.0,1.4225000143051147,5.321004867553711,4.861538,3.6138449,0.5839081,bound_replica_01_seed20260931,True
2910.0,1.6183490753173828,5.234604358673096,5.0105104,3.595902,1.0371506,bound_replica_01_seed20260931,True
2920.0,1.9422190189361572,5.312370777130127,4.992096,3.72361,0.95923257,bound_replica_01_seed20260931,True
2930.0,1.5571869611740112,5.368054389953613,5.014412,3.691735,0.49081233,bound_replica_01_seed20260931,True
2940.0,1.939298391342163,5.3116607666015625,4.944331,3.7166595,0.8820852,bound_replica_01_seed20260931,True
2950.0,1.7609058618545532,5.276705741882324,4.847886,3.6107275,0.96053755,bound_replica_01_seed20260931,True
2960.0,1.9101197719573975,5.288522243499756,4.9105115,3.7479897,0.6676025,bound_replica_01_seed20260931,True
2970.0,1.9334383010864258,5.366278648376465,4.848502,3.8092935,0.34006864,bound_replica_01_seed20260931,True
2980.0,1.9286454916000366,5.305685043334961,4.7823734,3.8153372,0.51500577,bound_replica_01_seed20260931,True
2990.0,1.879711627960205,5.314377784729004,4.851983,4.028806,0.22458299,bound_replica_01_seed20260931,True
3000.0,1.7101829051971436,5.297126770019531,4.759404,3.7682626,0.44781846,bound_replica_01_seed20260931,True
3010.0,1.753493070602417,5.328708648681641,4.8091636,4.167361,0.40957534,bound_replica_01_seed20260931,True
3020.0,1.6255428791046143,5.261985778808594,4.9741673,3.403758,0.7014305,bound_replica_01_seed20260931,True
3030.0,1.8861085176467896,5.2667436599731445,5.0655084,4.210184,0.42075866,bound_replica_01_seed20260931,True
3040.0,1.8703429698944092,5.244860649108887,5.2705426,3.8800213,0.3444841,bound_replica_01_seed20260931,True
3050.0,1.7263017892837524,5.272035598754883,5.371371,3.7575135,0.3269226,bound_replica_01_seed20260931,True
3060.0,1.7296297550201416,5.378231048583984,5.268547,3.763139,0.20995522,bound_replica_01_seed20260931,True
3070.0,1.9364235401153564,5.221667289733887,5.399365,3.7548985,0.698383,bound_replica_01_seed20260931,True
3080.0,1.9163738489151,5.305572032928467,5.531716,4.046938,0.26186475,bound_replica_01_seed20260931,True
3090.0,1.8384904861450195,5.28785514831543,5.4539723,3.9598994,0.30963597,bound_replica_01_seed20260931,True
3100.0,2.0065560340881348,5.353626728057861,5.3980546,3.9786437,0.36509123,bound_replica_01_seed20260931,True
3110.0,1.559859037399292,5.178010940551758,5.5374293,3.6536405,0.08153474,bound_replica_01_seed20260931,True
3120.0,1.6779690980911255,5.260593891143799,5.475909,3.5721493,0.22971153,bound_replica_01_seed20260931,True
3130.0,1.765397071838379,5.271771430969238,5.5037413,3.8940213,0.33723292,bound_replica_01_seed20260931,True
3140.0,1.7510647773742676,5.361692428588867,5.3318195,3.3266635,0.7918644,bound_replica_01_seed20260931,True
3150.0,1.961078405380249,5.323009014129639,5.1292562,3.66058,1.3736153,bound_replica_01_seed20260931,True
3160.0,1.743533730506897,5.24235200881958,4.940724,3.7348576,1.1526425,bound_replica_01_seed20260931,True
3170.0,1.709019660949707,5.40174674987793,4.9396544,3.2050397,0.84476984,bound_replica_01_seed20260931,True
3180.0,1.7644028663635254,5.316432952880859,4.9199286,3.595103,0.7442453,bound_replica_01_seed20260931,True
3190.0,2.017812967300415,5.275164604187012,4.9500966,3.6128054,1.1680081,bound_replica_01_seed20260931,True
3200.0,1.9221906661987305,5.267819404602051,4.8367414,3.3195782,1.3490434,bound_replica_01_seed20260931,True
3210.0,2.0461318492889404,5.373169898986816,4.859316,3.8081546,1.1240035,bound_replica_01_seed20260931,True
3220.0,2.0207812786102295,5.329301834106445,4.9762797,3.4288368,0.9928226,bound_replica_01_seed20260931,True
3230.0,2.02496075630188,5.174854278564453,5.019243,3.6755662,1.2063123,bound_replica_01_seed20260931,True
3240.0,1.802870273590088,5.264604091644287,4.9710455,3.7509391,0.6931794,bound_replica_01_seed20260931,True
3250.0,2.0551400184631348,5.342350482940674,4.8960667,3.9003282,0.62129927,bound_replica_01_seed20260931,True
3260.0,2.2874677181243896,5.222231864929199,4.6036096,4.057583,0.32383698,bound_replica_01_seed20260931,True
3270.0,2.0365805625915527,5.27897310256958,4.638069,3.7256327,0.33181283,bound_replica_01_seed20260931,True
3280.0,2.101004123687744,5.235926628112793,4.63436,3.592485,0.088052824,bound_replica_01_seed20260931,True
3290.0,2.0888242721557617,5.244882106781006,4.598575,3.8199844,0.45416766,bound_replica_01_seed20260931,True
3300.0,2.1872034072875977,5.234743118286133,4.691713,4.1121526,0.49745235,bound_replica_01_seed20260931,True
3310.0,2.127441644668579,5.278815746307373,4.769401,3.961635,0.7738269,bound_replica_01_seed20260931,True
3320.0,2.1577553749084473,5.327694416046143,4.7838364,4.2113395,0.9057282,bound_replica_01_seed20260931,True
3330.0,2.2320117950439453,5.295703887939453,4.969056,3.9152122,0.9754338,bound_replica_01_seed20260931,True
3340.0,2.1402788162231445,5.292897701263428,4.8464837,3.9994445,0.4231649,bound_replica_01_seed20260931,True
3350.0,2.3438076972961426,5.231093883514404,4.8769126,4.0964117,0.36823705,bound_replica_01_seed20260931,True
3360.0,2.231116533279419,5.17448616027832,5.128417,4.1788096,0.63605756,bound_replica_01_seed20260931,True
3370.0,2.133443832397461,5.302650451660156,5.024448,3.9006453,0.38655308,bound_replica_01_seed20260931,True
3380.0,1.9706498384475708,5.2933807373046875,5.1515627,4.137823,0.39719373,bound_replica_01_seed20260931,True
3390.0,2.1932690143585205,5.273241996765137,5.211518,4.473768,0.54368323,bound_replica_01_seed20260931,True
3400.0,2.3181750774383545,5.282790660858154,5.0889244,4.449677,0.61362386,bound_replica_01_seed20260931,True
3410.0,2.2932791709899902,5.305808067321777,5.14579,4.3284373,0.19846223,bound_replica_01_seed20260931,True
3420.0,2.055535316467285,5.225740432739258,5.1956387,4.233584,0.46779066,bound_replica_01_seed20260931,True
3430.0,2.316201686859131,5.2679033279418945,5.2714353,4.390798,0.29401132,bound_replica_01_seed20260931,True
3440.0,2.168684244155884,5.292687892913818,5.195437,4.1995616,0.55156225,bound_replica_01_seed20260931,True
3450.0,2.0254340171813965,5.311428070068359,5.1925087,4.1902776,0.85335374,bound_replica_01_seed20260931,True
3460.0,2.105653762817383,5.328712463378906,5.0118666,4.2605643,0.5492611,bound_replica_01_seed20260931,True
3470.0,2.0991625785827637,5.3383378982543945,4.938965,4.2800426,0.6065493,bound_replica_01_seed20260931,True
3480.0,2.287141799926758,5.175935745239258,4.9259086,4.378768,0.8181583,bound_replica_01_seed20260931,True
3490.0,2.1272034645080566,5.351414680480957,4.829385,4.3913097,0.24286613,bound_replica_01_seed20260931,True
3500.0,2.1809158325195312,5.311872482299805,4.9427614,4.099553,0.5867652,bound_replica_01_seed20260931,True
3510.0,2.1220600605010986,5.223943710327148,4.6697593,4.000121,0.6066595,bound_replica_01_seed20260931,True
3520.0,2.0704891681671143,5.226102828979492,4.7988167,4.272904,0.5140426,bound_replica_01_seed20260931,True
3530.0,2.123812675476074,5.33693265914917,4.892852,4.2404885,0.6778919,bound_replica_01_seed20260931,True
3540.0,2.294480562210083,5.23907470703125,4.8355174,4.5702453,0.5834786,bound_replica_01_seed20260931,True
3550.0,2.102379083633423,5.318996906280518,4.8585157,4.4620843,0.4343133,bound_replica_01_seed20260931,True
3560.0,2.0862135887145996,5.209249496459961,4.888082,4.1390667,0.52664036,bound_replica_01_seed20260931,True
3570.0,1.8225467205047607,5.115828037261963,4.5635786,3.7708356,0.4478814,bound_replica_01_seed20260931,True
3580.0,2.0068702697753906,5.118838310241699,4.603334,4.225949,0.45729387,bound_replica_01_seed20260931,True
3590.0,1.9266326427459717,5.183492183685303,4.6923075,3.7719588,0.84242874,bound_replica_01_seed20260931,True
3600.0,1.8918874263763428,5.146386623382568,4.5102634,4.1852865,0.63445324,bound_replica_01_seed20260931,True
3610.0,1.8706785440444946,5.250535488128662,4.506464,3.9391637,0.57713735,bound_replica_01_seed20260931,True
3620.0,1.877899408340454,5.283476829528809,4.385788,3.9456058,0.67237175,bound_replica_01_seed20260931,True
3630.0,2.4001030921936035,5.2782440185546875,4.4937387,4.299885,0.71667016,bound_replica_01_seed20260931,True
3640.0,2.1510794162750244,5.183231353759766,4.512554,4.0753417,0.44221354,bound_replica_01_seed20260931,True
3650.0,2.3552255630493164,5.2854719161987305,4.600379,4.477788,0.8519536,bound_replica_01_seed20260931,True
3660.0,2.414576530456543,5.351953983306885,4.4678206,4.157311,0.51131624,bound_replica_01_seed20260931,True
3670.0,2.245664119720459,5.357576370239258,4.3261366,4.445798,0.21084851,bound_replica_01_seed20260931,True
3680.0,2.1941702365875244,5.27957010269165,4.359188,4.2681284,0.21951036,bound_replica_01_seed20260931,True
3690.0,2.060457229614258,5.222136497497559,4.4386063,4.1118126,0.6812942,bound_replica_01_seed20260931,True
3700.0,2.045637845993042,5.295332908630371,4.2204266,4.1772566,0.5450342,bound_replica_01_seed20260931,True
3710.0,2.0474326610565186,5.232102394104004,4.39303,4.250281,0.31384403,bound_replica_01_seed20260931,True
3720.0,1.841151475906372,5.2775726318359375,4.300856,4.0331187,0.6810505,bound_replica_01_seed20260931,True
3730.0,2.13919734954834,5.257635593414307,4.3277154,4.0487733,0.23402172,bound_replica_01_seed20260931,True
3740.0,2.0858256816864014,5.273996353149414,4.337025,4.3843455,0.68509704,bound_replica_01_seed20260931,True
3750.0,2.1899211406707764,5.265704154968262,4.172254,4.330861,0.5032368,bound_replica_01_seed20260931,True
3760.0,2.0811407566070557,5.2566237449646,4.2437487,4.2219806,0.31060648,bound_replica_01_seed20260931,True
3770.0,1.9024882316589355,5.311969757080078,4.0506516,4.1805286,0.49284,bound_replica_01_seed20260931,True
3780.0,2.2001492977142334,5.279170036315918,4.1785274,4.084173,0.6445539,bound_replica_01_seed20260931,True
3790.0,2.082777500152588,5.275059700012207,4.110895,4.292349,0.7314932,bound_replica_01_seed20260931,True
3800.0,2.1457479000091553,5.251945495605469,4.121589,4.1910453,0.46673802,bound_replica_01_seed20260931,True
3810.0,2.1757993698120117,5.30198335647583,4.3090854,4.7700047,0.21970639,bound_replica_01_seed20260931,True
3820.0,2.0889315605163574,5.2678070068359375,4.301159,4.3293223,0.63214415,bound_replica_01_seed20260931,True
3830.0,2.127980947494507,5.222472667694092,4.113673,4.1738234,0.3395728,bound_replica_01_seed20260931,True
3840.0,2.047452688217163,5.323770523071289,4.013611,4.355893,0.29413748,bound_replica_01_seed20260931,True
3850.0,2.004423141479492,5.339378356933594,4.215086,4.1435633,0.5146371,bound_replica_01_seed20260931,True
3860.0,2.013314962387085,5.264401912689209,4.3747406,4.396185,0.60181236,bound_replica_01_seed20260931,True
3870.0,1.9769718647003174,5.2785420417785645,4.320207,4.402688,0.44400442,bound_replica_01_seed20260931,True
3880.0,2.019624710083008,5.309578895568848,4.4394655,4.3465385,0.42734817,bound_replica_01_seed20260931,True
3890.0,2.037254810333252,5.244073867797852,4.2835608,4.4274035,0.59701884,bound_replica_01_seed20260931,True
3900.0,1.9934636354446411,5.286162376403809,4.265524,4.4875183,0.6323975,bound_replica_01_seed20260931,True
3910.0,2.040177345275879,5.304471015930176,4.29097,4.7346864,0.7477001,bound_replica_01_seed20260931,True
3920.0,2.2356834411621094,5.328366279602051,4.285956,4.602934,0.29467025,bound_replica_01_seed20260931,True
3930.0,2.035271167755127,5.301161289215088,4.3978043,4.1350913,0.7338996,bound_replica_01_seed20260931,True
3940.0,2.341317653656006,5.238251686096191,4.3787284,4.431259,0.2544371,bound_replica_01_seed20260931,True
3950.0,2.0273919105529785,5.378109931945801,4.3472886,4.1790633,0.8118615,bound_replica_01_seed20260931,True
3960.0,2.0554757118225098,5.282169342041016,4.5370097,4.100021,0.3574303,bound_replica_01_seed20260931,True
3970.0,2.11696195602417,5.295909881591797,4.432577,4.2701497,0.6234369,bound_replica_01_seed20260931,True
3980.0,2.2789435386657715,5.1475324630737305,4.4057655,4.484558,0.6750182,bound_replica_01_seed20260931,True
3990.0,2.3777904510498047,5.340485572814941,4.6382103,4.31513,0.42511916,bound_replica_01_seed20260931,True
4000.0,2.063369035720825,5.2268266677856445,4.551015,4.5125604,0.71569294,bound_replica_01_seed20260931,True
4010.0,2.1945903301239014,5.322937965393066,4.5129004,4.4862337,0.43342173,bound_replica_01_seed20260931,True
4020.0,2.177382469177246,5.225212097167969,4.4629736,4.173195,0.7565104,bound_replica_01_seed20260931,True
4030.0,2.274016857147217,5.306042671203613,4.487344,4.125232,0.82827896,bound_replica_01_seed20260931,True
4040.0,2.304107427597046,5.301034450531006,4.515185,4.2289505,0.46414924,bound_replica_01_seed20260931,True
4050.0,2.349713087081909,5.227358818054199,4.374426,4.289889,0.5616795,bound_replica_01_seed20260931,True
4060.0,2.062424421310425,5.299640655517578,4.4980865,4.3921385,0.5365649,bound_replica_01_seed20260931,True
4070.0,1.8930063247680664,5.364249229431152,4.3796387,4.1760817,0.5982025,bound_replica_01_seed20260931,True
4080.0,2.073391914367676,5.290070533752441,4.4488983,4.190609,0.45555353,bound_replica_01_seed20260931,True
4090.0,2.233931064605713,5.214056968688965,4.4574656,3.8053048,0.74572736,bound_replica_01_seed20260931,True
4100.0,2.2574427127838135,5.266664505004883,4.4880476,4.152201,0.48746467,bound_replica_01_seed20260931,True
4110.0,2.1199309825897217,5.342372894287109,4.397326,4.3101616,0.26680866,bound_replica_01_seed20260931,True
4120.0,2.0304250717163086,5.285422325134277,4.2924776,3.6411774,0.34602553,bound_replica_01_seed20260931,True
4130.0,2.0164341926574707,5.31119441986084,4.2607694,4.03197,0.62156487,bound_replica_01_seed20260931,True
4140.0,1.9460785388946533,5.297255039215088,4.2515793,4.5737367,0.54768366,bound_replica_01_seed20260931,True
4150.0,1.717475175857544,5.20601224899292,4.111201,4.718475,1.4152532,bound_replica_01_seed20260931,True
4160.0,2.012711524963379,5.341794490814209,3.9895496,4.695552,1.2356076,bound_replica_01_seed20260931,True
4170.0,2.037945032119751,5.335090160369873,4.0221243,5.0593424,1.2281349,bound_replica_01_seed20260931,True
4180.0,1.9928878545761108,5.334200859069824,3.8884022,4.7418523,1.4525694,bound_replica_01_seed20260931,True
4190.0,1.9327912330627441,5.317671298980713,3.9690053,5.077245,1.1136018,bound_replica_01_seed20260931,True
4200.0,2.071556568145752,5.275709629058838,3.8446069,5.0247097,0.88700736,bound_replica_01_seed20260931,True
4210.0,1.949293851852417,5.306334972381592,3.864727,4.773688,1.0824153,bound_replica_01_seed20260931,True
4220.0,1.9488691091537476,5.319740295410156,3.9433208,4.7661653,1.1020995,bound_replica_01_seed20260931,True
4230.0,1.9039379358291626,5.258608818054199,3.9500985,4.685847,0.77523714,bound_replica_01_seed20260931,True
4240.0,1.9918148517608643,5.246640205383301,3.9277716,5.0208383,0.76247215,bound_replica_01_seed20260931,True
4250.0,1.8960827589035034,5.2213215827941895,3.903636,4.6082997,0.60277754,bound_replica_01_seed20260931,True
4260.0,1.9897557497024536,5.225185394287109,3.9157116,5.3768754,1.1464741,bound_replica_01_seed20260931,True
4270.0,1.9377586841583252,5.350582122802734,3.9769218,5.363344,1.2932341,bound_replica_01_seed20260931,True
4280.0,2.0239462852478027,5.328192710876465,3.9887648,5.5989075,1.2802224,bound_replica_01_seed20260931,True
4290.0,1.8075799942016602,5.376127243041992,4.1407256,5.7515817,1.2981604,bound_replica_01_seed20260931,True
4300.0,1.9886547327041626,5.1809983253479,4.1650944,4.8284574,0.93269944,bound_replica_01_seed20260931,True
4310.0,2.093661308288574,5.31144380569458,4.205141,5.71455,1.4544036,bound_replica_01_seed20260931,True
4320.0,2.234529972076416,5.2551116943359375,4.12877,5.9802985,1.7445658,bound_replica_01_seed20260931,True
4330.0,1.9406912326812744,5.305798530578613,4.1015387,5.3839912,1.6139817,bound_replica_01_seed20260931,True
4340.0,2.0113275051116943,5.368974208831787,4.0696297,5.65882,1.3025707,bound_replica_01_seed20260931,True
4350.0,1.9117991924285889,5.297247886657715,4.124829,5.5199175,1.0557673,bound_replica_01_seed20260931,True
4360.0,1.9993553161621094,5.2648420333862305,3.9458408,5.784319,1.2219583,bound_replica_01_seed20260931,True
4370.0,2.0018253326416016,5.375298500061035,4.0081544,5.657258,1.3369447,bound_replica_01_seed20260931,True
4380.0,2.024526596069336,5.354466438293457,4.114764,5.4477286,1.295151,bound_replica_01_seed20260931,True
4390.0,1.8626676797866821,5.313005447387695,4.117565,5.7598324,1.2017261,bound_replica_01_seed20260931,True
4400.0,1.891425371170044,5.254006385803223,4.2594166,5.193554,1.3236709,bound_replica_01_seed20260931,True
4410.0,1.9593454599380493,5.341506004333496,4.3054314,5.2808523,1.2738175,bound_replica_01_seed20260931,True
4420.0,1.9638895988464355,5.374556064605713,4.3526864,5.0987983,1.4526186,bound_replica_01_seed20260931,True
4430.0,1.9593058824539185,5.327960014343262,4.430738,5.2019653,0.9254405,bound_replica_01_seed20260931,True
4440.0,2.076371669769287,5.277178764343262,4.6499777,5.0129704,1.128792,bound_replica_01_seed20260931,True
4450.0,1.8316220045089722,5.247861862182617,4.6304784,5.007748,1.2828661,bound_replica_01_seed20260931,True
4460.0,1.815856695175171,5.416994571685791,4.426858,5.4118304,1.2008706,bound_replica_01_seed20260931,True
4470.0,1.8914824724197388,5.229668617248535,4.3945794,5.080108,1.1108685,bound_replica_01_seed20260931,True
4480.0,1.8453319072723389,5.264650344848633,4.338736,5.503206,1.9292294,bound_replica_01_seed20260931,True
4490.0,1.999391794204712,5.189060211181641,4.1446447,4.882161,1.1190802,bound_replica_01_seed20260931,True
4500.0,2.0347275733947754,5.256028652191162,3.9786122,5.020015,1.0319175,bound_replica_01_seed20260931,True
4510.0,2.0814850330352783,5.2896504402160645,4.230139,5.403719,0.9747985,bound_replica_01_seed20260931,True
4520.0,1.9479610919952393,5.202446937561035,4.238539,5.4425006,1.3969857,bound_replica_01_seed20260931,True
4530.0,1.9536588191986084,5.272951126098633,4.3156238,4.953347,1.2073057,bound_replica_01_seed20260931,True
4540.0,1.8636256456375122,5.268714904785156,4.3368716,4.972488,1.5399156,bound_replica_01_seed20260931,True
4550.0,1.9158726930618286,5.262857437133789,4.1887617,5.370632,1.5752275,bound_replica_01_seed20260931,True
4560.0,2.0777530670166016,5.174420356750488,4.2077155,5.137343,1.0053937,bound_replica_01_seed20260931,True
4570.0,1.8763397932052612,5.036329746246338,4.302197,5.034091,0.89366543,bound_replica_01_seed20260931,True
4580.0,2.1274962425231934,5.051292896270752,4.3378296,4.7443185,0.9015591,bound_replica_01_seed20260931,True
4590.0,1.7485287189483643,5.200486660003662,4.1306267,4.58974,1.0632702,bound_replica_01_seed20260931,True
4600.0,1.7288825511932373,5.280886173248291,3.980616,4.7374516,1.2208807,bound_replica_01_seed20260931,True
4610.0,1.9991748332977295,5.320920944213867,3.9018202,5.0076003,1.4582567,bound_replica_01_seed20260931,True
4620.0,2.0770530700683594,5.351282119750977,3.905387,5.1015253,1.4744241,bound_replica_01_seed20260931,True
4630.0,2.012561559677124,5.2320332527160645,3.9205256,4.992405,0.8329815,bound_replica_01_seed20260931,True
4640.0,1.9405592679977417,5.286118984222412,4.0021005,5.2356195,1.278761,bound_replica_01_seed20260931,True
4650.0,2.0059919357299805,5.392274379730225,4.075385,5.0751286,1.1984129,bound_replica_01_seed20260931,True
4660.0,1.9944648742675781,5.158411979675293,3.9833846,5.07471,0.995458,bound_replica_01_seed20260931,True
4670.0,2.0781829357147217,5.144746780395508,4.0298214,5.163904,1.1748799,bound_replica_01_seed20260931,True
4680.0,2.1657028198242188,5.028580665588379,4.216612,4.650584,1.0262556,bound_replica_01_seed20260931,True
4690.0,2.0909006595611572,5.216705799102783,4.20878,4.7864075,0.8961758,bound_replica_01_seed20260931,True
4700.0,2.1209535598754883,5.272095203399658,4.2070956,5.1351266,1.0047712,bound_replica_01_seed20260931,True
4710.0,2.0131475925445557,5.261662006378174,4.1823096,5.0058312,1.3769002,bound_replica_01_seed20260931,True
4720.0,2.1884944438934326,5.302711486816406,4.268919,4.75478,0.45259598,bound_replica_01_seed20260931,True
4730.0,1.8654346466064453,5.329078674316406,4.081679,5.106576,1.7889941,bound_replica_01_seed20260931,True
4740.0,1.8445264101028442,5.260538101196289,4.1173496,4.9723153,1.1378443,bound_replica_01_seed20260931,True
4750.0,1.896207571029663,5.280841827392578,4.1042395,4.450282,1.1291664,bound_replica_01_seed20260931,True
4760.0,1.971132755279541,5.309042930603027,4.028472,4.7127795,1.2299182,bound_replica_01_seed20260931,True
4770.0,1.9474745988845825,5.282273769378662,4.0439773,4.940569,1.197006,bound_replica_01_seed20260931,True
4780.0,1.7612090110778809,5.262598514556885,3.9680564,4.7090693,0.7081008,bound_replica_01_seed20260931,True
4790.0,2.1433889865875244,5.130062103271484,3.9391894,5.1432247,0.78990763,bound_replica_01_seed20260931,True
4800.0,1.8965537548065186,5.297175407409668,4.050872,4.9057465,1.3121654,bound_replica_01_seed20260931,True
4810.0,1.8928718566894531,5.178442478179932,3.9299192,5.02567,1.611377,bound_replica_01_seed20260931,True
4820.0,2.1079678535461426,5.179862976074219,3.89354,4.7331305,1.4883249,bound_replica_01_seed20260931,True
4830.0,1.8351104259490967,5.189149379730225,3.9801316,4.4788275,1.0527318,bound_replica_01_seed20260931,True
4840.0,1.941725254058838,5.287561893463135,3.837125,4.9980373,1.2745528,bound_replica_01_seed20260931,True
4850.0,1.8296362161636353,5.291499137878418,3.9018803,5.3781195,1.4671896,bound_replica_01_seed20260931,True
4860.0,1.9116086959838867,5.259248733520508,3.7889245,4.9600935,1.4251509,bound_replica_01_seed20260931,True
4870.0,1.95354163646698,5.153741359710693,3.9450457,4.877305,1.6016932,bound_replica_01_seed20260931,True
4880.0,1.9456301927566528,5.108971118927002,3.98485,4.906318,1.3249164,bound_replica_01_seed20260931,True
4890.0,1.950566291809082,5.297259330749512,4.128698,5.3048916,1.6917127,bound_replica_01_seed20260931,True
4900.0,1.7519968748092651,5.319231033325195,4.069519,5.2764025,1.6452636,bound_replica_01_seed20260931,True
4910.0,1.9194036722183228,5.184628963470459,4.1234937,5.0918436,1.3880008,bound_replica_01_seed20260931,True
4920.0,1.862217903137207,5.303555011749268,4.238273,5.0064683,1.1753764,bound_replica_01_seed20260931,True
4930.0,2.0614500045776367,5.1979265213012695,4.3028584,4.5476413,1.2553024,bound_replica_01_seed20260931,True
4940.0,2.0705313682556152,5.285133361816406,4.4989467,4.670618,0.79870945,bound_replica_01_seed20260931,True
4950.0,1.973017930984497,5.248818874359131,4.6156435,4.2834864,0.47509193,bound_replica_01_seed20260931,True
4960.0,2.0605199337005615,5.2814106941223145,4.6685715,4.5821457,0.44466498,bound_replica_01_seed20260931,True
4970.0,1.6214673519134521,5.332915306091309,4.5871205,5.573919,1.1915953,bound_replica_01_seed20260931,True
4980.0,1.8637382984161377,5.336798667907715,4.4374666,5.2632217,0.7370424,bound_replica_01_seed20260931,True
4990.0,2.024996757507324,5.278765678405762,4.272781,5.316702,1.3336751,bound_replica_01_seed20260931,True
5000.0,1.9826366901397705,5.173278331756592,4.231176,4.9070125,0.9242856,bound_replica_01_seed20260931,True
5010.0,2.0018270015716553,5.2017903327941895,4.1098843,4.667161,1.0341729,bound_replica_01_seed20260931,True
5020.0,1.9820191860198975,5.25623083114624,4.0817175,4.7233744,1.1084579,bound_replica_01_seed20260931,True
5030.0,1.979218602180481,5.319552898406982,4.151738,4.208924,0.49964187,bound_replica_01_seed20260931,True
5040.0,2.1137852668762207,5.2610039710998535,4.2298837,4.8266616,0.91452295,bound_replica_01_seed20260931,True
5050.0,2.1951849460601807,5.274242401123047,4.263538,4.544695,0.78806406,bound_replica_01_seed20260931,True
5060.0,2.098576545715332,5.26793909072876,4.3120203,4.8344555,1.1741943,bound_replica_01_seed20260931,True
5070.0,1.9736994504928589,5.273873805999756,4.4141493,4.7112455,1.4691919,bound_replica_01_seed20260931,True
5080.0,2.1171536445617676,5.083110809326172,4.296615,4.6111436,1.1842649,bound_replica_01_seed20260931,True
5090.0,2.2587597370147705,4.970789432525635,4.311704,5.070059,1.15814,bound_replica_01_seed20260931,True
5100.0,2.0665340423583984,5.211806774139404,4.41102,4.7947598,0.84136045,bound_replica_01_seed20260931,True
5110.0,2.2209794521331787,5.153305530548096,4.567787,5.094583,0.96442044,bound_replica_01_seed20260931,True
5120.0,1.8602409362792969,5.277801036834717,4.4608593,4.8199835,1.0984362,bound_replica_01_seed20260931,True
5130.0,2.014371871948242,5.275283336639404,4.5750947,5.049822,1.1701901,bound_replica_01_seed20260931,True
5140.0,1.9807606935501099,5.24277400970459,4.6649017,4.7501583,1.0849078,bound_replica_01_seed20260931,True
5150.0,1.8658281564712524,5.385220527648926,4.5565343,5.301152,1.1232024,bound_replica_01_seed20260931,True
5160.0,1.9249868392944336,5.303873538970947,4.592785,4.7732706,0.802444,bound_replica_01_seed20260931,True
5170.0,2.0007753372192383,5.336177825927734,4.7791014,5.0775123,0.76170063,bound_replica_01_seed20260931,True
5180.0,2.014899492263794,5.206117630004883,4.8470826,5.0550356,1.1255614,bound_replica_01_seed20260931,True
5190.0,1.8982969522476196,5.342489242553711,4.8871393,4.9230714,1.1586072,bound_replica_01_seed20260931,True
5200.0,2.117149829864502,5.372838020324707,4.9262114,4.840279,0.7958894,bound_replica_01_seed20260931,True
5210.0,1.9585310220718384,5.290855407714844,4.8713493,5.051747,1.2050472,bound_replica_01_seed20260931,True
5220.0,1.945496916770935,5.236240386962891,5.001293,5.1893616,1.2684327,bound_replica_01_seed20260931,True
5230.0,1.9926613569259644,5.2559733390808105,5.2277417,5.355454,1.1325812,bound_replica_01_seed20260931,True
5240.0,2.1348469257354736,5.294938087463379,5.0693645,4.455613,0.4197085,bound_replica_01_seed20260931,True
5250.0,2.189177989959717,5.274660110473633,5.058183,3.9725504,0.5698748,bound_replica_01_seed20260931,True
5260.0,2.246250867843628,5.268914222717285,5.169711,4.7065883,0.22686587,bound_replica_01_seed20260931,True
5270.0,2.1917386054992676,5.23026704788208,5.024863,4.7536354,0.57324356,bound_replica_01_seed20260931,True
5280.0,2.156505584716797,5.250657081604004,4.9916596,4.508688,0.3158809,bound_replica_01_seed20260931,True
5290.0,2.1579689979553223,5.284069061279297,5.031324,4.7001886,0.23861527,bound_replica_01_seed20260931,True
5300.0,2.1192164421081543,5.190810203552246,5.1580005,4.4895144,0.29800662,bound_replica_01_seed20260931,True
5310.0,2.19264554977417,5.291895866394043,5.051174,4.657051,0.3120149,bound_replica_01_seed20260931,True
5320.0,2.292585849761963,5.319929599761963,5.0427456,4.601429,0.38920897,bound_replica_01_seed20260931,True
5330.0,2.1471188068389893,5.206542015075684,5.033562,4.3590665,0.44389677,bound_replica_01_seed20260931,True
5340.0,2.195937156677246,5.282353401184082,5.2405252,4.8502502,0.5517266,bound_replica_01_seed20260931,True
5350.0,2.083275079727173,5.307226657867432,5.258837,4.4525585,0.3075117,bound_replica_01_seed20260931,True
5360.0,2.0381946563720703,5.20165491104126,5.1675177,4.262666,0.2314339,bound_replica_01_seed20260931,True
5370.0,2.212273597717285,5.326061725616455,5.0170655,4.5875278,0.2875383,bound_replica_01_seed20260931,True
5380.0,2.1569104194641113,5.30642557144165,4.898363,4.4635587,0.49554867,bound_replica_01_seed20260931,True
5390.0,2.3225905895233154,5.245326042175293,4.826253,4.367102,0.2667577,bound_replica_01_seed20260931,True
5400.0,2.2081258296966553,5.3150177001953125,4.9627247,4.2849073,0.4990456,bound_replica_01_seed20260931,True
5410.0,2.109952211380005,5.222856521606445,5.272643,4.6554227,0.2671175,bound_replica_01_seed20260931,True
5420.0,2.1243515014648438,5.349674701690674,5.244604,4.3216677,0.52861345,bound_replica_01_seed20260931,True
5430.0,2.1549248695373535,5.320152759552002,5.2177525,4.385605,0.42496797,bound_replica_01_seed20260931,True
5440.0,2.305792808532715,5.239305019378662,5.187193,4.3011775,0.5233543,bound_replica_01_seed20260931,True
5450.0,2.2374515533447266,5.298652172088623,5.228303,4.579933,0.22919989,bound_replica_01_seed20260931,True
5460.0,2.1757254600524902,5.396882057189941,5.3821306,4.165537,0.3491156,bound_replica_01_seed20260931,True
5470.0,2.2506563663482666,5.283841133117676,5.344841,4.5819054,0.26701498,bound_replica_01_seed20260931,True
5480.0,2.218665361404419,5.312046527862549,5.18611,4.5453067,0.43266642,bound_replica_01_seed20260931,True
5490.0,2.2373924255371094,5.23175048828125,5.2629604,4.866971,0.63212633,bound_replica_01_seed20260931,True
5500.0,2.167055130004883,5.310187339782715,5.4048133,4.6057973,0.23435043,bound_replica_01_seed20260931,True
5510.0,2.2323081493377686,5.209141254425049,5.266014,4.6654086,0.6036119,bound_replica_01_seed20260931,True
5520.0,2.1358556747436523,5.349989891052246,5.232837,4.4091897,0.110007584,bound_replica_01_seed20260931,True
5530.0,1.9336316585540771,5.361331939697266,5.188468,4.2832394,0.30530292,bound_replica_01_seed20260931,True
5540.0,2.203695774078369,5.248091220855713,5.12536,4.571838,0.25044894,bound_replica_01_seed20260931,True
5550.0,2.164125919342041,5.273864269256592,5.125895,4.6330605,0.10638082,bound_replica_01_seed20260931,True
5560.0,2.3001656532287598,5.299621105194092,5.074929,4.4542904,0.5084353,bound_replica_01_seed20260931,True
5570.0,2.1709234714508057,5.2550554275512695,4.984629,4.226471,0.26955143,bound_replica_01_seed20260931,True
5580.0,2.2918648719787598,5.143612861633301,4.9329667,4.41004,0.19555837,bound_replica_01_seed20260931,True
5590.0,2.023773431777954,5.294907093048096,4.9471455,4.2417765,0.33826143,bound_replica_01_seed20260931,True
5600.0,1.9694371223449707,5.231022357940674,4.789674,4.2792416,0.13838416,bound_replica_01_seed20260931,True
5610.0,2.3375399112701416,5.291375637054443,4.9924126,4.542056,0.33963606,bound_replica_01_seed20260931,True
5620.0,2.240272045135498,5.283956527709961,4.7579613,4.3300714,0.32640907,bound_replica_01_seed20260931,True
5630.0,2.079331398010254,5.337326526641846,4.6799574,4.4101777,0.1129412,bound_replica_01_seed20260931,True
5640.0,2.0120933055877686,5.298191070556641,4.747418,4.795653,0.79071665,bound_replica_01_seed20260931,True
5650.0,2.1309404373168945,5.210883140563965,4.473732,4.5205555,0.24105175,bound_replica_01_seed20260931,True
5660.0,2.002525568008423,5.299861431121826,4.612601,4.54955,0.13329497,bound_replica_01_seed20260931,True
5670.0,1.8554637432098389,5.301394939422607,4.401308,4.405194,0.4696909,bound_replica_01_seed20260931,True
5680.0,2.073939323425293,5.2447991371154785,4.4397454,4.6273565,0.088595085,bound_replica_01_seed20260931,True
5690.0,1.9531828165054321,5.265002250671387,4.4021535,4.6971707,0.14044558,bound_replica_01_seed20260931,True
5700.0,1.9296060800552368,5.239811897277832,4.4502587,4.7516255,0.31479895,bound_replica_01_seed20260931,True
5710.0,2.0595924854278564,5.290356159210205,4.39009,4.2919507,0.35536432,bound_replica_01_seed20260931,True
5720.0,2.199240207672119,5.326528549194336,4.4853706,4.3566475,0.69003886,bound_replica_01_seed20260931,True
5730.0,2.192262887954712,5.357911109924316,4.4270062,4.5616274,0.27026257,bound_replica_01_seed20260931,True
5740.0,2.264552593231201,5.314638614654541,4.4918184,4.6208305,0.32292742,bound_replica_01_seed20260931,True
5750.0,2.4517617225646973,5.3343400955200195,4.687916,5.029256,0.37304705,bound_replica_01_seed20260931,True
5760.0,2.556903600692749,5.216377258300781,4.674784,5.210191,0.53820986,bound_replica_01_seed20260931,True
5770.0,2.5831780433654785,5.306503772735596,4.638677,5.0794654,0.5858664,bound_replica_01_seed20260931,True
5780.0,2.546841859817505,5.158109664916992,4.6243587,4.8991766,0.67758137,bound_replica_01_seed20260931,True
5790.0,2.4423182010650635,5.270952224731445,4.842891,5.121808,0.72441214,bound_replica_01_seed20260931,True
5800.0,2.6329948902130127,5.236807823181152,4.8132963,5.01039,0.58749926,bound_replica_01_seed20260931,True
5810.0,2.5732362270355225,5.177448272705078,4.9157867,4.9729686,0.44592145,bound_replica_01_seed20260931,True
5820.0,2.552072525024414,5.187016487121582,5.0947666,4.8751206,0.26818153,bound_replica_01_seed20260931,True
5830.0,2.571725606918335,5.2442474365234375,5.227394,4.749132,0.62554926,bound_replica_01_seed20260931,True
5840.0,2.511240243911743,5.24782133102417,5.1041384,4.994168,0.56876755,bound_replica_01_seed20260931,True
5850.0,2.4646685123443604,5.242109775543213,5.2451305,4.7497544,0.32400754,bound_replica_01_seed20260931,True
5860.0,2.56325364112854,5.260822296142578,5.246174,4.82734,0.4817678,bound_replica_01_seed20260931,True
5870.0,2.5028417110443115,5.283713340759277,5.0106554,4.8510227,0.31319726,bound_replica_01_seed20260931,True
5880.0,2.5360989570617676,5.214752674102783,4.9215736,4.7087073,0.35829675,bound_replica_01_seed20260931,True
5890.0,2.3896374702453613,5.223747253417969,5.209956,4.616415,0.47737992,bound_replica_01_seed20260931,True
5900.0,2.3347973823547363,5.28680419921875,5.1095076,4.8441286,0.23410292,bound_replica_01_seed20260931,True
5910.0,2.2682571411132812,5.341017723083496,5.0827885,4.717785,0.41913077,bound_replica_01_seed20260931,True
5920.0,2.050267219543457,5.306424617767334,5.036339,4.8500686,0.49975687,bound_replica_01_seed20260931,True
5930.0,1.802058219909668,5.333652973175049,4.9636555,4.400015,0.22103283,bound_replica_01_seed20260931,True
5940.0,2.089527130126953,5.270465850830078,4.8981786,4.725376,0.16312626,bound_replica_01_seed20260931,True
5950.0,2.0482017993927,5.268610954284668,5.027507,5.1103506,0.6982017,bound_replica_01_seed20260931,True
5960.0,2.22354793548584,5.257400989532471,4.914157,4.675184,0.07325596,bound_replica_01_seed20260931,True
5970.0,2.023408889770508,5.273582458496094,4.7785325,4.6891317,0.44018954,bound_replica_01_seed20260931,True
5980.0,2.1465537548065186,5.264893531799316,4.7098355,4.7743545,0.35196677,bound_replica_01_seed20260931,True
5990.0,2.0034046173095703,5.269601345062256,4.926633,4.937221,0.23212272,bound_replica_01_seed20260931,True
6000.0,2.1528947353363037,5.207749366760254,4.838824,4.2559166,0.48350346,bound_replica_01_seed20260931,True
6010.0,1.8029735088348389,5.3019118309021,4.742897,4.528187,0.38942012,bound_replica_01_seed20260931,True
6020.0,1.866002082824707,5.2833757400512695,4.61858,4.9151297,0.36515203,bound_replica_01_seed20260931,True
6030.0,1.9348419904708862,5.314308166503906,4.5459995,5.031173,0.36964774,bound_replica_01_seed20260931,True
6040.0,1.987389087677002,5.377037525177002,4.40886,4.9543195,0.3021067,bound_replica_01_seed20260931,True
6050.0,2.026686191558838,5.314337730407715,4.4209538,4.692895,0.44141412,bound_replica_01_seed20260931,True
6060.0,2.061149835586548,5.2896809577941895,4.58269,4.607881,0.502343,bound_replica_01_seed20260931,True
6070.0,1.995115041732788,5.291231155395508,4.694701,5.0285664,0.44132346,bound_replica_01_seed20260931,True
6080.0,2.079162359237671,5.2489824295043945,4.961318,5.122705,0.14253221,bound_replica_01_seed20260931,True
6090.0,2.1856296062469482,5.364139080047607,4.824881,4.921187,0.17618196,bound_replica_01_seed20260931,True
6100.0,1.9362685680389404,5.314040660858154,4.7119546,5.2017493,0.4391545,bound_replica_01_seed20260931,True
6110.0,2.047455072402954,5.275423526763916,4.7624664,5.0467544,0.77513725,bound_replica_01_seed20260931,True
6120.0,2.04445481300354,5.206536293029785,4.9164896,5.2716565,0.16122729,bound_replica_01_seed20260931,True
6130.0,2.07519793510437,5.340108394622803,4.8909087,5.142885,0.1368457,bound_replica_01_seed20260931,True
6140.0,2.0782318115234375,5.322297096252441,5.169981,5.055093,0.20591171,bound_replica_01_seed20260931,True
6150.0,2.258735179901123,5.324712753295898,5.062349,5.136557,0.36188626,bound_replica_01_seed20260931,True
6160.0,1.958822250366211,5.347631454467773,4.869783,4.71442,0.26653227,bound_replica_01_seed20260931,True
6170.0,2.063713312149048,5.298443794250488,4.912001,4.890102,0.122545846,bound_replica_01_seed20260931,True
6180.0,2.089099645614624,5.322456359863281,4.9589725,4.6433396,0.3216879,bound_replica_01_seed20260931,True
6190.0,2.1039819717407227,5.304848670959473,4.9559636,4.953478,0.42632625,bound_replica_01_seed20260931,True
6200.0,2.2813289165496826,5.213882923126221,4.985703,4.5884004,0.3281178,bound_replica_01_seed20260931,True
6210.0,1.9628970623016357,5.328498363494873,5.102568,4.7952576,0.077998705,bound_replica_01_seed20260931,True
6220.0,2.1269819736480713,5.247192859649658,5.094495,5.278408,0.45682585,bound_replica_01_seed20260931,True
6230.0,2.1401169300079346,5.256044387817383,5.187624,5.124461,0.40326554,bound_replica_01_seed20260931,True
6240.0,2.0238819122314453,5.283292770385742,5.2672725,5.1069903,0.46563837,bound_replica_01_seed20260931,True
6250.0,2.1476569175720215,5.299203872680664,5.232934,4.673534,0.30490488,bound_replica_01_seed20260931,True
6260.0,2.2177300453186035,5.2835917472839355,5.2104216,4.714037,0.40779138,bound_replica_01_seed20260931,True
6270.0,2.050410747528076,5.3374762535095215,5.1329556,4.847309,0.31795478,bound_replica_01_seed20260931,True
6280.0,2.160904884338379,5.230131149291992,5.121352,5.0651617,0.29589167,bound_replica_01_seed20260931,True
6290.0,2.022257089614868,5.348872661590576,5.1000357,4.92593,0.2376188,bound_replica_01_seed20260931,True
6300.0,2.0801315307617188,5.34371280670166,5.1448765,5.0882764,0.21779186,bound_replica_01_seed20260931,True
6310.0,2.1732606887817383,5.328428745269775,5.1153083,4.8964224,0.52896404,bound_replica_01_seed20260931,True
6320.0,2.0364937782287598,5.403572082519531,5.185184,4.8771453,0.25731125,bound_replica_01_seed20260931,True
6330.0,2.026428699493408,5.312656879425049,4.959435,4.8175826,0.516583,bound_replica_01_seed20260931,True
6340.0,2.1878037452697754,5.328550338745117,4.858408,4.7687297,0.2331777,bound_replica_01_seed20260931,True
6350.0,1.969789743423462,5.272619247436523,4.878435,4.6070943,0.31475112,bound_replica_01_seed20260931,True
6360.0,2.128572463989258,5.35942268371582,4.856134,4.56978,0.33387792,bound_replica_01_seed20260931,True
6370.0,2.116307258605957,5.264831066131592,4.806261,4.609793,0.51297975,bound_replica_01_seed20260931,True
6380.0,2.178043842315674,5.250298500061035,4.754374,4.835175,0.20727706,bound_replica_01_seed20260931,True
6390.0,2.302492618560791,5.347447872161865,4.8671856,4.9389253,0.13919441,bound_replica_01_seed20260931,True
6400.0,2.2715327739715576,5.328187465667725,4.976493,5.1325107,0.32358938,bound_replica_01_seed20260931,True
6410.0,2.2712647914886475,5.2711873054504395,4.8106503,5.0640993,0.09082616,bound_replica_01_seed20260931,True
6420.0,2.2866525650024414,5.162049293518066,4.8548903,5.2275295,0.37896252,bound_replica_01_seed20260931,True
6430.0,2.3721389770507812,5.251707553863525,4.65401,5.1287265,0.25965714,bound_replica_01_seed20260931,True
6440.0,2.3330042362213135,5.219728946685791,4.6061735,5.022902,0.47543004,bound_replica_01_seed20260931,True
6450.0,2.422236680984497,5.172708034515381,4.728118,4.4902983,0.42768532,bound_replica_01_seed20260931,True
6460.0,2.1813697814941406,5.265524387359619,4.8041134,4.8035746,0.40810585,bound_replica_01_seed20260931,True
6470.0,2.333876848220825,5.264511585235596,4.7477717,4.7703295,0.41532987,bound_replica_01_seed20260931,True
6480.0,2.2513766288757324,5.350332260131836,4.848529,4.9201183,0.32320666,bound_replica_01_seed20260931,True
6490.0,2.333761692047119,5.269965171813965,4.913482,5.249404,0.4595798,bound_replica_01_seed20260931,True
6500.0,2.5089268684387207,5.26161003112793,4.8823586,5.2774916,0.5192797,bound_replica_01_seed20260931,True
6510.0,2.1041972637176514,5.331814289093018,4.8272915,4.6429176,0.47514158,bound_replica_01_seed20260931,True
6520.0,2.16121244430542,5.278059005737305,4.946942,4.73057,0.34613386,bound_replica_01_seed20260931,True
6530.0,2.05991792678833,5.3119683265686035,5.031559,5.0527334,0.41108555,bound_replica_01_seed20260931,True
6540.0,2.2686803340911865,5.306393623352051,5.14071,5.0449753,0.34911856,bound_replica_01_seed20260931,True
6550.0,2.254016160964966,5.319631576538086,5.157511,4.8392,0.4215984,bound_replica_01_seed20260931,True
6560.0,2.177804470062256,5.191930770874023,5.1380568,5.0386047,0.46020076,bound_replica_01_seed20260931,True
6570.0,2.2041335105895996,5.273416042327881,5.053139,4.620214,0.39442167,bound_replica_01_seed20260931,True
6580.0,2.109259605407715,5.3144307136535645,4.9782834,4.672282,0.2441797,bound_replica_01_seed20260931,True
6590.0,1.9780939817428589,5.37177848815918,4.858328,4.5078564,0.53672904,bound_replica_01_seed20260931,True
6600.0,1.841109037399292,5.368284702301025,4.8824463,4.32576,1.0291772,bound_replica_01_seed20260931,True
6610.0,2.0264663696289062,5.295900821685791,4.717131,4.472007,0.52444977,bound_replica_01_seed20260931,True
6620.0,1.9462535381317139,5.344305038452148,4.774526,4.7215223,0.5701407,bound_replica_01_seed20260931,True
6630.0,2.0328011512756348,5.185515880584717,4.8421345,4.413715,0.60220367,bound_replica_01_seed20260931,True
6640.0,2.0550310611724854,5.11986780166626,4.9858174,4.4214687,0.35140282,bound_replica_01_seed20260931,True
6650.0,2.0332107543945312,5.356440544128418,5.042494,4.636336,0.34134358,bound_replica_01_seed20260931,True
6660.0,2.215399742126465,5.195364475250244,4.9632773,4.62028,0.277543,bound_replica_01_seed20260931,True
6670.0,1.977805495262146,5.224837779998779,5.0180125,4.5840445,0.6203473,bound_replica_01_seed20260931,True
6680.0,2.238536834716797,5.260931968688965,5.067257,5.0557094,0.6661067,bound_replica_01_seed20260931,True
6690.0,2.138530731201172,5.297904968261719,4.8954535,4.9110737,0.9994322,bound_replica_01_seed20260931,True
6700.0,2.1516902446746826,5.283949375152588,4.994439,4.704133,0.68281525,bound_replica_01_seed20260931,True
6710.0,1.8882991075515747,5.372127532958984,5.1109476,4.9530663,0.057517745,bound_replica_01_seed20260931,True
6720.0,2.0346555709838867,5.192544460296631,5.0187426,5.0045767,0.37060323,bound_replica_01_seed20260931,True
6730.0,2.3368611335754395,5.135697841644287,5.165937,4.8217974,0.46873656,bound_replica_01_seed20260931,True
6740.0,2.0225565433502197,5.23603630065918,5.194903,4.435294,0.34151736,bound_replica_01_seed20260931,True
6750.0,1.6779255867004395,5.319364070892334,5.2043943,4.370616,0.38612482,bound_replica_01_seed20260931,True
6760.0,2.0848569869995117,5.293325901031494,5.2071686,4.989832,0.19458038,bound_replica_01_seed20260931,True
6770.0,1.956678867340088,5.301695823669434,5.2150507,4.583276,0.5330251,bound_replica_01_seed20260931,True
6780.0,1.8088914155960083,5.302804946899414,5.214634,4.217743,0.80882883,bound_replica_01_seed20260931,True
6790.0,1.7892212867736816,5.206575870513916,5.216832,4.55534,0.670758,bound_replica_01_seed20260931,True
6800.0,1.7690458297729492,5.324232578277588,5.443382,4.472175,0.22081785,bound_replica_01_seed20260931,True
6810.0,1.6509299278259277,5.276355743408203,5.2673554,4.363815,0.24720176,bound_replica_01_seed20260931,True
6820.0,1.8349546194076538,5.274112701416016,5.093887,4.311051,0.4206953,bound_replica_01_seed20260931,True
6830.0,1.7811555862426758,5.2540202140808105,5.1061153,4.586505,0.08718402,bound_replica_01_seed20260931,True
6840.0,1.7504829168319702,5.243058204650879,5.2206554,4.4863234,0.49334043,bound_replica_01_seed20260931,True
6850.0,1.8023985624313354,5.300064563751221,5.3407097,4.9179735,0.8345788,bound_replica_01_seed20260931,True
6860.0,1.9689916372299194,5.303380012512207,5.2145724,4.9693284,0.48089623,bound_replica_01_seed20260931,True
6870.0,1.9137046337127686,5.319045066833496,5.0867224,4.588822,0.2880235,bound_replica_01_seed20260931,True
6880.0,1.8211454153060913,5.325268745422363,4.991679,4.3275647,0.4612309,bound_replica_01_seed20260931,True
6890.0,1.9962085485458374,5.301394462585449,4.77975,4.6303897,1.4725065,bound_replica_01_seed20260931,True
6900.0,1.9595556259155273,5.318645477294922,4.735498,4.3405995,0.4023722,bound_replica_01_seed20260931,True
6910.0,2.1714344024658203,5.274846076965332,4.6087637,4.348397,0.7805989,bound_replica_01_seed20260931,True
6920.0,2.0231616497039795,5.282313823699951,4.671932,4.4400506,0.5196953,bound_replica_01_seed20260931,True
6930.0,2.037018299102783,5.301036357879639,4.4743285,4.166748,0.37616408,bound_replica_01_seed20260931,True
6940.0,1.8811780214309692,5.239818096160889,4.357337,4.043499,0.36041555,bound_replica_01_seed20260931,True
6950.0,2.0500681400299072,5.218780517578125,4.3296547,4.334807,0.42091286,bound_replica_01_seed20260931,True
6960.0,1.8754246234893799,5.283050537109375,4.4754324,4.602067,0.72433615,bound_replica_01_seed20260931,True
6970.0,1.8310117721557617,5.2942795753479,4.2460995,4.2320867,0.29799455,bound_replica_01_seed20260931,True
6980.0,1.8472586870193481,5.25070858001709,4.209527,4.4916744,0.269329,bound_replica_01_seed20260931,True
6990.0,1.8068314790725708,5.342886924743652,4.3708553,4.8860726,0.43149725,bound_replica_01_seed20260931,True
7000.0,1.685024619102478,5.290127277374268,4.5364656,4.6511817,0.36832067,bound_replica_01_seed20260931,True
7010.0,1.795548677444458,5.242941379547119,4.5248756,4.5588846,0.15098314,bound_replica_01_seed20260931,True
7020.0,2.1008315086364746,5.279592990875244,4.6212354,4.256192,0.60552025,bound_replica_01_seed20260931,True
7030.0,2.1829845905303955,5.275997161865234,4.5741,4.440408,0.8226621,bound_replica_01_seed20260931,True
7040.0,1.8855379819869995,5.27342414855957,4.575736,4.745622,0.6872941,bound_replica_01_seed20260931,True
7050.0,1.9756488800048828,5.238737106323242,4.568548,4.72776,0.38192916,bound_replica_01_seed20260931,True
7060.0,2.145728826522827,5.343112945556641,4.640496,4.342431,0.41474742,bound_replica_01_seed20260931,True
7070.0,2.020543098449707,5.1781110763549805,4.5771413,4.499387,0.5148183,bound_replica_01_seed20260931,True
7080.0,1.9275639057159424,5.205527305603027,4.5984616,4.1579504,0.62178206,bound_replica_01_seed20260931,True
7090.0,2.08955717086792,5.210605144500732,4.5316696,4.1386952,0.9532825,bound_replica_01_seed20260931,True
7100.0,2.2303643226623535,5.3207879066467285,4.409353,4.69016,0.31102723,bound_replica_01_seed20260931,True
7110.0,2.1410131454467773,5.198751449584961,4.433413,4.9558597,0.5799409,bound_replica_01_seed20260931,True
7120.0,2.21311354637146,5.222964286804199,4.436155,5.0312395,0.59048283,bound_replica_01_seed20260931,True
7130.0,2.0477919578552246,5.334056854248047,4.529832,4.736471,0.26338872,bound_replica_01_seed20260931,True
7140.0,2.2666237354278564,5.205867767333984,4.5238013,4.8019576,0.2609132,bound_replica_01_seed20260931,True
7150.0,2.284093141555786,5.337070941925049,4.4060383,5.1036196,0.66687703,bound_replica_01_seed20260931,True
7160.0,2.1430232524871826,5.342121601104736,4.2740993,4.578685,0.046564296,bound_replica_01_seed20260931,True
7170.0,2.102450132369995,5.272893905639648,4.281711,4.710379,0.2694631,bound_replica_01_seed20260931,True
7180.0,2.1809515953063965,5.274582862854004,4.2547975,4.72479,0.3108948,bound_replica_01_seed20260931,True
7190.0,1.9925647974014282,5.26145076751709,4.2484984,4.7381954,0.18430305,bound_replica_01_seed20260931,True
7200.0,1.8820853233337402,5.252121925354004,4.349787,4.7871094,0.2019417,bound_replica_01_seed20260931,True
7210.0,2.0353851318359375,5.411952972412109,4.5198174,4.789902,0.64362204,bound_replica_01_seed20260931,True
7220.0,2.258089542388916,5.302873611450195,4.4091067,4.9484086,0.55551976,bound_replica_01_seed20260931,True
7230.0,2.1002769470214844,5.278002738952637,4.552439,4.7390795,0.2635846,bound_replica_01_seed20260931,True
7240.0,2.1438190937042236,5.291184425354004,4.5678425,4.589961,0.52336806,bound_replica_01_seed20260931,True
7250.0,2.0738840103149414,5.252043724060059,4.458669,4.59303,0.4762447,bound_replica_01_seed20260931,True
7260.0,1.9366204738616943,5.2761406898498535,4.4576354,4.251948,0.37141266,bound_replica_01_seed20260931,True
7270.0,1.9980757236480713,5.308995246887207,4.427129,4.8917603,0.4702684,bound_replica_01_seed20260931,True
7280.0,1.9232983589172363,5.328802108764648,4.5985622,4.9093685,0.36349094,bound_replica_01_seed20260931,True
7290.0,1.7367792129516602,5.193007469177246,4.6716676,4.879604,0.6891074,bound_replica_01_seed20260931,True
7300.0,1.668822169303894,5.250861644744873,4.6130037,4.776415,0.29448956,bound_replica_01_seed20260931,True
7310.0,1.929971694946289,5.190014839172363,4.6364527,4.583863,0.19839762,bound_replica_01_seed20260931,True
7320.0,2.033797025680542,5.2634148597717285,4.808184,4.67767,0.30235332,bound_replica_01_seed20260931,True
7330.0,1.7841212749481201,5.30931282043457,4.6806498,4.5568757,0.31844866,bound_replica_01_seed20260931,True
7340.0,2.029860496520996,5.335688591003418,4.6458216,4.5430846,0.5201416,bound_replica_01_seed20260931,True
7350.0,2.1162517070770264,5.2968621253967285,4.6067486,4.8420024,0.4709615,bound_replica_01_seed20260931,True
7360.0,2.104668617248535,4.946559429168701,4.7306743,4.9188604,0.41737956,bound_replica_01_seed20260931,True
7370.0,2.0755670070648193,5.336523532867432,4.5176964,4.8167896,0.847378,bound_replica_01_seed20260931,True
7380.0,2.079990863800049,5.353394031524658,4.434133,5.1557374,0.5515171,bound_replica_01_seed20260931,True
7390.0,1.9691441059112549,5.284264087677002,4.4284334,4.9054284,0.7701472,bound_replica_01_seed20260931,True
7400.0,1.984079360961914,5.259929656982422,4.3496923,5.031376,0.69410384,bound_replica_01_seed20260931,True
7410.0,1.821933388710022,5.250746726989746,4.353844,4.8241053,0.79283667,bound_replica_01_seed20260931,True
7420.0,1.9151318073272705,5.185144424438477,4.3286552,4.113092,0.2756676,bound_replica_01_seed20260931,True
7430.0,2.250781297683716,5.22367000579834,4.207898,4.841599,0.6812217,bound_replica_01_seed20260931,True
7440.0,2.0729808807373047,5.197333812713623,4.2990413,4.736054,0.2952108,bound_replica_01_seed20260931,True
7450.0,1.8500607013702393,5.36677885055542,4.3586817,5.2405834,0.78870344,bound_replica_01_seed20260931,True
7460.0,1.9390655755996704,5.312680244445801,4.4594994,5.034826,0.58615553,bound_replica_01_seed20260931,True
7470.0,1.606258749961853,5.235904693603516,4.4463215,4.7078304,0.26634824,bound_replica_01_seed20260931,True
7480.0,1.9962316751480103,5.231687545776367,4.4738107,5.112652,0.42584673,bound_replica_01_seed20260931,True
7490.0,1.8449323177337646,5.222843170166016,4.61019,4.933525,0.29902774,bound_replica_01_seed20260931,True
7500.0,2.219564437866211,5.267228126525879,4.711004,5.031884,0.6303061,bound_replica_01_seed20260931,True
7510.0,2.311018943786621,5.317633152008057,4.6480937,5.261287,0.15663712,bound_replica_01_seed20260931,True
7520.0,2.050368309020996,5.293989658355713,4.697255,4.6536,0.26809055,bound_replica_01_seed20260931,True
7530.0,2.015993356704712,5.284994125366211,4.747945,4.6784267,0.28752658,bound_replica_01_seed20260931,True
7540.0,2.0499579906463623,5.2946929931640625,4.6479187,4.425964,0.11655736,bound_replica_01_seed20260931,True
7550.0,2.1014180183410645,5.219485282897949,4.7841554,4.5530357,0.6854861,bound_replica_01_seed20260931,True
7560.0,1.9903650283813477,5.27686071395874,4.69086,4.881662,0.6988313,bound_replica_01_seed20260931,True
7570.0,1.9953699111938477,5.288329124450684,4.6535788,4.3950887,0.3347065,bound_replica_01_seed20260931,True
7580.0,1.9260352849960327,5.266031742095947,4.557927,4.045543,0.5736305,bound_replica_01_seed20260931,True
7590.0,2.167675495147705,5.28444242477417,4.61499,4.1758633,0.37145966,bound_replica_01_seed20260931,True
7600.0,1.889347791671753,5.341562747955322,4.7075663,4.4524064,0.80304515,bound_replica_01_seed20260931,True
7610.0,1.8786017894744873,5.271015644073486,4.7665076,4.1132455,0.56095505,bound_replica_01_seed20260931,True
7620.0,2.0422160625457764,5.265429496765137,4.7261467,4.302718,0.22126092,bound_replica_01_seed20260931,True
7630.0,1.9044612646102905,5.326757431030273,4.572398,4.326227,0.25917035,bound_replica_01_seed20260931,True
7640.0,1.9286141395568848,5.265480995178223,4.579932,3.993728,0.5789051,bound_replica_01_seed20260931,True
7650.0,1.9970524311065674,5.350851535797119,4.8391657,4.3689594,0.66796774,bound_replica_01_seed20260931,True
7660.0,2.246377468109131,5.186677932739258,4.8815756,4.4522614,0.47040734,bound_replica_01_seed20260931,True
7670.0,2.289717435836792,5.213756084442139,4.8058453,4.3638916,0.5748201,bound_replica_01_seed20260931,True
7680.0,2.150357961654663,5.182055473327637,4.611859,4.011559,0.21842274,bound_replica_01_seed20260931,True
7690.0,1.9768755435943604,5.219135761260986,4.6291685,4.262808,0.89632106,bound_replica_01_seed20260931,True
7700.0,1.7510802745819092,5.258126735687256,4.637832,4.0379376,1.3079488,bound_replica_01_seed20260931,True
7710.0,1.809675931930542,5.240838527679443,4.4845343,3.9465604,0.9749829,bound_replica_01_seed20260931,True
7720.0,2.1014654636383057,5.191332817077637,4.332175,4.013508,0.31665075,bound_replica_01_seed20260931,True
7730.0,1.7347334623336792,5.305522918701172,4.444509,4.6200185,0.67210853,bound_replica_01_seed20260931,True
7740.0,1.5367900133132935,5.373349189758301,4.437047,4.562495,0.9838762,bound_replica_01_seed20260931,True
7750.0,1.7224369049072266,5.264117240905762,4.3551393,5.264234,1.4695878,bound_replica_01_seed20260931,True
7760.0,1.7839224338531494,5.336649417877197,3.9796705,5.1360364,1.1466476,bound_replica_01_seed20260931,True
7770.0,2.1913962364196777,5.166966915130615,4.0852933,5.147324,0.9515842,bound_replica_01_seed20260931,True
7780.0,1.7862963676452637,5.203897476196289,4.1504655,4.605921,0.5897645,bound_replica_01_seed20260931,True
7790.0,1.9729599952697754,5.248903751373291,4.113775,4.5582504,0.37999046,bound_replica_01_seed20260931,True
7800.0,2.25004243850708,5.297503471374512,4.255583,5.0581098,1.0439692,bound_replica_01_seed20260931,True
7810.0,2.4999358654022217,5.2356977462768555,4.337344,4.3923326,0.6116993,bound_replica_01_seed20260931,True
7820.0,2.029567003250122,5.2119903564453125,4.2743397,4.5552325,0.31939146,bound_replica_01_seed20260931,True
7830.0,2.018538475036621,5.34575891494751,4.2877016,4.4558487,0.02328013,bound_replica_01_seed20260931,True
7840.0,2.0568788051605225,5.302281379699707,4.4065566,4.491477,0.24376927,bound_replica_01_seed20260931,True
7850.0,2.0378124713897705,5.346193313598633,4.463242,4.8159018,0.40431613,bound_replica_01_seed20260931,True
7860.0,1.8773789405822754,5.247175216674805,4.4532948,4.930764,0.69817775,bound_replica_01_seed20260931,True
7870.0,1.9361222982406616,5.251243591308594,4.5431547,4.882475,0.40247232,bound_replica_01_seed20260931,True
7880.0,1.6375588178634644,5.269030570983887,4.397994,5.069498,0.96088797,bound_replica_01_seed20260931,True
7890.0,1.884084939956665,5.146020889282227,4.4429245,5.1218653,0.7785033,bound_replica_01_seed20260931,True
7900.0,1.4401156902313232,5.192539691925049,4.351043,4.6766467,0.87398624,bound_replica_01_seed20260931,True
7910.0,1.5214277505874634,5.2752685546875,4.428703,4.646052,0.5576777,bound_replica_01_seed20260931,True
7920.0,2.1520979404449463,5.248147964477539,4.4272466,4.7289257,0.5613537,bound_replica_01_seed20260931,True
7930.0,2.0366897583007812,5.311505317687988,4.4365535,4.5734234,0.27920866,bound_replica_01_seed20260931,True
7940.0,2.124798059463501,5.271816730499268,4.2888627,4.3932133,0.25131497,bound_replica_01_seed20260931,True
7950.0,2.086960792541504,5.304811477661133,4.1184607,4.3266687,0.27256963,bound_replica_01_seed20260931,True
7960.0,2.3154144287109375,5.250439643859863,4.172793,4.6991043,0.61289185,bound_replica_01_seed20260931,True
7970.0,2.189208984375,5.250792980194092,4.255968,4.3498173,0.30635947,bound_replica_01_seed20260931,True
7980.0,2.1747655868530273,5.32121467590332,4.32647,4.2126017,0.37169653,bound_replica_01_seed20260931,True
7990.0,1.988131046295166,5.289011001586914,4.411484,4.550603,0.33356425,bound_replica_01_seed20260931,True
8000.0,1.9907596111297607,5.225584983825684,4.446479,4.3223658,0.36593583,bound_replica_01_seed20260931,True
8010.0,2.1069178581237793,5.301008224487305,4.202369,4.578371,0.12308358,bound_replica_01_seed20260931,True
8020.0,2.222456216812134,5.318154811859131,4.264409,4.8689523,0.28218126,bound_replica_01_seed20260931,True
8030.0,2.2408204078674316,5.283670425415039,4.338601,4.565672,0.5042567,bound_replica_01_seed20260931,True
8040.0,2.320521593093872,5.252983570098877,4.272806,4.975143,0.3275903,bound_replica_01_seed20260931,True
8050.0,2.24823260307312,5.2931742668151855,4.3230276,4.7201486,0.43812323,bound_replica_01_seed20260931,True
8060.0,1.9146180152893066,5.3212409019470215,4.386793,4.8978987,0.5635294,bound_replica_01_seed20260931,True
8070.0,2.2255570888519287,5.322470664978027,4.4715953,4.7976427,0.40139008,bound_replica_01_seed20260931,True
8080.0,2.166830539703369,5.258715629577637,4.337829,4.5193524,0.79503953,bound_replica_01_seed20260931,True
8090.0,2.1959898471832275,5.167501449584961,4.4007025,4.7265453,0.5508138,bound_replica_01_seed20260931,True
8100.0,2.0192768573760986,5.2720746994018555,4.1527486,4.3515487,0.42624506,bound_replica_01_seed20260931,True
8110.0,2.045804977416992,5.255740165710449,4.265249,4.551504,0.47579977,bound_replica_01_seed20260931,True
8120.0,2.242004632949829,5.2982282638549805,4.380254,4.861019,0.30036044,bound_replica_01_seed20260931,True
8130.0,2.0687127113342285,5.303111553192139,4.4334683,4.577989,0.55472887,bound_replica_01_seed20260931,True
8140.0,2.1225857734680176,5.278028964996338,4.32234,4.503362,0.86605835,bound_replica_01_seed20260931,True
8150.0,2.257413387298584,5.356818199157715,4.367076,4.8517227,0.3974197,bound_replica_01_seed20260931,True
8160.0,2.1673636436462402,5.2681708335876465,4.2266645,4.558387,0.5931576,bound_replica_01_seed20260931,True
8170.0,2.103116035461426,5.34653377532959,4.1842575,4.8484716,0.9524477,bound_replica_01_seed20260931,True
8180.0,2.035996675491333,5.346137046813965,4.2286453,4.5944157,0.8811883,bound_replica_01_seed20260931,True
8190.0,2.185696601867676,5.357245922088623,4.1614385,4.8250966,0.9281498,bound_replica_01_seed20260931,True
8200.0,2.1268792152404785,5.281312942504883,4.0825863,4.9478693,0.32449025,bound_replica_01_seed20260931,True
8210.0,2.17737078666687,5.244626045227051,3.9736974,4.580158,0.73983455,bound_replica_01_seed20260931,True
8220.0,2.401341199874878,5.284200668334961,4.0224524,4.8580546,0.3112524,bound_replica_01_seed20260931,True
8230.0,2.3565399646759033,5.222136974334717,3.887467,4.4977865,0.71861506,bound_replica_01_seed20260931,True
8240.0,2.4264183044433594,5.226588249206543,3.9116144,4.6131444,0.6594626,bound_replica_01_seed20260931,True
8250.0,2.0647003650665283,5.243383407592773,3.7407374,4.736603,0.44322544,bound_replica_01_seed20260931,True
8260.0,2.15759015083313,5.326666831970215,3.8302372,4.5799913,0.31112465,bound_replica_01_seed20260931,True
8270.0,2.0292208194732666,5.268716812133789,3.873339,4.4734316,0.65470964,bound_replica_01_seed20260931,True
8280.0,1.9919841289520264,5.29327917098999,4.0299144,4.8279305,0.5149226,bound_replica_01_seed20260931,True
8290.0,2.1672017574310303,5.25844144821167,3.9978185,4.6376176,0.5721719,bound_replica_01_seed20260931,True
8300.0,1.9949716329574585,5.401889801025391,4.0901175,4.708359,0.6689776,bound_replica_01_seed20260931,True
8310.0,2.071387767791748,5.273032188415527,4.013366,4.645474,0.577283,bound_replica_01_seed20260931,True
8320.0,2.190462589263916,5.2544732093811035,4.0455875,4.717248,0.66583025,bound_replica_01_seed20260931,True
8330.0,2.1960926055908203,5.322491645812988,4.017805,4.79093,1.0160618,bound_replica_01_seed20260931,True
8340.0,2.4216551780700684,5.299661159515381,3.815639,4.5647483,0.65042204,bound_replica_01_seed20260931,True
8350.0,2.1953303813934326,5.407346725463867,3.7886696,4.551874,0.39996114,bound_replica_01_seed20260931,True
8360.0,2.3389599323272705,5.368358612060547,3.693972,4.762194,0.36355788,bound_replica_01_seed20260931,True
8370.0,2.0546016693115234,5.251886367797852,3.843997,4.44073,0.6453271,bound_replica_01_seed20260931,True
8380.0,2.17604398727417,5.241280555725098,3.781134,4.495353,0.46591198,bound_replica_01_seed20260931,True
8390.0,2.342834234237671,5.230040073394775,3.8063562,4.8235745,0.58547467,bound_replica_01_seed20260931,True
8400.0,2.375528573989868,5.322112083435059,3.8128633,4.7952085,0.64174944,bound_replica_01_seed20260931,True
8410.0,2.3068532943725586,5.216086387634277,3.7942836,4.822029,0.51037556,bound_replica_01_seed20260931,True
8420.0,2.2351579666137695,5.352291107177734,3.830772,5.110401,0.69808984,bound_replica_01_seed20260931,True
8430.0,2.3630194664001465,5.284769535064697,3.7975433,5.196705,0.6190238,bound_replica_01_seed20260931,True
8440.0,2.201505661010742,5.25223970413208,3.9697113,5.00879,0.47226232,bound_replica_01_seed20260931,True
8450.0,2.157038450241089,5.330630302429199,3.914513,4.8082604,0.42330217,bound_replica_01_seed20260931,True
8460.0,2.336380958557129,5.170890808105469,3.6885576,4.8814363,0.4446205,bound_replica_01_seed20260931,True
8470.0,2.310960531234741,5.269674777984619,3.9085298,4.9301896,0.50281715,bound_replica_01_seed20260931,True
8480.0,2.1329169273376465,5.2648024559021,3.8068376,4.5356603,0.6149084,bound_replica_01_seed20260931,True
8490.0,2.2783241271972656,5.322295188903809,3.800315,4.5152855,0.43051767,bound_replica_01_seed20260931,True
8500.0,2.465193271636963,5.282507419586182,3.9736176,4.8242636,0.43772626,bound_replica_01_seed20260931,True
8510.0,2.3515257835388184,5.234856605529785,3.9948895,4.800511,0.28922454,bound_replica_01_seed20260931,True
8520.0,2.3184897899627686,5.243823528289795,4.103039,4.930838,0.8260977,bound_replica_01_seed20260931,True
8530.0,2.2264504432678223,5.1485371589660645,4.0654926,4.6901374,0.37089616,bound_replica_01_seed20260931,True
8540.0,2.1795713901519775,5.209539413452148,4.0071,4.8602266,0.5996949,bound_replica_01_seed20260931,True
8550.0,2.2406978607177734,5.3097991943359375,3.9481447,4.577628,0.504063,bound_replica_01_seed20260931,True
8560.0,2.0457448959350586,5.313388824462891,3.965559,4.5998907,1.2009133,bound_replica_01_seed20260931,True
8570.0,1.8489253520965576,5.239837169647217,3.9308538,5.0697336,1.8425547,bound_replica_01_seed20260931,True
8580.0,1.537474513053894,5.2902512550354,3.8655376,4.595528,1.4684922,bound_replica_01_seed20260931,True
8590.0,1.6778706312179565,5.365464210510254,3.867173,5.0069447,1.7584283,bound_replica_01_seed20260931,True
8600.0,1.557564616203308,5.194855213165283,3.7528446,4.1085706,2.9453466,bound_replica_01_seed20260931,True
8610.0,1.4973424673080444,5.329074859619141,3.6985934,4.339188,2.7608194,bound_replica_01_seed20260931,True
8620.0,1.6025863885879517,5.26140022277832,3.890964,4.189756,2.3130229,bound_replica_01_seed20260931,True
8630.0,1.6836326122283936,5.321074485778809,4.1848607,4.5683737,2.408879,bound_replica_01_seed20260931,True
8640.0,1.8016232252120972,5.2231855392456055,4.132081,4.5791974,2.3667607,bound_replica_01_seed20260931,True
8650.0,1.6854621171951294,5.231070518493652,4.0394216,4.4621544,2.7130828,bound_replica_01_seed20260931,True
8660.0,1.5414237976074219,5.252020835876465,4.0979986,4.3697143,2.3542993,bound_replica_01_seed20260931,True
8670.0,1.439604640007019,5.273317337036133,4.1436296,4.40942,2.8920486,bound_replica_01_seed20260931,True
8680.0,1.385324239730835,5.311893463134766,4.2692146,4.7220798,2.0836978,bound_replica_01_seed20260931,True
8690.0,1.5334011316299438,5.2801127433776855,4.1484647,4.7896976,2.3976822,bound_replica_01_seed20260931,True
8700.0,1.4612966775894165,5.2462477684021,4.2066774,4.760036,2.109453,bound_replica_01_seed20260931,True
8710.0,1.2879239320755005,5.264492988586426,4.2766714,5.2096825,1.8151973,bound_replica_01_seed20260931,True
8720.0,1.4774705171585083,5.28960657119751,4.4473753,5.3244567,1.6815675,bound_replica_01_seed20260931,True
8730.0,1.2833582162857056,5.2796430587768555,4.4469633,5.031815,1.9241458,bound_replica_01_seed20260931,True
8740.0,1.274087905883789,5.19266414642334,4.263176,4.848136,2.4127676,bound_replica_01_seed20260931,True
8750.0,1.1894809007644653,5.282215118408203,4.342943,4.4825563,2.4560883,bound_replica_01_seed20260931,True
8760.0,1.225604772567749,5.175678730010986,4.1353045,4.4554644,2.520555,bound_replica_01_seed20260931,True
8770.0,1.3762938976287842,5.1316094398498535,4.1988993,4.2591724,2.45023,bound_replica_01_seed20260931,True
8780.0,1.3623064756393433,5.126955032348633,4.092674,4.624866,2.4213898,bound_replica_01_seed20260931,True
8790.0,1.3016349077224731,5.172301292419434,4.0877705,4.6649513,2.1197777,bound_replica_01_seed20260931,True
8800.0,1.211280107498169,5.1986284255981445,4.187479,4.7772603,2.393293,bound_replica_01_seed20260931,True
8810.0,1.5233228206634521,5.220755577087402,4.0497403,4.2764416,2.3563411,bound_replica_01_seed20260931,True
8820.0,1.5332633256912231,5.289254665374756,3.9517846,3.719764,2.535213,bound_replica_01_seed20260931,True
8830.0,1.4559353590011597,5.233636379241943,3.952925,3.7078676,2.4953575,bound_replica_01_seed20260931,True
8840.0,1.46859872341156,5.26491117477417,3.961291,3.9708505,3.3932445,bound_replica_01_seed20260931,True
8850.0,1.460820198059082,5.166072845458984,3.8802867,3.7543094,2.4375396,bound_replica_01_seed20260931,True
8860.0,1.4242643117904663,5.2531538009643555,3.844322,3.6516607,2.1901388,bound_replica_01_seed20260931,True
8870.0,1.3231959342956543,5.186431884765625,3.9259348,3.4509375,2.6470833,bound_replica_01_seed20260931,True
8880.0,1.5544521808624268,5.288639545440674,4.028807,4.000197,3.1194308,bound_replica_01_seed20260931,True
8890.0,1.494491696357727,5.164463520050049,4.0505643,3.90538,2.6133013,bound_replica_01_seed20260931,True
8900.0,1.464542031288147,5.162017822265625,4.179547,3.8251126,2.4551609,bound_replica_01_seed20260931,True
8910.0,1.3417532444000244,5.278406620025635,4.2994103,4.6697764,2.1732113,bound_replica_01_seed20260931,True
8920.0,1.3558743000030518,5.267951965332031,4.278558,4.2982345,2.808666,bound_replica_01_seed20260931,True
8930.0,1.7399674654006958,5.143928527832031,4.3102055,3.765458,2.9998527,bound_replica_01_seed20260931,True
8940.0,1.68869948387146,5.212554931640625,4.36056,3.816751,2.8068657,bound_replica_01_seed20260931,True
8950.0,1.3764901161193848,5.258092880249023,4.3108873,3.7275958,3.0089202,bound_replica_01_seed20260931,True
8960.0,1.5078495740890503,5.216457366943359,4.3970404,3.9870567,1.8649215,bound_replica_01_seed20260931,True
8970.0,1.6686087846755981,5.278764247894287,4.5042405,3.6212597,3.017093,bound_replica_01_seed20260931,True
8980.0,1.459094524383545,5.224869728088379,4.482059,3.4202085,2.7800987,bound_replica_01_seed20260931,True
8990.0,1.4439184665679932,5.289944648742676,4.6775885,3.2442644,2.6625037,bound_replica_01_seed20260931,True
9000.0,1.4945213794708252,5.247278690338135,4.670983,2.9969907,2.7915468,bound_replica_01_seed20260931,True
9010.0,1.4909906387329102,5.17897367477417,4.7885485,3.0561252,2.6807036,bound_replica_01_seed20260931,True
9020.0,1.3791780471801758,5.212131023406982,4.748153,2.840961,2.72443,bound_replica_01_seed20260931,True
9030.0,1.37082839012146,5.191641807556152,4.5256047,2.6743388,2.4409003,bound_replica_01_seed20260931,True
9040.0,1.3739867210388184,5.217901229858398,4.454524,2.9451826,2.932688,bound_replica_01_seed20260931,True
9050.0,1.3749061822891235,5.245848655700684,4.463255,2.9334736,2.4428008,bound_replica_01_seed20260931,True
9060.0,1.2859625816345215,5.2031474113464355,4.5973964,3.5904465,2.664101,bound_replica_01_seed20260931,True
9070.0,1.2824065685272217,5.215551853179932,4.460331,3.7804687,2.4674215,bound_replica_01_seed20260931,True
9080.0,1.3627206087112427,5.284542083740234,4.5869927,3.6792436,2.75159,bound_replica_01_seed20260931,True
9090.0,1.4702634811401367,5.20737361907959,4.62329,3.4846673,2.5425684,bound_replica_01_seed20260931,True
9100.0,1.267399787902832,5.172877311706543,4.593809,3.7674932,2.627461,bound_replica_01_seed20260931,True
9110.0,1.3556420803070068,5.151963710784912,4.816544,3.583683,2.6985562,bound_replica_01_seed20260931,True
9120.0,1.2298331260681152,5.291837692260742,4.7031918,3.5032,2.4420981,bound_replica_01_seed20260931,True
9130.0,1.2120946645736694,5.235864639282227,4.6834273,3.1370404,2.6696374,bound_replica_01_seed20260931,True
9140.0,1.2993175983428955,5.280268669128418,4.7008615,3.219031,2.797469,bound_replica_01_seed20260931,True
9150.0,1.4163590669631958,5.223237037658691,4.666445,3.695579,2.1350944,bound_replica_01_seed20260931,True
9160.0,1.3749812841415405,5.03692626953125,4.670653,4.078376,2.3988836,bound_replica_01_seed20260931,True
9170.0,1.4303278923034668,5.109591960906982,4.6112432,3.96806,2.100788,bound_replica_01_seed20260931,True
9180.0,1.395615577697754,5.176815986633301,4.644421,4.0150824,2.8158011,bound_replica_01_seed20260931,True
9190.0,1.3412864208221436,5.165433406829834,4.7299356,3.4970973,2.5201879,bound_replica_01_seed20260931,True
9200.0,1.3659523725509644,5.226200103759766,4.6432242,2.8958595,2.104867,bound_replica_01_seed20260931,True
9210.0,1.3520495891571045,5.253582954406738,4.6376457,3.6309676,2.228138,bound_replica_01_seed20260931,True
9220.0,1.3474321365356445,5.179908275604248,4.747872,3.5343277,2.7204323,bound_replica_01_seed20260931,True
9230.0,1.2759078741073608,5.315682411193848,4.6993165,3.2399786,3.2126772,bound_replica_01_seed20260931,True
9240.0,1.3492040634155273,5.270472049713135,4.6211724,3.6575058,2.3810694,bound_replica_01_seed20260931,True
9250.0,1.344346284866333,5.23527193069458,4.5178356,2.889988,2.4623094,bound_replica_01_seed20260931,True
9260.0,1.5574350357055664,5.288165092468262,4.5822735,3.5880747,2.2583091,bound_replica_01_seed20260931,True
9270.0,1.4188392162322998,5.2257208824157715,4.513093,3.1226351,2.2685134,bound_replica_01_seed20260931,True
9280.0,1.5323445796966553,5.174422264099121,4.578081,3.1604862,1.9506416,bound_replica_01_seed20260931,True
9290.0,1.4693236351013184,5.168766021728516,4.5177693,3.2316968,1.8380125,bound_replica_01_seed20260931,True
9300.0,1.61808180809021,5.215219497680664,4.4588017,3.371974,2.2681537,bound_replica_01_seed20260931,True
9310.0,1.553654432296753,5.22865104675293,4.4871635,3.4291964,2.0743997,bound_replica_01_seed20260931,True
9320.0,1.651840329170227,5.2735466957092285,4.417111,3.3149421,2.0709848,bound_replica_01_seed20260931,True
9330.0,1.7610024213790894,5.204834938049316,4.4642973,3.466838,2.0284567,bound_replica_01_seed20260931,True
9340.0,1.6924798488616943,5.228509902954102,4.5842867,3.3835018,1.80477,bound_replica_01_seed20260931,True
9350.0,1.4619959592819214,5.254879951477051,4.517831,3.0136478,1.7540483,bound_replica_01_seed20260931,True
9360.0,1.5633766651153564,5.142420768737793,4.34109,3.3258865,2.383649,bound_replica_01_seed20260931,True
9370.0,1.6447430849075317,5.239025115966797,4.1653666,3.1938229,1.723089,bound_replica_01_seed20260931,True
9380.0,1.657846212387085,5.218085289001465,4.150864,3.2665377,1.6231802,bound_replica_01_seed20260931,True
9390.0,1.5351829528808594,5.184057235717773,4.0987797,3.1488492,1.9343154,bound_replica_01_seed20260931,True
9400.0,1.4202444553375244,5.246075630187988,3.9891405,2.8135438,2.2640533,bound_replica_01_seed20260931,True
9410.0,1.420931339263916,5.267571926116943,3.9533665,2.5394459,3.102511,bound_replica_01_seed20260931,True
9420.0,1.4701651334762573,5.20960807800293,3.7871277,2.5365183,2.9024043,bound_replica_01_seed20260931,True
9430.0,1.4046882390975952,5.2260565757751465,3.9474225,2.2653656,3.0392146,bound_replica_01_seed20260931,True
9440.0,1.4183058738708496,5.188865661621094,4.003028,3.0372558,2.703335,bound_replica_01_seed20260931,True
9450.0,1.5531039237976074,5.194952487945557,3.7993917,2.9039624,3.763668,bound_replica_01_seed20260931,True
9460.0,1.6494214534759521,5.242161273956299,3.8578975,3.0574675,2.9799545,bound_replica_01_seed20260931,True
9470.0,1.4755910634994507,5.296611309051514,3.9514503,3.2695227,3.4103394,bound_replica_01_seed20260931,True
9480.0,1.5442795753479004,5.194613456726074,3.954829,2.6834183,3.1473038,bound_replica_01_seed20260931,True
9490.0,1.5562589168548584,5.269489288330078,3.9969852,2.29912,3.2292352,bound_replica_01_seed20260931,True
9500.0,1.5248432159423828,5.169282913208008,4.1097236,2.6662042,3.3095932,bound_replica_01_seed20260931,True
9510.0,1.6265498399734497,5.136470794677734,4.077035,2.90799,3.6083164,bound_replica_01_seed20260931,True
9520.0,1.6111910343170166,5.28438138961792,4.1400824,2.7496147,3.0492926,bound_replica_01_seed20260931,True
9530.0,1.2201197147369385,5.219658851623535,4.037751,3.2673993,2.7570887,bound_replica_01_seed20260931,True
9540.0,1.3016934394836426,5.205862045288086,3.982679,3.3840168,3.4525993,bound_replica_01_seed20260931,True
9550.0,1.3667362928390503,5.234039306640625,3.9367554,2.8438988,2.945011,bound_replica_01_seed20260931,True
9560.0,1.528088927268982,5.271028995513916,3.925509,2.6928365,3.026856,bound_replica_01_seed20260931,True
9570.0,1.4955801963806152,5.193787097930908,3.9727268,3.059158,3.447373,bound_replica_01_seed20260931,True
9580.0,1.516967535018921,5.184988498687744,4.068899,3.1564898,3.0108528,bound_replica_01_seed20260931,True
9590.0,1.5999438762664795,5.167529106140137,4.0308285,3.4956214,3.8392334,bound_replica_01_seed20260931,True
9600.0,1.468904972076416,5.147000312805176,4.0575495,3.6853971,3.131238,bound_replica_01_seed20260931,True
9610.0,1.398746371269226,5.150625705718994,4.1401677,3.360368,3.5822892,bound_replica_01_seed20260931,True
9620.0,1.4997416734695435,5.16309928894043,4.021866,3.1424692,3.4754894,bound_replica_01_seed20260931,True
9630.0,1.6457836627960205,5.201344966888428,3.9269981,2.4094262,3.3182998,bound_replica_01_seed20260931,True
9640.0,1.5935564041137695,5.316165924072266,3.7395134,2.8017979,3.6804678,bound_replica_01_seed20260931,True
9650.0,1.4938162565231323,5.235353469848633,3.8053694,2.6914456,3.5724971,bound_replica_01_seed20260931,True
9660.0,1.4812804460525513,5.234273910522461,3.700848,2.856268,3.2230668,bound_replica_01_seed20260931,True
9670.0,1.5324482917785645,5.088099479675293,3.7785504,2.7622142,3.5959816,bound_replica_01_seed20260931,True
9680.0,1.3384370803833008,5.163824558258057,3.7639923,2.7540793,4.3848886,bound_replica_01_seed20260931,True
9690.0,1.387291669845581,5.310542583465576,3.7599576,2.3166826,4.1830864,bound_replica_01_seed20260931,True
9700.0,1.4679286479949951,5.308869361877441,3.7185545,2.2769241,4.124842,bound_replica_01_seed20260931,True
9710.0,1.4851906299591064,5.246222496032715,3.7392185,2.309306,3.4647095,bound_replica_01_seed20260931,True
9720.0,1.269360899925232,5.214145183563232,3.7403846,2.2775946,3.445151,bound_replica_01_seed20260931,True
9730.0,1.4950095415115356,5.238265037536621,3.6484993,2.4123259,3.869878,bound_replica_01_seed20260931,True
9740.0,1.3268389701843262,5.176961421966553,3.6877682,3.0648313,4.703652,bound_replica_01_seed20260931,True
9750.0,1.2504589557647705,5.256627082824707,3.6562257,2.3029656,4.111419,bound_replica_01_seed20260931,True
9760.0,1.3141450881958008,5.220357894897461,3.669367,2.0629125,3.9747164,bound_replica_01_seed20260931,True
9770.0,1.2763999700546265,5.188207626342773,3.7451982,2.1203914,4.230195,bound_replica_01_seed20260931,True
9780.0,1.340195894241333,5.2461042404174805,3.7978187,2.5720348,3.8660896,bound_replica_01_seed20260931,True
9790.0,1.4524683952331543,5.293710708618164,3.781102,2.3125424,4.158773,bound_replica_01_seed20260931,True
9800.0,1.5596705675125122,5.255172252655029,3.8065827,2.4098184,4.232274,bound_replica_01_seed20260931,True
9810.0,1.412440538406372,5.23209810256958,3.975229,2.4552708,3.833089,bound_replica_01_seed20260931,True
9820.0,1.4844446182250977,5.286193370819092,3.854767,2.9052284,3.9933567,bound_replica_01_seed20260931,True
9830.0,1.3544232845306396,5.291256904602051,3.7468252,3.1802986,3.9570048,bound_replica_01_seed20260931,True
9840.0,1.6350643634796143,5.216513156890869,3.5927603,3.288864,4.7265244,bound_replica_01_seed20260931,True
9850.0,1.2873783111572266,5.178058624267578,3.6119783,2.7928,4.1400666,bound_replica_01_seed20260931,True
9860.0,1.2182371616363525,5.332507610321045,3.9406028,2.891083,4.2838955,bound_replica_01_seed20260931,True
9870.0,1.4418827295303345,5.286290645599365,4.0070577,3.0653772,4.0859017,bound_replica_01_seed20260931,True
9880.0,1.4795496463775635,5.249638557434082,4.132987,2.8393624,3.9025888,bound_replica_01_seed20260931,True
9890.0,1.6564459800720215,5.351014614105225,4.0554996,3.243239,4.358725,bound_replica_01_seed20260931,True
9900.0,1.474414348602295,5.297353744506836,4.2421637,2.758522,4.380475,bound_replica_01_seed20260931,True
9910.0,1.5056047439575195,5.198559284210205,4.366533,2.5750465,4.0863824,bound_replica_01_seed20260931,True
9920.0,1.409155249595642,5.182629108428955,4.481375,3.0284715,3.8802485,bound_replica_01_seed20260931,True
9930.0,1.6012250185012817,5.162543296813965,4.3106093,2.902024,3.9858327,bound_replica_01_seed20260931,True
9940.0,1.8013806343078613,5.1255316734313965,4.3300133,3.3837821,4.196586,bound_replica_01_seed20260931,True
9950.0,1.5681273937225342,5.080649375915527,4.3493986,2.8945704,3.7171226,bound_replica_01_seed20260931,True
9960.0,1.5731205940246582,5.2986860275268555,4.3268433,3.113147,3.6692498,bound_replica_01_seed20260931,True
9970.0,1.733475923538208,5.250836372375488,4.1822505,3.369517,4.031548,bound_replica_01_seed20260931,True
9980.0,1.806973934173584,5.1741228103637695,4.2673144,3.6419396,4.1773725,bound_replica_01_seed20260931,True
9990.0,1.5230555534362793,5.2301506996154785,4.3303785,3.0569139,3.0671036,bound_replica_01_seed20260931,True
10000.0,1.4222619533538818,5.163076400756836,4.4500027,2.7379699,3.2021723,bound_replica_01_seed20260931,True
2010.0,0.6028009653091431,5.308878421783447,5.5120296,1.8567549,4.047725,bound_replica_02_seed20260932,True
2020.0,0.4646837115287781,5.204710960388184,5.5139546,2.1181164,3.3428888,bound_replica_02_seed20260932,True
2030.0,0.5972513556480408,5.087828159332275,5.41562,2.1267118,3.5388768,bound_replica_02_seed20260932,True
2040.0,0.7457937002182007,5.168030261993408,5.2438393,1.9132913,4.1880097,bound_replica_02_seed20260932,True
2050.0,0.5768831968307495,5.21735954284668,5.055435,1.342202,4.519465,bound_replica_02_seed20260932,True
2060.0,0.5891891121864319,5.180406093597412,5.1387205,2.2415457,4.044843,bound_replica_02_seed20260932,True
2070.0,0.8641042709350586,5.057347297668457,4.8258643,2.3256795,4.100334,bound_replica_02_seed20260932,True
2080.0,0.9662114381790161,5.207339286804199,4.791154,2.2531917,4.5391645,bound_replica_02_seed20260932,True
2090.0,0.8047115802764893,5.172111988067627,4.8337345,2.4015822,4.510117,bound_replica_02_seed20260932,True
2100.0,0.9629173278808594,5.163355827331543,5.0594926,2.4264936,4.1915317,bound_replica_02_seed20260932,True
2110.0,1.1142487525939941,5.240537643432617,5.079116,2.185224,4.4773393,bound_replica_02_seed20260932,True
2120.0,0.7965981364250183,5.244978904724121,5.1452703,2.1370049,4.100924,bound_replica_02_seed20260932,True
2130.0,0.6868828535079956,5.179412841796875,5.1197057,2.0587938,4.0182066,bound_replica_02_seed20260932,True
2140.0,0.6279076337814331,5.243023872375488,5.220502,1.8342597,4.084143,bound_replica_02_seed20260932,True
2150.0,0.8430153727531433,5.100583553314209,5.179512,2.2850285,4.391237,bound_replica_02_seed20260932,True
2160.0,0.7743448615074158,5.136465072631836,5.1720147,2.0316346,4.1753464,bound_replica_02_seed20260932,True
2170.0,0.8012772798538208,5.218072891235352,5.488394,2.0813756,4.3216457,bound_replica_02_seed20260932,True
2180.0,0.8092221617698669,5.160888671875,5.5655174,2.367813,4.303908,bound_replica_02_seed20260932,True
2190.0,0.7623278498649597,5.281501770019531,5.6412163,2.4461303,4.2752,bound_replica_02_seed20260932,True
2200.0,0.9018349051475525,5.112102031707764,5.6489553,2.587566,4.833873,bound_replica_02_seed20260932,True
2210.0,1.0529046058654785,5.221627235412598,5.7088537,2.612688,4.329817,bound_replica_02_seed20260932,True
2220.0,1.0244290828704834,5.2319231033325195,5.655412,3.113228,4.23275,bound_replica_02_seed20260932,True
2230.0,0.6836914420127869,5.218152046203613,5.535166,2.640359,3.9801505,bound_replica_02_seed20260932,True
2240.0,0.8521274328231812,5.212611675262451,5.392017,2.4711525,4.054801,bound_replica_02_seed20260932,True
2250.0,0.904228687286377,5.286993026733398,5.2571864,3.4424913,3.6416078,bound_replica_02_seed20260932,True
2260.0,1.0559797286987305,5.263760089874268,5.2874613,3.466246,3.7784722,bound_replica_02_seed20260932,True
2270.0,1.0985380411148071,5.114296913146973,5.2621417,3.390038,4.3336062,bound_replica_02_seed20260932,True
2280.0,0.9594330787658691,5.228545188903809,5.2456913,3.3391979,4.214728,bound_replica_02_seed20260932,True
2290.0,0.9142906069755554,5.2013163566589355,5.2330775,2.8575635,4.2807503,bound_replica_02_seed20260932,True
2300.0,0.9334221482276917,5.26457405090332,5.172179,3.992469,4.2781324,bound_replica_02_seed20260932,True
2310.0,0.907555341720581,5.2315497398376465,5.18192,3.8055449,4.689017,bound_replica_02_seed20260932,True
2320.0,1.0074130296707153,5.158977508544922,5.2061415,3.7818265,3.8591843,bound_replica_02_seed20260932,True
2330.0,1.1812061071395874,5.103922367095947,5.1049232,3.7322826,3.8086393,bound_replica_02_seed20260932,True
2340.0,1.0697869062423706,5.218644618988037,5.124497,3.7830215,4.528817,bound_replica_02_seed20260932,True
2350.0,1.0946781635284424,5.180393218994141,5.1742573,3.6152554,4.203841,bound_replica_02_seed20260932,True
2360.0,0.9456164240837097,5.108571529388428,5.465666,3.6228194,3.6600738,bound_replica_02_seed20260932,True
2370.0,0.7894930243492126,5.099067211151123,5.4446893,4.0618467,3.9729939,bound_replica_02_seed20260932,True
2380.0,0.8921563625335693,5.175625801086426,5.2809486,3.7738514,3.8132799,bound_replica_02_seed20260932,True
2390.0,0.9075203537940979,5.242894172668457,5.3116817,3.999126,3.760227,bound_replica_02_seed20260932,True
2400.0,1.3124408721923828,5.223493576049805,5.4864287,3.6185837,4.9771132,bound_replica_02_seed20260932,True
2410.0,1.1813877820968628,5.101010799407959,5.4601946,3.6428933,4.336347,bound_replica_02_seed20260932,True
2420.0,1.257735252380371,5.327839374542236,5.555262,3.5665135,4.2419834,bound_replica_02_seed20260932,True
2430.0,1.2909231185913086,5.184353828430176,5.580307,3.8118222,4.4302063,bound_replica_02_seed20260932,True
2440.0,1.139336347579956,5.211546421051025,5.699818,3.8589356,4.525742,bound_replica_02_seed20260932,True
2450.0,1.0778496265411377,5.285939693450928,5.580018,3.9095235,4.442621,bound_replica_02_seed20260932,True
2460.0,0.9386115074157715,5.341575622558594,5.462388,3.836819,3.652222,bound_replica_02_seed20260932,True
2470.0,0.9019318222999573,5.178851127624512,5.4248095,3.6517687,4.1663256,bound_replica_02_seed20260932,True
2480.0,1.200838327407837,5.341527938842773,5.2680116,3.9613624,4.2100472,bound_replica_02_seed20260932,True
2490.0,0.7968933582305908,5.170568943023682,5.388412,3.9027777,3.4939787,bound_replica_02_seed20260932,True
2500.0,0.9136228561401367,5.309760570526123,5.502102,3.7977252,3.3204281,bound_replica_02_seed20260932,True
2510.0,0.8459872603416443,5.274777889251709,5.4618745,3.5285902,3.656456,bound_replica_02_seed20260932,True
2520.0,0.9536705017089844,5.226385593414307,5.5534344,2.4954395,3.8604598,bound_replica_02_seed20260932,True
2530.0,0.8236461877822876,5.2930755615234375,5.727127,2.6352823,3.6986456,bound_replica_02_seed20260932,True
2540.0,0.8834625482559204,5.310386657714844,5.8960133,2.8295832,3.9865806,bound_replica_02_seed20260932,True
2550.0,0.9745030403137207,5.303401470184326,5.750404,2.7129154,3.667512,bound_replica_02_seed20260932,True
2560.0,0.8762365579605103,5.219173431396484,5.5452013,2.926421,3.2063115,bound_replica_02_seed20260932,True
2570.0,0.9182267189025879,5.1407270431518555,5.3454833,3.2329295,4.099929,bound_replica_02_seed20260932,True
2580.0,0.9355193376541138,5.12806510925293,5.297885,2.7304049,3.6724606,bound_replica_02_seed20260932,True
2590.0,1.0367594957351685,5.145755767822266,5.246496,2.9067278,4.043585,bound_replica_02_seed20260932,True
2600.0,0.8208897113800049,5.210031986236572,5.196278,3.019385,3.700808,bound_replica_02_seed20260932,True
2610.0,1.032456398010254,5.2600507736206055,5.285349,2.589837,4.0525274,bound_replica_02_seed20260932,True
2620.0,0.7517544031143188,5.277580738067627,5.2403603,2.4332995,3.8985898,bound_replica_02_seed20260932,True
2630.0,0.8261357545852661,5.217369079589844,5.1053257,2.361826,3.6487045,bound_replica_02_seed20260932,True
2640.0,0.8218340873718262,5.17711877822876,5.0509005,2.8640418,3.7604117,bound_replica_02_seed20260932,True
2650.0,0.7934552431106567,5.267248630523682,5.183544,2.8766036,4.4035864,bound_replica_02_seed20260932,True
2660.0,0.87546706199646,5.2368855476379395,5.1305294,2.0210268,3.93677,bound_replica_02_seed20260932,True
2670.0,1.0106297731399536,5.139663219451904,5.160485,2.5180945,3.8087826,bound_replica_02_seed20260932,True
2680.0,0.8764252066612244,5.233290195465088,5.2313185,2.8415153,3.9649842,bound_replica_02_seed20260932,True
2690.0,1.115462064743042,5.239160060882568,5.4141335,3.1763268,3.8436458,bound_replica_02_seed20260932,True
2700.0,1.0457991361618042,5.1602983474731445,5.4280825,2.8808851,4.03962,bound_replica_02_seed20260932,True
2710.0,0.9371184706687927,5.174949645996094,5.4714212,2.4759965,3.7361357,bound_replica_02_seed20260932,True
2720.0,0.993175745010376,5.303160667419434,5.4576826,2.8148437,3.8399591,bound_replica_02_seed20260932,True
2730.0,1.0606296062469482,5.300825119018555,5.4503956,2.6954036,3.7854052,bound_replica_02_seed20260932,True
2740.0,0.9317041039466858,5.172612190246582,5.3707924,2.886728,3.40479,bound_replica_02_seed20260932,True
2750.0,0.7458427548408508,5.125157356262207,5.33819,2.6048265,3.190048,bound_replica_02_seed20260932,True
2760.0,0.9408340454101562,5.2297868728637695,5.092139,2.720993,3.5488472,bound_replica_02_seed20260932,True
2770.0,1.0744110345840454,5.219394683837891,4.9401703,2.6949549,3.9785175,bound_replica_02_seed20260932,True
2780.0,0.9642749428749084,5.261078834533691,4.998893,3.1257153,3.9520905,bound_replica_02_seed20260932,True
2790.0,1.1754989624023438,5.2189154624938965,5.085903,3.3368542,3.9752922,bound_replica_02_seed20260932,True
2800.0,1.1774389743804932,5.340867042541504,4.9674554,3.7381916,3.146355,bound_replica_02_seed20260932,True
2810.0,1.1208339929580688,5.2910566329956055,5.192339,3.0956268,2.8426595,bound_replica_02_seed20260932,True
2820.0,1.4627947807312012,5.315341949462891,5.100625,3.6408231,3.2467735,bound_replica_02_seed20260932,True
2830.0,1.5847375392913818,5.259552478790283,5.3904266,3.3656967,3.1163392,bound_replica_02_seed20260932,True
2840.0,1.5127108097076416,5.290894985198975,5.425561,3.4099336,2.9378116,bound_replica_02_seed20260932,True
2850.0,1.7252020835876465,5.199720859527588,5.402011,3.399405,3.2642722,bound_replica_02_seed20260932,True
2860.0,1.4452685117721558,5.315408706665039,5.4957867,3.2722557,3.3067207,bound_replica_02_seed20260932,True
2870.0,1.6658307313919067,5.333403587341309,5.5466437,3.4566867,3.258684,bound_replica_02_seed20260932,True
2880.0,1.5574963092803955,5.336880683898926,5.39123,3.5323224,3.4973512,bound_replica_02_seed20260932,True
2890.0,1.3211053609848022,5.309621810913086,5.3343353,3.227627,3.7570057,bound_replica_02_seed20260932,True
2900.0,1.6834919452667236,5.369395732879639,5.304041,3.8104596,3.7641335,bound_replica_02_seed20260932,True
2910.0,1.836151361465454,5.237529754638672,5.3525443,3.721313,4.175395,bound_replica_02_seed20260932,True
2920.0,1.8322968482971191,5.297706604003906,5.4456835,3.9494395,4.1570706,bound_replica_02_seed20260932,True
2930.0,1.8952643871307373,5.289496421813965,5.585113,3.809354,3.4789898,bound_replica_02_seed20260932,True
2940.0,1.8679906129837036,5.158017158508301,5.7490606,3.871019,2.8793213,bound_replica_02_seed20260932,True
2950.0,1.7197751998901367,5.268754959106445,5.572612,3.8737817,3.1709166,bound_replica_02_seed20260932,True
2960.0,1.9878664016723633,5.359552383422852,5.368872,3.972139,2.8344364,bound_replica_02_seed20260932,True
2970.0,2.073838949203491,5.341513633728027,5.379876,3.90382,3.6069689,bound_replica_02_seed20260932,True
2980.0,1.7212533950805664,5.201413154602051,5.3147545,3.3875456,3.9616477,bound_replica_02_seed20260932,True
2990.0,1.7444623708724976,5.265936851501465,5.2948785,3.6004858,4.029696,bound_replica_02_seed20260932,True
3000.0,1.43778395652771,5.275279998779297,5.194838,4.2346625,3.8235068,bound_replica_02_seed20260932,True
3010.0,1.424523115158081,5.264629364013672,5.299475,4.1958385,3.8534868,bound_replica_02_seed20260932,True
3020.0,1.5423588752746582,5.250389099121094,5.466715,4.1891537,3.9461243,bound_replica_02_seed20260932,True
3030.0,1.628413200378418,5.215721130371094,5.413175,4.3824673,3.7001967,bound_replica_02_seed20260932,True
3040.0,1.6903786659240723,5.3281402587890625,5.463167,4.8430147,4.5458193,bound_replica_02_seed20260932,True
3050.0,1.397711992263794,5.243826389312744,5.4341383,4.3062954,3.6240296,bound_replica_02_seed20260932,True
3060.0,1.5000945329666138,5.3432297706604,5.5353537,5.0601625,3.9312947,bound_replica_02_seed20260932,True
3070.0,1.6547341346740723,5.230373859405518,5.537255,4.8816085,4.1338463,bound_replica_02_seed20260932,True
3080.0,1.7278661727905273,5.193294525146484,5.6423473,4.2757754,4.5499687,bound_replica_02_seed20260932,True
3090.0,1.5355007648468018,5.331100940704346,5.797223,5.0891323,4.8026505,bound_replica_02_seed20260932,True
3100.0,1.650460958480835,5.294013977050781,5.891605,4.7861447,4.7047434,bound_replica_02_seed20260932,True
3110.0,1.5691478252410889,5.238037109375,5.802313,4.5328145,4.358301,bound_replica_02_seed20260932,True
3120.0,1.7195451259613037,5.225758075714111,5.9283714,4.68848,4.7084045,bound_replica_02_seed20260932,True
3130.0,1.4459381103515625,5.235125541687012,5.830716,4.7507415,4.0903883,bound_replica_02_seed20260932,True
3140.0,1.297633171081543,5.25935173034668,5.8256097,4.85429,4.3918886,bound_replica_02_seed20260932,True
3150.0,1.3039456605911255,5.2531023025512695,5.8751683,4.584847,4.356355,bound_replica_02_seed20260932,True
3160.0,1.4155350923538208,5.32630729675293,5.8638787,4.598923,4.169717,bound_replica_02_seed20260932,True
3170.0,1.4752118587493896,5.322928428649902,5.907743,4.5127096,4.2585783,bound_replica_02_seed20260932,True
3180.0,1.1815249919891357,5.261430263519287,5.727,4.3314066,4.4234333,bound_replica_02_seed20260932,True
3190.0,1.491585373878479,5.381529808044434,5.7553425,4.513327,4.204287,bound_replica_02_seed20260932,True
3200.0,1.5130144357681274,5.366075038909912,5.8063,4.502576,4.153395,bound_replica_02_seed20260932,True
3210.0,1.6059292554855347,5.419889450073242,5.7739887,5.2771897,4.6098337,bound_replica_02_seed20260932,True
3220.0,1.4310168027877808,5.275868892669678,5.786922,4.6247935,4.6090555,bound_replica_02_seed20260932,True
3230.0,1.594186544418335,5.283147811889648,5.852797,4.930099,4.7890263,bound_replica_02_seed20260932,True
3240.0,1.5318320989608765,5.260643482208252,5.7898417,4.5122137,4.152056,bound_replica_02_seed20260932,True
3250.0,1.658631443977356,5.270991802215576,5.7025766,4.7768626,4.723308,bound_replica_02_seed20260932,True
3260.0,1.4626480340957642,5.387523174285889,5.524779,4.29124,4.5805483,bound_replica_02_seed20260932,True
3270.0,1.6104243993759155,5.365396499633789,5.5666375,4.6987004,4.266824,bound_replica_02_seed20260932,True
3280.0,1.4108855724334717,5.346438884735107,5.3915567,4.26914,4.448064,bound_replica_02_seed20260932,True
3290.0,1.4901738166809082,5.305805206298828,5.4561896,3.9973114,4.2021937,bound_replica_02_seed20260932,True
3300.0,1.4192895889282227,5.38638162612915,5.549231,4.381619,3.9187117,bound_replica_02_seed20260932,True
3310.0,1.5925894975662231,5.347385883331299,5.560725,4.244641,4.07184,bound_replica_02_seed20260932,True
3320.0,1.3240137100219727,5.315640449523926,5.5671883,4.1336203,4.2621713,bound_replica_02_seed20260932,True
3330.0,1.7394540309906006,5.386956214904785,5.5097065,4.22604,4.01707,bound_replica_02_seed20260932,True
3340.0,1.531249761581421,5.337170600891113,5.459972,3.9384272,4.4605966,bound_replica_02_seed20260932,True
3350.0,1.6454851627349854,5.243198394775391,5.6140013,4.3435793,3.6221151,bound_replica_02_seed20260932,True
3360.0,1.6282765865325928,5.336130142211914,5.629945,4.866498,3.9218059,bound_replica_02_seed20260932,True
3370.0,1.3232104778289795,5.200325965881348,5.752014,4.704785,4.1002564,bound_replica_02_seed20260932,True
3380.0,1.2885915040969849,5.349778175354004,5.746364,4.6809278,4.0771065,bound_replica_02_seed20260932,True
3390.0,1.050356388092041,5.245121955871582,5.9303355,4.5426464,3.5207381,bound_replica_02_seed20260932,True
3400.0,1.3756966590881348,5.377610206604004,5.939872,4.534439,3.9004254,bound_replica_02_seed20260932,True
3410.0,0.9246522188186646,5.2063775062561035,5.878389,3.8932588,2.836444,bound_replica_02_seed20260932,True
3420.0,1.0292925834655762,5.328921318054199,5.850684,4.0052075,3.5444477,bound_replica_02_seed20260932,True
3430.0,1.1255096197128296,5.276906967163086,5.7263727,4.426034,4.1302385,bound_replica_02_seed20260932,True
3440.0,1.1759748458862305,5.335707187652588,5.636056,4.6566777,4.0961943,bound_replica_02_seed20260932,True
3450.0,1.092714786529541,5.171075344085693,5.5572567,3.6098585,3.7336433,bound_replica_02_seed20260932,True
3460.0,1.04385507106781,5.187441825866699,5.4490037,3.9180784,3.7910204,bound_replica_02_seed20260932,True
3470.0,1.2746965885162354,5.276883125305176,5.58062,4.024985,3.6186442,bound_replica_02_seed20260932,True
3480.0,1.3284337520599365,5.282604217529297,5.2068167,3.6683738,3.6466837,bound_replica_02_seed20260932,True
3490.0,1.0127569437026978,5.225838661193848,5.2559066,3.5398088,3.6228886,bound_replica_02_seed20260932,True
3500.0,0.8804781436920166,5.252755165100098,5.2439528,3.6596253,3.7146256,bound_replica_02_seed20260932,True
3510.0,0.9496821165084839,5.271909713745117,5.2931023,2.974742,3.695485,bound_replica_02_seed20260932,True
3520.0,0.905482828617096,5.239381313323975,5.250628,3.7059312,3.8800168,bound_replica_02_seed20260932,True
3530.0,1.0633535385131836,5.266120910644531,5.2839303,3.6355016,4.1340647,bound_replica_02_seed20260932,True
3540.0,0.9991336464881897,5.155778884887695,5.2412863,3.5736175,3.807206,bound_replica_02_seed20260932,True
3550.0,1.0370922088623047,5.208876609802246,5.2518992,3.5289798,3.5495815,bound_replica_02_seed20260932,True
3560.0,0.849457859992981,5.190191268920898,5.4280305,3.2409596,3.3073664,bound_replica_02_seed20260932,True
3570.0,1.0357625484466553,5.1445207595825195,5.340144,3.1057549,3.1865191,bound_replica_02_seed20260932,True
3580.0,0.9069070816040039,5.320932388305664,5.3058777,3.2162876,3.6703649,bound_replica_02_seed20260932,True
3590.0,0.8277003765106201,5.110097408294678,5.3585696,2.9059753,3.5069485,bound_replica_02_seed20260932,True
3600.0,1.0036050081253052,5.15494441986084,5.2886066,3.427719,3.5343077,bound_replica_02_seed20260932,True
3610.0,0.988969087600708,5.15446662902832,5.355771,2.987904,3.0122848,bound_replica_02_seed20260932,True
3620.0,0.9726941585540771,5.123750686645508,5.2793384,3.3815763,2.951691,bound_replica_02_seed20260932,True
3630.0,0.9527968168258667,5.1797194480896,5.308649,3.3855567,3.8169858,bound_replica_02_seed20260932,True
3640.0,1.113142728805542,5.233173847198486,5.107957,3.3681574,3.453436,bound_replica_02_seed20260932,True
3650.0,1.2615432739257812,5.295844554901123,4.9022665,3.1277606,3.5070884,bound_replica_02_seed20260932,True
3660.0,1.0259051322937012,5.236992835998535,4.96937,3.4356496,3.4159062,bound_replica_02_seed20260932,True
3670.0,1.0728269815444946,5.1887664794921875,4.8533287,3.2312613,3.3290439,bound_replica_02_seed20260932,True
3680.0,0.9526783227920532,5.119795322418213,4.7965093,2.9039836,3.2016933,bound_replica_02_seed20260932,True
3690.0,0.9470508098602295,5.214209079742432,4.996282,3.2385015,3.8586235,bound_replica_02_seed20260932,True
3700.0,1.1458383798599243,5.17728328704834,4.837291,3.298128,3.8313093,bound_replica_02_seed20260932,True
3710.0,1.264298439025879,5.216742038726807,5.009734,3.088249,4.1007586,bound_replica_02_seed20260932,True
3720.0,1.1424612998962402,5.18902063369751,4.840559,2.8790734,4.070268,bound_replica_02_seed20260932,True
3730.0,1.0901211500167847,5.19357442855835,4.9867706,2.6096585,4.0728016,bound_replica_02_seed20260932,True
3740.0,1.2834436893463135,5.08244514465332,5.0286503,2.7114952,4.252397,bound_replica_02_seed20260932,True
3750.0,1.1880449056625366,5.054709434509277,5.1877575,3.7020051,3.8055625,bound_replica_02_seed20260932,True
3760.0,1.2074766159057617,5.18707799911499,5.1227355,3.8300729,4.3094883,bound_replica_02_seed20260932,True
3770.0,1.4326808452606201,5.300036430358887,5.157009,4.2204485,4.504164,bound_replica_02_seed20260932,True
3780.0,1.207884430885315,5.12666130065918,5.2237773,3.6860225,4.262006,bound_replica_02_seed20260932,True
3790.0,1.2340043783187866,5.126112937927246,5.1061435,3.692629,4.038596,bound_replica_02_seed20260932,True
3800.0,1.4322525262832642,5.1591105461120605,5.090616,3.5973406,4.1112404,bound_replica_02_seed20260932,True
3810.0,1.5592597723007202,5.146093845367432,5.2132673,3.781285,4.049452,bound_replica_02_seed20260932,True
3820.0,1.238961100578308,5.222965240478516,5.278821,4.0211005,4.282734,bound_replica_02_seed20260932,True
3830.0,1.2519567012786865,5.115208148956299,5.257764,3.1445336,3.751185,bound_replica_02_seed20260932,True
3840.0,1.0982167720794678,5.062676429748535,5.198901,3.1720088,3.700957,bound_replica_02_seed20260932,True
3850.0,1.1488736867904663,5.112276554107666,5.2469425,3.2427135,3.4962485,bound_replica_02_seed20260932,True
3860.0,1.1859278678894043,5.193533897399902,5.0806513,2.766995,3.393845,bound_replica_02_seed20260932,True
3870.0,0.9072540998458862,5.133701324462891,5.204137,2.7611995,3.5448685,bound_replica_02_seed20260932,True
3880.0,0.9176223874092102,5.226619720458984,5.1387205,3.075346,3.9878013,bound_replica_02_seed20260932,True
3890.0,0.8119771480560303,5.1624755859375,5.1994395,2.4899883,3.2485847,bound_replica_02_seed20260932,True
3900.0,0.8021377921104431,5.0522332191467285,5.119116,2.9553893,3.5394537,bound_replica_02_seed20260932,True
3910.0,0.9670763611793518,5.22355842590332,5.0441356,2.975861,3.872045,bound_replica_02_seed20260932,True
3920.0,0.8207929134368896,5.2607197761535645,4.958683,3.0630672,3.8449578,bound_replica_02_seed20260932,True
3930.0,0.6581190824508667,5.1590576171875,5.1384344,2.8041973,4.097677,bound_replica_02_seed20260932,True
3940.0,0.8028844594955444,5.157691955566406,4.9305034,3.0692985,3.639256,bound_replica_02_seed20260932,True
3950.0,0.8968225717544556,5.1900248527526855,5.05752,3.6748996,4.50597,bound_replica_02_seed20260932,True
3960.0,0.8404377698898315,5.0287370681762695,5.2594905,3.2478857,3.870171,bound_replica_02_seed20260932,True
3970.0,0.8962198495864868,5.190985679626465,5.115909,3.1100667,4.2274427,bound_replica_02_seed20260932,True
3980.0,0.7233641147613525,5.255648612976074,5.268965,3.1866922,3.5473788,bound_replica_02_seed20260932,True
3990.0,0.8969537019729614,5.285400867462158,5.1705036,3.1199393,4.109418,bound_replica_02_seed20260932,True
4000.0,0.9566956758499146,5.2204084396362305,5.171302,3.2150574,4.1776223,bound_replica_02_seed20260932,True
4010.0,0.8486247658729553,5.294031143188477,5.157708,3.2833767,4.18925,bound_replica_02_seed20260932,True
4020.0,0.9609924554824829,5.3971076011657715,5.2369065,3.4677534,4.428314,bound_replica_02_seed20260932,True
4030.0,1.174828052520752,5.243401050567627,5.1369123,3.4018424,3.897121,bound_replica_02_seed20260932,True
4040.0,0.7662003040313721,5.256484031677246,5.2556844,3.39133,3.9879174,bound_replica_02_seed20260932,True
4050.0,0.7713896036148071,5.1908392906188965,5.1683693,3.0463567,3.8181982,bound_replica_02_seed20260932,True
4060.0,0.9686216711997986,5.09697151184082,5.0429134,2.9780042,3.8342242,bound_replica_02_seed20260932,True
4070.0,0.9006850719451904,5.218028545379639,4.999964,2.8532372,3.7484856,bound_replica_02_seed20260932,True
4080.0,0.8650675415992737,5.245503902435303,4.935753,3.176231,4.3167458,bound_replica_02_seed20260932,True
4090.0,0.8531155586242676,5.314175605773926,5.0159593,2.9512935,3.8537698,bound_replica_02_seed20260932,True
4100.0,0.890654981136322,5.217069625854492,5.042863,2.9177613,3.9544618,bound_replica_02_seed20260932,True
4110.0,0.9315812587738037,5.2350921630859375,4.7823544,2.7772074,3.8878317,bound_replica_02_seed20260932,True
4120.0,0.7860327363014221,5.255614280700684,4.8811274,2.6914346,4.1232862,bound_replica_02_seed20260932,True
4130.0,0.8326133489608765,5.273087501525879,4.8280134,2.7394614,4.1924276,bound_replica_02_seed20260932,True
4140.0,0.737857460975647,5.242775917053223,5.0705047,2.7785504,4.1108046,bound_replica_02_seed20260932,True
4150.0,0.8780776262283325,5.333202362060547,5.0437636,2.3782408,3.9821777,bound_replica_02_seed20260932,True
4160.0,0.8322314023971558,5.277993679046631,5.083968,3.0166626,3.6690834,bound_replica_02_seed20260932,True
4170.0,0.9264348745346069,5.208892345428467,5.199055,3.1538367,3.3061123,bound_replica_02_seed20260932,True
4180.0,1.0625311136245728,5.27607536315918,5.171428,2.8189442,3.4739118,bound_replica_02_seed20260932,True
4190.0,0.8491939306259155,5.243837356567383,5.007382,2.875206,3.9525769,bound_replica_02_seed20260932,True
4200.0,0.9219494462013245,5.2721662521362305,5.131139,3.5220482,4.507217,bound_replica_02_seed20260932,True
4210.0,0.8332182168960571,5.160335540771484,5.023062,3.365439,4.278878,bound_replica_02_seed20260932,True
4220.0,1.0933938026428223,5.104370594024658,4.9985876,3.520609,4.278889,bound_replica_02_seed20260932,True
4230.0,0.7064356803894043,5.287736892700195,5.0307326,3.6319919,4.156567,bound_replica_02_seed20260932,True
4240.0,0.8799653649330139,5.28585958480835,4.9900107,3.5164075,4.219078,bound_replica_02_seed20260932,True
4250.0,0.8340209722518921,5.265410423278809,4.9865727,3.136963,4.362597,bound_replica_02_seed20260932,True
4260.0,0.9027385711669922,5.2030348777771,4.7641425,3.0391822,4.0656714,bound_replica_02_seed20260932,True
4270.0,0.7497304081916809,5.268654823303223,4.855456,2.9537966,3.7958646,bound_replica_02_seed20260932,True
4280.0,0.9880702495574951,5.271754264831543,4.737645,3.0746384,4.1102715,bound_replica_02_seed20260932,True
4290.0,0.9207781553268433,5.143838405609131,4.7207437,2.3071122,3.5982976,bound_replica_02_seed20260932,True
4300.0,1.0641319751739502,5.16739559173584,4.7590857,3.1889396,4.493409,bound_replica_02_seed20260932,True
4310.0,0.8285755515098572,5.113865852355957,4.564664,2.721648,4.3150077,bound_replica_02_seed20260932,True
4320.0,0.8523774147033691,5.272546291351318,4.5059447,2.779007,4.171086,bound_replica_02_seed20260932,True
4330.0,1.1818585395812988,5.187472820281982,4.5934544,3.2253976,4.5140953,bound_replica_02_seed20260932,True
4340.0,0.8670111894607544,5.154840469360352,4.69208,3.181801,4.2026834,bound_replica_02_seed20260932,True
4350.0,0.8451864719390869,5.240150451660156,4.84752,2.5107393,3.8790755,bound_replica_02_seed20260932,True
4360.0,0.7580708861351013,5.319435119628906,4.761447,2.7773266,4.255047,bound_replica_02_seed20260932,True
4370.0,0.9580106139183044,5.199926376342773,4.974903,3.460777,4.537462,bound_replica_02_seed20260932,True
4380.0,1.020921230316162,5.156386375427246,4.969649,3.5683692,3.7442896,bound_replica_02_seed20260932,True
4390.0,1.0985236167907715,5.173589706420898,4.9765563,3.215728,3.6893628,bound_replica_02_seed20260932,True
4400.0,0.9143601655960083,5.103796005249023,5.100361,3.5940053,3.8290322,bound_replica_02_seed20260932,True
4410.0,0.8881029486656189,5.240478038787842,4.950866,3.1164935,3.96577,bound_replica_02_seed20260932,True
4420.0,1.2258614301681519,5.301546573638916,4.8254485,3.3274384,3.9791968,bound_replica_02_seed20260932,True
4430.0,0.8584830164909363,5.162196636199951,4.872784,3.093393,3.9703684,bound_replica_02_seed20260932,True
4440.0,1.071052074432373,5.058131217956543,4.920663,3.393228,3.5904005,bound_replica_02_seed20260932,True
4450.0,0.7013731598854065,5.205008506774902,5.052056,2.2195413,4.223057,bound_replica_02_seed20260932,True
4460.0,0.7599241733551025,5.117214202880859,5.065481,2.7009125,3.7802649,bound_replica_02_seed20260932,True
4470.0,0.712263822555542,5.158787727355957,5.1479216,2.5709105,4.0001035,bound_replica_02_seed20260932,True
4480.0,1.0582096576690674,5.195138454437256,5.0623364,2.9144166,3.6846929,bound_replica_02_seed20260932,True
4490.0,0.9739222526550293,5.21090030670166,5.0310783,2.763252,3.6648946,bound_replica_02_seed20260932,True
4500.0,1.1895062923431396,5.179732322692871,5.108264,3.2017736,3.8436074,bound_replica_02_seed20260932,True
4510.0,1.0955432653427124,5.172150611877441,5.139016,2.7263541,3.2523646,bound_replica_02_seed20260932,True
4520.0,1.0023261308670044,5.116525173187256,5.108508,2.6809547,3.9404156,bound_replica_02_seed20260932,True
4530.0,1.0197155475616455,5.221895217895508,5.091002,2.715452,3.8118868,bound_replica_02_seed20260932,True
4540.0,1.2920945882797241,5.0833821296691895,4.9048796,3.1780066,3.6370075,bound_replica_02_seed20260932,True
4550.0,1.0573019981384277,5.213144302368164,4.9081426,2.6894927,3.9666631,bound_replica_02_seed20260932,True
4560.0,0.9841017723083496,5.259087562561035,5.0569944,2.837624,3.542275,bound_replica_02_seed20260932,True
4570.0,1.2023595571517944,5.295989513397217,4.834572,3.2129035,3.7020018,bound_replica_02_seed20260932,True
4580.0,0.9944264888763428,5.2613444328308105,4.7811646,2.9998279,4.1004167,bound_replica_02_seed20260932,True
4590.0,0.9003708362579346,5.203582763671875,4.862337,2.6997402,4.0943503,bound_replica_02_seed20260932,True
4600.0,0.9242636561393738,5.321872234344482,4.991651,2.9247425,3.8329287,bound_replica_02_seed20260932,True
4610.0,1.0550823211669922,5.25889778137207,4.874671,2.7547412,3.1641545,bound_replica_02_seed20260932,True
4620.0,1.1487975120544434,5.122655868530273,5.021381,2.9076886,3.7841358,bound_replica_02_seed20260932,True
4630.0,1.033322811126709,5.141107559204102,5.1090794,3.1293917,3.6529312,bound_replica_02_seed20260932,True
4640.0,1.1375395059585571,5.189628601074219,5.012536,2.6502066,3.6265013,bound_replica_02_seed20260932,True
4650.0,0.9665206670761108,5.190929412841797,5.1876936,3.147693,3.757756,bound_replica_02_seed20260932,True
4660.0,1.2115017175674438,4.979922294616699,5.2297873,2.9524503,3.7815971,bound_replica_02_seed20260932,True
4670.0,1.2840540409088135,5.2730488777160645,5.2166195,3.1658437,3.712692,bound_replica_02_seed20260932,True
4680.0,1.0644844770431519,5.190880298614502,5.380374,4.026101,4.001674,bound_replica_02_seed20260932,True
4690.0,1.1966139078140259,5.119464874267578,5.406828,4.077591,4.23413,bound_replica_02_seed20260932,True
4700.0,1.2732865810394287,5.295112609863281,5.2789717,3.319076,3.8207982,bound_replica_02_seed20260932,True
4710.0,1.1556631326675415,5.201661586761475,5.3162203,3.8135288,4.1192784,bound_replica_02_seed20260932,True
4720.0,1.3379215002059937,5.11049222946167,5.4590607,4.3991985,3.9244995,bound_replica_02_seed20260932,True
4730.0,1.2873709201812744,5.181602954864502,5.464413,3.864658,3.1727314,bound_replica_02_seed20260932,True
4740.0,1.335360050201416,5.225100994110107,5.36489,4.0388174,3.7230186,bound_replica_02_seed20260932,True
4750.0,1.3282817602157593,5.21879768371582,5.2387853,3.9972816,3.4905932,bound_replica_02_seed20260932,True
4760.0,1.4585007429122925,5.266951560974121,5.3307796,4.047274,3.3717427,bound_replica_02_seed20260932,True
4770.0,1.2852418422698975,5.132596015930176,5.320871,3.8878152,3.6106615,bound_replica_02_seed20260932,True
4780.0,1.2491974830627441,5.1597900390625,5.324462,3.5907373,3.225968,bound_replica_02_seed20260932,True
4790.0,1.1616032123565674,5.190652847290039,5.3462367,3.8818324,3.4617546,bound_replica_02_seed20260932,True
4800.0,0.9874796867370605,5.084807395935059,5.6658573,3.1425767,3.5362701,bound_replica_02_seed20260932,True
4810.0,1.328122615814209,5.230998992919922,5.7285,4.505418,3.715364,bound_replica_02_seed20260932,True
4820.0,1.4273266792297363,5.228633403778076,5.816252,4.2579484,3.558587,bound_replica_02_seed20260932,True
4830.0,1.295785903930664,5.201865196228027,5.7975082,3.8473716,3.5837955,bound_replica_02_seed20260932,True
4840.0,1.5518343448638916,5.2644853591918945,5.6881247,4.16462,3.4886205,bound_replica_02_seed20260932,True
4850.0,1.3871541023254395,5.13138484954834,5.863473,4.048681,3.5919251,bound_replica_02_seed20260932,True
4860.0,1.4526575803756714,5.108320713043213,5.999362,4.1535654,3.270526,bound_replica_02_seed20260932,True
4870.0,1.186757206916809,5.187868595123291,6.043413,3.8656301,3.4961212,bound_replica_02_seed20260932,True
4880.0,1.1882522106170654,5.216050148010254,6.186549,3.8584065,3.5906494,bound_replica_02_seed20260932,True
4890.0,1.1875163316726685,5.242016315460205,6.05078,4.1735086,3.844777,bound_replica_02_seed20260932,True
4900.0,1.255565881729126,5.196427822113037,5.9412694,4.5448666,3.8482766,bound_replica_02_seed20260932,True
4910.0,1.3720917701721191,5.364668846130371,5.775343,4.0249476,3.4567566,bound_replica_02_seed20260932,True
4920.0,1.4078891277313232,5.264562606811523,5.8013244,3.891773,3.8251302,bound_replica_02_seed20260932,True
4930.0,1.187204360961914,5.368932723999023,5.6292124,3.6690001,3.7921352,bound_replica_02_seed20260932,True
4940.0,1.3785855770111084,5.246752738952637,5.698413,4.1604905,3.533065,bound_replica_02_seed20260932,True
4950.0,1.5975062847137451,5.21156120300293,5.7505217,3.9918015,3.5066848,bound_replica_02_seed20260932,True
4960.0,1.4511535167694092,5.330624580383301,5.8054104,4.0469174,3.848132,bound_replica_02_seed20260932,True
4970.0,1.350961685180664,5.257006645202637,5.7726307,4.0742817,3.5633035,bound_replica_02_seed20260932,True
4980.0,1.501950740814209,5.207009792327881,5.7933846,3.934225,3.8334117,bound_replica_02_seed20260932,True
4990.0,1.369854211807251,5.242794036865234,5.80493,4.435833,3.965067,bound_replica_02_seed20260932,True
5000.0,1.2576215267181396,5.311784744262695,5.531207,4.51045,4.2164927,bound_replica_02_seed20260932,True
5010.0,1.2728397846221924,5.347601890563965,5.2948737,4.320467,4.1245875,bound_replica_02_seed20260932,True
5020.0,1.3085136413574219,5.3743743896484375,5.156554,3.865986,4.0486913,bound_replica_02_seed20260932,True
5030.0,1.1969326734542847,5.320329666137695,5.204866,3.8168893,4.064044,bound_replica_02_seed20260932,True
5040.0,1.4238111972808838,5.2745161056518555,5.203879,3.7863603,4.0627985,bound_replica_02_seed20260932,True
5050.0,1.333281397819519,5.256226539611816,5.2261295,3.5189462,3.9244225,bound_replica_02_seed20260932,True
5060.0,1.2331242561340332,5.342397689819336,5.419285,3.2702434,3.8594742,bound_replica_02_seed20260932,True
5070.0,1.2910830974578857,5.37957239151001,5.289686,4.120743,4.8908606,bound_replica_02_seed20260932,True
5080.0,1.2137458324432373,5.261173248291016,5.2014427,3.530517,3.543192,bound_replica_02_seed20260932,True
5090.0,1.2192256450653076,5.372537612915039,5.05865,3.4823778,3.6876118,bound_replica_02_seed20260932,True
5100.0,1.2097516059875488,5.239896297454834,5.042428,3.166226,3.6743472,bound_replica_02_seed20260932,True
5110.0,1.2082594633102417,5.267520427703857,5.2935023,3.3795109,3.5490932,bound_replica_02_seed20260932,True
5120.0,1.181105136871338,5.335109233856201,5.2183056,3.7128963,4.356452,bound_replica_02_seed20260932,True
5130.0,1.2745966911315918,5.389260292053223,5.2922983,3.5727081,3.9629831,bound_replica_02_seed20260932,True
5140.0,1.300288438796997,5.24036979675293,5.356798,3.6704872,3.8375583,bound_replica_02_seed20260932,True
5150.0,1.158517599105835,5.336285591125488,5.4278283,3.0773962,3.9769964,bound_replica_02_seed20260932,True
5160.0,1.1297327280044556,5.327539443969727,5.1994543,3.0216231,3.833735,bound_replica_02_seed20260932,True
5170.0,1.072074055671692,5.316196441650391,5.4312634,3.0506368,3.7623124,bound_replica_02_seed20260932,True
5180.0,1.4176052808761597,5.30728816986084,5.4929247,3.0867515,3.5035527,bound_replica_02_seed20260932,True
5190.0,1.1350860595703125,5.298990726470947,5.503474,3.112122,3.9007654,bound_replica_02_seed20260932,True
5200.0,1.324364185333252,5.307687759399414,5.609461,3.6548934,3.7838314,bound_replica_02_seed20260932,True
5210.0,1.119423508644104,5.37372350692749,5.554721,3.471999,4.748432,bound_replica_02_seed20260932,True
5220.0,1.325966715812683,5.297708988189697,5.310912,3.166975,3.7967036,bound_replica_02_seed20260932,True
5230.0,1.344365119934082,5.242587089538574,5.096454,3.4604442,3.8194394,bound_replica_02_seed20260932,True
5240.0,1.2236384153366089,5.23288631439209,5.088203,3.1197186,3.5764086,bound_replica_02_seed20260932,True
5250.0,1.2139787673950195,5.353741645812988,4.9162664,3.1164236,3.502681,bound_replica_02_seed20260932,True
5260.0,1.2978107929229736,5.1585493087768555,5.011257,3.1754203,3.3921556,bound_replica_02_seed20260932,True
5270.0,1.587695598602295,5.235803127288818,5.162737,3.0919554,3.3891063,bound_replica_02_seed20260932,True
5280.0,1.4795583486557007,5.242741584777832,5.12696,3.0263262,3.4620295,bound_replica_02_seed20260932,True
5290.0,1.3170011043548584,5.202217102050781,5.147705,3.1718073,3.5473,bound_replica_02_seed20260932,True
5300.0,1.4428173303604126,5.24109411239624,5.0462427,3.4915376,3.613554,bound_replica_02_seed20260932,True
5310.0,1.2034536600112915,5.306565284729004,4.989715,3.7249959,3.8546424,bound_replica_02_seed20260932,True
5320.0,1.2945281267166138,5.324652194976807,5.000768,3.5845585,4.297199,bound_replica_02_seed20260932,True
5330.0,1.179189920425415,5.352166175842285,4.8545103,2.6519327,3.7128236,bound_replica_02_seed20260932,True
5340.0,1.1873329877853394,5.223312854766846,4.719668,2.8699684,3.2406874,bound_replica_02_seed20260932,True
5350.0,1.2787065505981445,5.222155570983887,4.5843344,2.8562772,3.5478628,bound_replica_02_seed20260932,True
5360.0,1.0520846843719482,5.224259376525879,4.594858,2.743502,3.698855,bound_replica_02_seed20260932,True
5370.0,1.2840020656585693,5.264210224151611,4.7490363,2.7183592,3.562461,bound_replica_02_seed20260932,True
5380.0,1.5286411046981812,5.237236499786377,4.744952,3.1639066,4.1000676,bound_replica_02_seed20260932,True
5390.0,0.9854575395584106,5.236015319824219,4.8994336,3.2253363,4.0337667,bound_replica_02_seed20260932,True
5400.0,1.6134870052337646,5.254715919494629,4.9149466,3.3614957,3.6605663,bound_replica_02_seed20260932,True
5410.0,1.4937735795974731,5.17227840423584,4.7079654,3.1223803,3.3446426,bound_replica_02_seed20260932,True
5420.0,1.569235920906067,5.157145977020264,4.89192,3.3079934,3.247179,bound_replica_02_seed20260932,True
5430.0,1.2397985458374023,5.256110191345215,4.8876767,3.1641233,3.43257,bound_replica_02_seed20260932,True
5440.0,1.266542911529541,5.295040607452393,4.8666124,3.175664,4.032653,bound_replica_02_seed20260932,True
5450.0,0.9755333662033081,5.381508827209473,4.773693,3.1961322,3.619957,bound_replica_02_seed20260932,True
5460.0,1.2902086973190308,5.349044322967529,4.849328,3.4658196,3.6716146,bound_replica_02_seed20260932,True
5470.0,1.2229433059692383,5.318450450897217,4.9009566,3.4334178,3.7501767,bound_replica_02_seed20260932,True
5480.0,1.1729406118392944,5.402364730834961,5.0955844,3.7534082,3.8127575,bound_replica_02_seed20260932,True
5490.0,1.4328627586364746,5.389242172241211,5.072627,3.864904,3.7809408,bound_replica_02_seed20260932,True
5500.0,1.23939847946167,5.295536994934082,5.1461315,3.940369,4.157587,bound_replica_02_seed20260932,True
5510.0,1.309086799621582,5.345836639404297,5.1875477,4.050677,4.21801,bound_replica_02_seed20260932,True
5520.0,1.1188867092132568,5.348975658416748,5.127366,3.5732236,3.141749,bound_replica_02_seed20260932,True
5530.0,1.3427172899246216,5.400960922241211,5.066664,4.0128284,3.9488578,bound_replica_02_seed20260932,True
5540.0,1.4012521505355835,5.421450614929199,5.1362805,3.8358498,4.0090747,bound_replica_02_seed20260932,True
5550.0,1.4384205341339111,5.424242973327637,5.217858,3.7060692,4.0252447,bound_replica_02_seed20260932,True
5560.0,1.3794119358062744,5.38956356048584,5.08368,3.7080483,4.1019497,bound_replica_02_seed20260932,True
5570.0,1.474145770072937,5.425084114074707,5.057835,3.7049637,4.2967286,bound_replica_02_seed20260932,True
5580.0,1.401322364807129,5.376540184020996,5.0843377,3.5613427,3.9831204,bound_replica_02_seed20260932,True
5590.0,1.304389238357544,5.44295072555542,5.115161,3.3878949,3.9653287,bound_replica_02_seed20260932,True
5600.0,1.312872052192688,5.338553428649902,5.08281,3.2998576,3.9210904,bound_replica_02_seed20260932,True
5610.0,1.1728023290634155,5.356368541717529,5.07148,3.069076,3.4617937,bound_replica_02_seed20260932,True
5620.0,1.1059356927871704,5.352606296539307,5.1288705,3.3942702,3.8731,bound_replica_02_seed20260932,True
5630.0,1.2955737113952637,5.341385841369629,5.1484823,3.5068986,3.805795,bound_replica_02_seed20260932,True
5640.0,1.1832590103149414,5.28080940246582,4.993051,3.5124755,4.0657883,bound_replica_02_seed20260932,True
5650.0,1.3022184371948242,5.422367095947266,5.3073664,3.6170115,3.983492,bound_replica_02_seed20260932,True
5660.0,1.295134425163269,5.454124450683594,5.424713,3.4921203,4.068966,bound_replica_02_seed20260932,True
5670.0,1.326141595840454,5.386322975158691,5.273475,3.594688,4.337119,bound_replica_02_seed20260932,True
5680.0,1.3118038177490234,5.403193950653076,5.159628,3.1998262,3.8217857,bound_replica_02_seed20260932,True
5690.0,1.376387357711792,5.456943035125732,5.166851,3.432317,4.111565,bound_replica_02_seed20260932,True
5700.0,1.3346338272094727,5.440402984619141,5.3187256,3.202351,3.7996569,bound_replica_02_seed20260932,True
5710.0,1.2857511043548584,5.410412788391113,5.1933193,2.987201,3.8992777,bound_replica_02_seed20260932,True
5720.0,1.4242620468139648,5.344095230102539,5.2472353,3.203587,3.9922104,bound_replica_02_seed20260932,True
5730.0,1.4831109046936035,5.415368556976318,5.2698445,3.4055552,4.2173367,bound_replica_02_seed20260932,True
5740.0,1.2675516605377197,5.426339626312256,5.484765,3.3846438,3.957605,bound_replica_02_seed20260932,True
5750.0,1.2975865602493286,5.4074296951293945,5.5207977,3.1461897,3.5238967,bound_replica_02_seed20260932,True
5760.0,1.2290469408035278,5.385217666625977,5.231119,3.0340638,3.9043884,bound_replica_02_seed20260932,True
5770.0,1.265367865562439,5.359785079956055,5.158922,2.768656,3.5512283,bound_replica_02_seed20260932,True
5780.0,1.3530683517456055,5.428772449493408,5.114811,3.0129125,3.9059594,bound_replica_02_seed20260932,True
5790.0,1.3031774759292603,5.303578853607178,5.116969,2.6801133,3.8098478,bound_replica_02_seed20260932,True
5800.0,1.326067328453064,5.394980430603027,5.081939,2.6456122,3.6697993,bound_replica_02_seed20260932,True
5810.0,1.2014974355697632,5.425496578216553,5.1483393,2.6656961,3.8876534,bound_replica_02_seed20260932,True
5820.0,1.171595573425293,5.396457195281982,5.1534243,2.4676855,3.4917269,bound_replica_02_seed20260932,True
5830.0,1.324570655822754,5.327596664428711,5.287011,2.6965978,3.5648007,bound_replica_02_seed20260932,True
5840.0,1.3574124574661255,5.369872093200684,5.227064,2.859828,4.0147486,bound_replica_02_seed20260932,True
5850.0,1.2250677347183228,5.396721839904785,5.1771026,2.446344,3.6305113,bound_replica_02_seed20260932,True
5860.0,1.361541986465454,5.467600345611572,5.2006,2.7274678,3.381934,bound_replica_02_seed20260932,True
5870.0,1.310848593711853,5.3135199546813965,5.4303555,2.6042411,3.1325579,bound_replica_02_seed20260932,True
5880.0,1.1553934812545776,5.267094612121582,5.477351,2.5376215,3.6409082,bound_replica_02_seed20260932,True
5890.0,1.1222766637802124,5.346757888793945,5.370767,2.967799,3.2667189,bound_replica_02_seed20260932,True
5900.0,1.242828130722046,5.35761833190918,5.394883,2.9354167,3.444407,bound_replica_02_seed20260932,True
5910.0,1.1920545101165771,5.330982208251953,5.4878054,3.0143905,3.6812344,bound_replica_02_seed20260932,True
5920.0,1.2783050537109375,5.472406387329102,5.5854506,2.9543974,3.7486315,bound_replica_02_seed20260932,True
5930.0,1.3177179098129272,5.405879497528076,5.709463,2.9227285,3.7493849,bound_replica_02_seed20260932,True
5940.0,1.0961074829101562,5.387669563293457,5.7008224,3.005176,3.7346659,bound_replica_02_seed20260932,True
5950.0,1.3159990310668945,5.4436821937561035,5.970633,2.8304532,3.9267504,bound_replica_02_seed20260932,True
5960.0,1.2915360927581787,5.513814926147461,5.903035,3.050972,4.158488,bound_replica_02_seed20260932,True
5970.0,1.3143240213394165,5.406227111816406,6.02839,3.2019424,3.7435234,bound_replica_02_seed20260932,True
5980.0,1.3968803882598877,5.36013650894165,6.034997,3.4105654,3.4992697,bound_replica_02_seed20260932,True
5990.0,0.9821940660476685,5.324732780456543,6.1050243,3.544121,3.2910502,bound_replica_02_seed20260932,True
6000.0,1.216126799583435,5.408382892608643,5.823789,2.9496634,3.4947634,bound_replica_02_seed20260932,True
6010.0,1.23511803150177,5.393197536468506,5.7460403,3.2448032,3.9683747,bound_replica_02_seed20260932,True
6020.0,1.241950511932373,5.394766330718994,5.7011895,2.8356833,3.560405,bound_replica_02_seed20260932,True
6030.0,1.2096346616744995,5.340108394622803,5.56274,2.506433,3.7723007,bound_replica_02_seed20260932,True
6040.0,1.4266304969787598,5.366717338562012,5.563756,3.0080554,3.770381,bound_replica_02_seed20260932,True
6050.0,1.2042193412780762,5.308131694793701,5.4616327,3.1066906,3.7526357,bound_replica_02_seed20260932,True
6060.0,1.2453628778457642,5.368130207061768,5.4093413,3.0357895,3.5140457,bound_replica_02_seed20260932,True
6070.0,1.4879662990570068,5.445094108581543,5.4273534,3.1684585,3.6397634,bound_replica_02_seed20260932,True
6080.0,1.3885719776153564,5.412296772003174,5.165514,3.2302723,3.847446,bound_replica_02_seed20260932,True
6090.0,1.3028432130813599,5.379693508148193,5.0877666,3.1176746,3.7643151,bound_replica_02_seed20260932,True
6100.0,1.4121602773666382,5.318717002868652,5.042095,2.9533865,3.8962903,bound_replica_02_seed20260932,True
6110.0,1.2810723781585693,5.4141764640808105,5.214882,2.7315392,3.9003477,bound_replica_02_seed20260932,True
6120.0,1.2417892217636108,5.369388580322266,5.0774307,2.97449,4.0910654,bound_replica_02_seed20260932,True
6130.0,1.3848628997802734,5.499287128448486,5.1463227,2.7286289,3.5133467,bound_replica_02_seed20260932,True
6140.0,1.4405262470245361,5.316293239593506,5.1478395,3.0573168,3.306624,bound_replica_02_seed20260932,True
6150.0,1.3983123302459717,5.295707702636719,5.0450106,2.9396262,3.5641985,bound_replica_02_seed20260932,True
6160.0,1.2858253717422485,5.348143100738525,4.9599013,2.9671242,3.4781268,bound_replica_02_seed20260932,True
6170.0,1.2940490245819092,5.310685634613037,5.0889535,3.1808224,3.4156992,bound_replica_02_seed20260932,True
6180.0,1.48789381980896,5.288113594055176,4.7452374,3.1381319,3.0961828,bound_replica_02_seed20260932,True
6190.0,1.184558629989624,5.403827667236328,4.8139687,3.0523877,3.7013998,bound_replica_02_seed20260932,True
6200.0,1.3494406938552856,5.449504852294922,4.8518476,2.84075,3.694209,bound_replica_02_seed20260932,True
6210.0,1.0946999788284302,5.369855880737305,4.7473946,2.7850282,3.42077,bound_replica_02_seed20260932,True
6220.0,1.3785982131958008,5.421029090881348,4.70702,3.1411757,3.718846,bound_replica_02_seed20260932,True
6230.0,1.5085810422897339,5.432315349578857,4.656697,2.975322,3.5272052,bound_replica_02_seed20260932,True
6240.0,1.0908339023590088,5.363468647003174,4.682284,3.1689773,3.2074804,bound_replica_02_seed20260932,True
6250.0,1.24895179271698,5.3554534912109375,4.5933123,3.1757522,3.5429475,bound_replica_02_seed20260932,True
6260.0,1.3791446685791016,5.327284336090088,4.7823963,3.2959337,3.5365276,bound_replica_02_seed20260932,True
6270.0,1.3551623821258545,5.398465156555176,4.8316693,3.0885477,3.2764683,bound_replica_02_seed20260932,True
6280.0,1.133970856666565,5.401759624481201,4.889944,3.2957344,3.9066973,bound_replica_02_seed20260932,True
6290.0,1.2352826595306396,5.3817033767700195,4.62228,2.8629708,3.7252018,bound_replica_02_seed20260932,True
6300.0,1.3519190549850464,5.464753150939941,4.76697,2.98401,3.2689312,bound_replica_02_seed20260932,True
6310.0,1.3374603986740112,5.41970682144165,4.8463593,3.1903698,3.9275656,bound_replica_02_seed20260932,True
6320.0,1.1762099266052246,5.404482364654541,5.042948,3.1236749,3.22904,bound_replica_02_seed20260932,True
6330.0,1.2319146394729614,5.479907989501953,5.0396924,3.1516528,3.2926664,bound_replica_02_seed20260932,True
6340.0,1.2637765407562256,5.34434700012207,5.0545273,3.0341685,2.5515013,bound_replica_02_seed20260932,True
6350.0,1.2283458709716797,5.399019241333008,5.0967093,3.1457434,3.6396575,bound_replica_02_seed20260932,True
6360.0,1.2333511114120483,5.399350166320801,5.312847,3.0110583,3.2406063,bound_replica_02_seed20260932,True
6370.0,1.2972240447998047,5.394828796386719,5.265601,3.1234212,3.7684152,bound_replica_02_seed20260932,True
6380.0,1.2954068183898926,5.417079925537109,5.234056,3.1696723,3.0793526,bound_replica_02_seed20260932,True
6390.0,1.3463677167892456,5.416937351226807,5.3636794,3.2910223,3.6407642,bound_replica_02_seed20260932,True
6400.0,1.2956302165985107,5.356110572814941,5.449418,3.169699,3.5157924,bound_replica_02_seed20260932,True
6410.0,1.2354114055633545,5.4098310470581055,5.2629967,3.1564877,3.633914,bound_replica_02_seed20260932,True
6420.0,1.3333016633987427,5.358526706695557,5.1305685,3.2539635,3.5285802,bound_replica_02_seed20260932,True
6430.0,1.2838659286499023,5.348183631896973,5.126541,3.0253448,3.6128685,bound_replica_02_seed20260932,True
6440.0,1.200096845626831,5.428154945373535,5.135278,3.1000018,3.2840028,bound_replica_02_seed20260932,True
6450.0,1.2901248931884766,5.349858283996582,4.9000607,3.0222201,3.6913836,bound_replica_02_seed20260932,True
6460.0,1.285681962966919,5.464747428894043,5.305836,2.9836526,3.665943,bound_replica_02_seed20260932,True
6470.0,1.2056256532669067,5.371914386749268,5.240103,2.9382958,3.707565,bound_replica_02_seed20260932,True
6480.0,1.191024661064148,5.382473945617676,5.152466,3.1144927,2.9425,bound_replica_02_seed20260932,True
6490.0,1.2205547094345093,5.393338680267334,5.0526,2.6495142,3.626921,bound_replica_02_seed20260932,True
6500.0,1.3672339916229248,5.404782295227051,5.047448,3.1333213,3.3652852,bound_replica_02_seed20260932,True
6510.0,1.123488426208496,5.362229824066162,4.8000517,2.6372857,3.0945354,bound_replica_02_seed20260932,True
6520.0,1.324251413345337,5.465915203094482,4.779286,3.2077816,3.1296325,bound_replica_02_seed20260932,True
6530.0,1.159422755241394,5.40609884262085,4.8212852,2.9698987,3.0871668,bound_replica_02_seed20260932,True
6540.0,1.344148874282837,5.373659133911133,4.9588113,2.7104065,3.320429,bound_replica_02_seed20260932,True
6550.0,1.172292709350586,5.407377243041992,4.943808,3.1527162,2.957795,bound_replica_02_seed20260932,True
6560.0,1.2387956380844116,5.405185222625732,4.9983006,3.1391153,3.5685782,bound_replica_02_seed20260932,True
6570.0,1.2771481275558472,5.394775867462158,4.8522243,2.8063927,3.443283,bound_replica_02_seed20260932,True
6580.0,1.3228175640106201,5.398630142211914,4.728007,2.974353,3.48,bound_replica_02_seed20260932,True
6590.0,1.3415778875350952,5.435244560241699,4.670617,2.830279,3.684071,bound_replica_02_seed20260932,True
6600.0,1.1876568794250488,5.47386360168457,4.681944,2.816227,3.6250994,bound_replica_02_seed20260932,True
6610.0,1.3328176736831665,5.428724765777588,4.554345,2.5513337,3.4929476,bound_replica_02_seed20260932,True
6620.0,1.3194921016693115,5.395458221435547,4.4802485,2.5972378,3.2139,bound_replica_02_seed20260932,True
6630.0,1.1907737255096436,5.352322578430176,4.3053045,2.9985657,3.5021904,bound_replica_02_seed20260932,True
6640.0,1.2360931634902954,5.341286659240723,4.2370386,2.7660422,3.6537716,bound_replica_02_seed20260932,True
6650.0,1.2816678285598755,5.36665678024292,4.296329,2.7112951,3.5833435,bound_replica_02_seed20260932,True
6660.0,1.1706210374832153,5.360370635986328,4.11336,2.574961,3.5540504,bound_replica_02_seed20260932,True
6670.0,1.3489412069320679,5.380587577819824,4.220914,3.0356917,3.2657793,bound_replica_02_seed20260932,True
6680.0,1.297353982925415,5.425288200378418,4.351647,2.881134,3.3843043,bound_replica_02_seed20260932,True
6690.0,1.259985089302063,5.394834518432617,4.498247,2.5041938,3.4199052,bound_replica_02_seed20260932,True
6700.0,1.3742702007293701,5.414097309112549,4.553873,2.877019,3.3061724,bound_replica_02_seed20260932,True
6710.0,1.3563536405563354,5.442966461181641,4.734993,3.080448,3.4054005,bound_replica_02_seed20260932,True
6720.0,1.3361620903015137,5.431985855102539,4.8344817,2.7544994,3.378357,bound_replica_02_seed20260932,True
6730.0,1.1943457126617432,5.321953773498535,4.9284863,2.6512825,2.9026823,bound_replica_02_seed20260932,True
6740.0,1.273970603942871,5.310762405395508,4.869664,3.0251095,3.412376,bound_replica_02_seed20260932,True
6750.0,1.174527645111084,5.327477931976318,4.843713,2.4634578,3.5154688,bound_replica_02_seed20260932,True
6760.0,1.3138257265090942,5.334979057312012,4.9774246,2.5727677,3.349072,bound_replica_02_seed20260932,True
6770.0,1.4351593255996704,5.432836532592773,4.9782224,2.352164,3.5860715,bound_replica_02_seed20260932,True
6780.0,1.3135788440704346,5.394162178039551,4.945012,2.3336549,3.3866596,bound_replica_02_seed20260932,True
6790.0,1.2235902547836304,5.3719162940979,4.93108,2.662633,3.5578966,bound_replica_02_seed20260932,True
6800.0,1.1756477355957031,5.358619213104248,4.8670726,2.5286703,3.0165262,bound_replica_02_seed20260932,True
6810.0,1.273319125175476,5.395392894744873,4.99383,2.7039075,3.0912018,bound_replica_02_seed20260932,True
6820.0,1.3134143352508545,5.373203754425049,4.940017,2.5800424,3.4368286,bound_replica_02_seed20260932,True
6830.0,1.2584627866744995,5.362910270690918,4.970986,2.4340622,3.2118921,bound_replica_02_seed20260932,True
6840.0,1.0591689348220825,5.344993591308594,5.1185684,2.6241252,3.0270529,bound_replica_02_seed20260932,True
6850.0,1.175087809562683,5.421058654785156,5.1823754,2.46645,3.5623982,bound_replica_02_seed20260932,True
6860.0,1.4664877653121948,5.354492664337158,5.3297844,2.5601113,3.4639623,bound_replica_02_seed20260932,True
6870.0,1.3309249877929688,5.340950965881348,5.3962154,2.2643926,3.3948178,bound_replica_02_seed20260932,True
6880.0,1.1643284559249878,5.40987491607666,5.200997,2.6594899,3.5132422,bound_replica_02_seed20260932,True
6890.0,1.1080090999603271,5.386119365692139,5.4865365,2.4094315,3.5733654,bound_replica_02_seed20260932,True
6900.0,1.1534191370010376,5.324826240539551,5.4440184,2.4948797,3.2863832,bound_replica_02_seed20260932,True
6910.0,1.0580097436904907,5.2789106369018555,5.4101987,2.617392,2.8056555,bound_replica_02_seed20260932,True
6920.0,1.1516538858413696,5.366721153259277,5.4173117,2.261253,3.5313869,bound_replica_02_seed20260932,True
6930.0,1.1499439477920532,5.419220447540283,5.366263,2.5028203,3.6529973,bound_replica_02_seed20260932,True
6940.0,1.3575202226638794,5.390853404998779,5.3782835,2.8154228,3.1702135,bound_replica_02_seed20260932,True
6950.0,1.2965524196624756,5.316073417663574,5.371393,2.7525053,3.2341397,bound_replica_02_seed20260932,True
6960.0,1.3098926544189453,5.376950263977051,5.280421,2.6996388,3.8015246,bound_replica_02_seed20260932,True
6970.0,1.1951425075531006,5.256678581237793,5.446909,2.4162867,3.4447172,bound_replica_02_seed20260932,True
6980.0,1.1682097911834717,5.411352157592773,5.376173,2.6299777,3.5179493,bound_replica_02_seed20260932,True
6990.0,1.1616524457931519,5.410283088684082,5.2273607,2.7486563,3.3364832,bound_replica_02_seed20260932,True
7000.0,1.1942578554153442,5.290462970733643,5.0856977,2.3558536,3.464565,bound_replica_02_seed20260932,True
7010.0,1.1692652702331543,5.3848748207092285,5.047508,2.7462456,3.2186577,bound_replica_02_seed20260932,True
7020.0,1.2262452840805054,5.363924980163574,4.9657574,2.4573734,3.3586454,bound_replica_02_seed20260932,True
7030.0,1.103071928024292,5.298280239105225,5.2506013,2.421107,3.6964126,bound_replica_02_seed20260932,True
7040.0,1.2363605499267578,5.408350944519043,5.1511235,2.5207653,3.2624686,bound_replica_02_seed20260932,True
7050.0,1.306118369102478,5.389739036560059,5.1397457,2.595248,3.3355622,bound_replica_02_seed20260932,True
7060.0,1.4202029705047607,5.34515905380249,4.9136777,2.655271,3.8213255,bound_replica_02_seed20260932,True
7070.0,1.31496000289917,5.440621376037598,5.0024824,2.3009348,3.9277399,bound_replica_02_seed20260932,True
7080.0,1.295377492904663,5.402637004852295,5.0175405,2.5097623,3.5743265,bound_replica_02_seed20260932,True
7090.0,1.1842124462127686,5.267305374145508,5.0007067,2.0998833,3.9241407,bound_replica_02_seed20260932,True
7100.0,1.3429279327392578,5.339863300323486,4.7758846,2.2650542,3.405777,bound_replica_02_seed20260932,True
7110.0,1.3577730655670166,5.391763687133789,4.7166986,2.7111874,3.1648903,bound_replica_02_seed20260932,True
7120.0,1.2102338075637817,5.414669036865234,4.6716065,2.4255621,3.5905008,bound_replica_02_seed20260932,True
7130.0,1.2133398056030273,5.417027950286865,4.724111,2.4512515,3.5787153,bound_replica_02_seed20260932,True
7140.0,1.2614476680755615,5.385942459106445,4.5707927,2.2128453,3.121356,bound_replica_02_seed20260932,True
7150.0,1.2979981899261475,5.353510856628418,4.579248,2.5640397,3.329237,bound_replica_02_seed20260932,True
7160.0,1.148876428604126,5.381684303283691,4.5918484,2.2026687,3.2696102,bound_replica_02_seed20260932,True
7170.0,1.2023860216140747,5.36851692199707,4.4212866,2.4110034,3.330678,bound_replica_02_seed20260932,True
7180.0,1.247619867324829,5.424994468688965,4.34558,2.7047257,3.131452,bound_replica_02_seed20260932,True
7190.0,1.1261957883834839,5.4331769943237305,4.388171,2.4622152,3.2597423,bound_replica_02_seed20260932,True
7200.0,1.4416898488998413,5.382770538330078,4.5595903,2.230379,3.744483,bound_replica_02_seed20260932,True
7210.0,1.275182843208313,5.3522725105285645,4.6632066,2.573333,2.793695,bound_replica_02_seed20260932,True
7220.0,1.324529767036438,5.315762042999268,4.620753,2.4330442,3.4490442,bound_replica_02_seed20260932,True
7230.0,1.29822838306427,5.375187873840332,4.784965,2.3563476,3.3520393,bound_replica_02_seed20260932,True
7240.0,1.257399082183838,5.420591831207275,4.7463245,2.3916576,3.3763223,bound_replica_02_seed20260932,True
7250.0,1.3151799440383911,5.31959342956543,4.709942,2.2295449,3.359878,bound_replica_02_seed20260932,True
7260.0,1.3748043775558472,5.434001922607422,4.655228,2.4355676,3.7039697,bound_replica_02_seed20260932,True
7270.0,1.427666187286377,5.392133712768555,4.551966,2.4656253,3.628185,bound_replica_02_seed20260932,True
7280.0,1.429800033569336,5.409173488616943,4.417569,2.5027301,3.458828,bound_replica_02_seed20260932,True
7290.0,1.3778116703033447,5.392982482910156,4.58974,2.3720179,3.3342042,bound_replica_02_seed20260932,True
7300.0,1.382149338722229,5.386046409606934,4.470437,2.5176752,3.336357,bound_replica_02_seed20260932,True
7310.0,1.4120746850967407,5.436535835266113,4.2245135,2.3869398,3.4235785,bound_replica_02_seed20260932,True
7320.0,1.3635530471801758,5.3945536613464355,4.1425037,2.542527,3.2013602,bound_replica_02_seed20260932,True
7330.0,1.2808167934417725,5.428431510925293,3.9502344,2.405175,3.8090608,bound_replica_02_seed20260932,True
7340.0,1.444260835647583,5.337547779083252,3.979316,2.5747764,3.6427,bound_replica_02_seed20260932,True
7350.0,1.434024691581726,5.381667137145996,3.8498518,2.373701,3.6777878,bound_replica_02_seed20260932,True
7360.0,1.3166534900665283,5.380760192871094,3.9487827,2.236273,3.198682,bound_replica_02_seed20260932,True
7370.0,1.265209436416626,5.349540710449219,3.9167151,2.3398643,3.1988132,bound_replica_02_seed20260932,True
7380.0,1.4709422588348389,5.371838569641113,3.6865425,2.561828,3.3474874,bound_replica_02_seed20260932,True
7390.0,1.3068848848342896,5.30391788482666,3.7380176,2.8781793,3.488583,bound_replica_02_seed20260932,True
7400.0,1.1787234544754028,5.474723815917969,3.7810106,2.2266026,3.1712353,bound_replica_02_seed20260932,True
7410.0,1.1420716047286987,5.320444107055664,3.9229026,2.2270174,3.2571542,bound_replica_02_seed20260932,True
7420.0,1.4540051221847534,5.379803657531738,4.188602,2.4926436,3.499993,bound_replica_02_seed20260932,True
7430.0,1.2998801469802856,5.446998596191406,4.118219,2.5778482,3.4102533,bound_replica_02_seed20260932,True
7440.0,1.2957895994186401,5.404024124145508,4.03019,2.5437832,3.287127,bound_replica_02_seed20260932,True
7450.0,1.3162188529968262,5.393825054168701,4.195095,2.3426578,3.3540125,bound_replica_02_seed20260932,True
7460.0,1.2759279012680054,5.307779312133789,4.114409,2.226642,3.9316235,bound_replica_02_seed20260932,True
7470.0,1.303409218788147,5.429076671600342,3.9574184,2.4087043,3.5885105,bound_replica_02_seed20260932,True
7480.0,1.4834731817245483,5.36076021194458,3.9666162,2.5220742,3.8362784,bound_replica_02_seed20260932,True
7490.0,1.317833662033081,5.363895416259766,3.8105319,2.35503,3.6864054,bound_replica_02_seed20260932,True
7500.0,1.1846632957458496,5.375382423400879,3.989371,2.3703868,4.0243335,bound_replica_02_seed20260932,True
7510.0,1.1798961162567139,5.412219047546387,3.8013244,2.3869736,3.6815233,bound_replica_02_seed20260932,True
7520.0,1.514593482017517,5.330966949462891,3.8112469,2.3343692,3.876088,bound_replica_02_seed20260932,True
7530.0,1.4211606979370117,5.316102504730225,3.8412142,2.4610753,4.1832924,bound_replica_02_seed20260932,True
7540.0,1.4902740716934204,5.427608966827393,3.7936163,2.578454,4.0115557,bound_replica_02_seed20260932,True
7550.0,1.0515632629394531,5.3866729736328125,3.9148145,2.4672163,3.6223655,bound_replica_02_seed20260932,True
7560.0,1.308387279510498,5.370731353759766,3.9538665,2.5053883,3.621206,bound_replica_02_seed20260932,True
7570.0,1.2351540327072144,5.386386394500732,3.9028702,2.1536813,3.0936491,bound_replica_02_seed20260932,True
7580.0,1.1922197341918945,5.345139980316162,4.045476,2.4803016,3.0943747,bound_replica_02_seed20260932,True
7590.0,1.3947373628616333,5.444700717926025,3.985571,2.6724668,3.2281783,bound_replica_02_seed20260932,True
7600.0,1.146813154220581,5.438546180725098,3.9976861,2.5396845,3.5342858,bound_replica_02_seed20260932,True
7610.0,1.2606511116027832,5.4075236320495605,3.9222126,2.2905712,3.4826179,bound_replica_02_seed20260932,True
7620.0,1.2500152587890625,5.37551212310791,3.8421295,2.6746645,3.667707,bound_replica_02_seed20260932,True
7630.0,1.3848514556884766,5.3186936378479,4.031028,2.3179145,3.9009426,bound_replica_02_seed20260932,True
7640.0,1.3478472232818604,5.317424774169922,3.8901005,2.4811802,3.4295788,bound_replica_02_seed20260932,True
7650.0,1.1867491006851196,5.335597515106201,3.9732525,2.57851,2.8691375,bound_replica_02_seed20260932,True
7660.0,1.1129270792007446,5.3447794914245605,4.1397495,2.5258198,3.3229694,bound_replica_02_seed20260932,True
7670.0,1.3039284944534302,5.352489948272705,4.3188186,2.4512742,3.8767002,bound_replica_02_seed20260932,True
7680.0,1.2409800291061401,5.349551200866699,4.2377653,2.3955514,3.2153926,bound_replica_02_seed20260932,True
7690.0,1.294098138809204,5.415779113769531,4.301676,2.1628006,3.436532,bound_replica_02_seed20260932,True
7700.0,1.292891502380371,5.392034530639648,4.48481,2.2235525,3.728464,bound_replica_02_seed20260932,True
7710.0,1.1305006742477417,5.284294605255127,4.3887134,2.3951526,3.0346978,bound_replica_02_seed20260932,True
7720.0,1.4322525262832642,5.402170181274414,4.2956905,2.2617939,3.6806517,bound_replica_02_seed20260932,True
7730.0,1.2813427448272705,5.404569625854492,4.2439666,2.4082694,3.3696773,bound_replica_02_seed20260932,True
7740.0,1.3263118267059326,5.464301109313965,4.201827,2.8437493,3.0409474,bound_replica_02_seed20260932,True
7750.0,1.418781042098999,5.360801696777344,4.185563,2.6315937,3.2858274,bound_replica_02_seed20260932,True
7760.0,1.3031628131866455,5.395937442779541,4.1968126,2.5658128,3.515549,bound_replica_02_seed20260932,True
7770.0,1.3194198608398438,5.407896041870117,4.3788276,2.566221,3.2726707,bound_replica_02_seed20260932,True
7780.0,1.2136645317077637,5.407466411590576,4.4374886,2.35939,3.4687517,bound_replica_02_seed20260932,True
7790.0,1.2328459024429321,5.4011054039001465,4.4921136,2.6624668,3.288964,bound_replica_02_seed20260932,True
7800.0,1.2639726400375366,5.370205879211426,4.597946,2.4084394,3.5707107,bound_replica_02_seed20260932,True
7810.0,1.3732218742370605,5.310437202453613,4.5952296,2.7062366,3.3281236,bound_replica_02_seed20260932,True
7820.0,1.497774362564087,5.320367813110352,4.558436,2.7581823,3.3744051,bound_replica_02_seed20260932,True
7830.0,1.4432226419448853,5.3147125244140625,4.7083845,2.561658,3.2063012,bound_replica_02_seed20260932,True
7840.0,1.378159999847412,5.348110675811768,4.7644534,2.792394,3.3801243,bound_replica_02_seed20260932,True
7850.0,1.328354835510254,5.390440940856934,4.5539427,2.7761314,3.3348207,bound_replica_02_seed20260932,True
7860.0,1.1878950595855713,5.402683734893799,4.5758433,2.7597187,2.9682171,bound_replica_02_seed20260932,True
7870.0,1.3033944368362427,5.3695068359375,4.4584045,2.4872653,3.6112616,bound_replica_02_seed20260932,True
7880.0,1.3654193878173828,5.4139323234558105,4.355156,2.6384811,3.5036752,bound_replica_02_seed20260932,True
7890.0,1.2012380361557007,5.3256683349609375,4.385703,2.4359186,3.552303,bound_replica_02_seed20260932,True
7900.0,1.2949920892715454,5.300642013549805,4.2789974,2.5320637,3.22252,bound_replica_02_seed20260932,True
7910.0,1.0580217838287354,5.383530616760254,4.361,2.4668708,3.5312905,bound_replica_02_seed20260932,True
7920.0,1.2026478052139282,5.402762413024902,4.3416157,2.615004,3.4610581,bound_replica_02_seed20260932,True
7930.0,1.3381233215332031,5.327271461486816,4.203916,2.407467,3.6035838,bound_replica_02_seed20260932,True
7940.0,1.3827931880950928,5.330301284790039,4.3815904,2.497858,3.7610242,bound_replica_02_seed20260932,True
7950.0,1.1584023237228394,5.263483047485352,4.4824576,2.5623646,3.4732654,bound_replica_02_seed20260932,True
7960.0,1.1621476411819458,5.332572937011719,4.508893,2.3308053,3.2324207,bound_replica_02_seed20260932,True
7970.0,1.0223946571350098,5.32487154006958,4.445359,2.557222,3.1136398,bound_replica_02_seed20260932,True
7980.0,1.1673388481140137,5.361633777618408,4.627869,2.3379464,3.6102343,bound_replica_02_seed20260932,True
7990.0,1.0874598026275635,5.343194484710693,4.552298,2.2892318,3.665226,bound_replica_02_seed20260932,True
8000.0,1.2838833332061768,5.429594039916992,4.6919594,2.53128,3.651348,bound_replica_02_seed20260932,True
8010.0,1.2991021871566772,5.291780948638916,4.5777936,2.2274313,3.2780576,bound_replica_02_seed20260932,True
8020.0,1.2257473468780518,5.332836627960205,4.563944,2.5088916,3.7002208,bound_replica_02_seed20260932,True
8030.0,1.2879917621612549,5.341268062591553,4.4345202,2.5106163,3.8568287,bound_replica_02_seed20260932,True
8040.0,1.2783771753311157,5.372886657714844,4.3299503,2.6961482,3.54593,bound_replica_02_seed20260932,True
8050.0,1.012066125869751,5.356264591217041,4.309081,2.3052833,3.5727506,bound_replica_02_seed20260932,True
8060.0,1.2556482553482056,5.462642192840576,4.2677245,2.7597773,3.2850785,bound_replica_02_seed20260932,True
8070.0,1.3085209131240845,5.364871025085449,4.457702,2.2537658,3.7099128,bound_replica_02_seed20260932,True
8080.0,1.3334161043167114,5.264950752258301,4.4157834,2.5256083,3.2456193,bound_replica_02_seed20260932,True
8090.0,1.1043708324432373,5.455949783325195,4.267707,2.4445658,3.482056,bound_replica_02_seed20260932,True
8100.0,1.3413149118423462,5.467254638671875,4.308093,2.8668735,3.835843,bound_replica_02_seed20260932,True
8110.0,1.2991976737976074,5.4050374031066895,4.1189404,2.6821108,3.193359,bound_replica_02_seed20260932,True
8120.0,1.2443592548370361,5.329355716705322,4.267844,3.0110166,2.7636647,bound_replica_02_seed20260932,True
8130.0,1.124647855758667,5.311952590942383,4.2328568,2.7123818,3.190625,bound_replica_02_seed20260932,True
8140.0,1.215494155883789,5.3631205558776855,4.1389213,2.6342325,3.3291607,bound_replica_02_seed20260932,True
8150.0,1.2981034517288208,5.405412197113037,4.153576,2.7743883,3.7959023,bound_replica_02_seed20260932,True
8160.0,1.1880689859390259,5.36768913269043,3.991744,2.6874585,3.525056,bound_replica_02_seed20260932,True
8170.0,1.3176864385604858,5.4096174240112305,3.911706,2.848772,3.3737373,bound_replica_02_seed20260932,True
8180.0,1.2011454105377197,5.342516899108887,3.7995,2.7871351,3.3028076,bound_replica_02_seed20260932,True
8190.0,1.1212139129638672,5.353212356567383,3.6053839,2.3354783,3.8583431,bound_replica_02_seed20260932,True
8200.0,1.3259042501449585,5.467399597167969,3.6806595,2.5749965,3.5152717,bound_replica_02_seed20260932,True
8210.0,1.1071537733078003,5.39363956451416,3.718557,2.7461815,3.2207055,bound_replica_02_seed20260932,True
8220.0,1.1647460460662842,5.427803993225098,3.662927,2.5318155,3.5909107,bound_replica_02_seed20260932,True
8230.0,1.1603820323944092,5.359191417694092,3.6058495,2.1419358,4.0457196,bound_replica_02_seed20260932,True
8240.0,1.2726174592971802,5.398132801055908,3.6643033,2.409735,3.1888962,bound_replica_02_seed20260932,True
8250.0,1.3195115327835083,5.428795337677002,3.71115,2.584094,3.232914,bound_replica_02_seed20260932,True
8260.0,1.4390215873718262,5.325118064880371,3.6815743,2.4719791,3.302476,bound_replica_02_seed20260932,True
8270.0,1.2499668598175049,5.384978294372559,3.7867854,2.442943,3.1326365,bound_replica_02_seed20260932,True
8280.0,1.4785469770431519,5.382884979248047,3.8091068,2.458401,3.075616,bound_replica_02_seed20260932,True
8290.0,1.2402907609939575,5.3166303634643555,3.9123683,2.3319623,3.162242,bound_replica_02_seed20260932,True
8300.0,1.2153816223144531,5.392065048217773,3.955419,2.4807363,3.1839623,bound_replica_02_seed20260932,True
8310.0,1.3409167528152466,5.309295654296875,3.8243673,2.7099786,3.1545267,bound_replica_02_seed20260932,True
8320.0,0.9385675191879272,5.318844795227051,3.9122977,1.6737062,3.4712172,bound_replica_02_seed20260932,True
8330.0,1.1335278749465942,5.389871597290039,3.8298368,2.5909486,2.6106894,bound_replica_02_seed20260932,True
8340.0,1.2605704069137573,5.384852409362793,3.8989246,2.9905534,2.7304058,bound_replica_02_seed20260932,True
8350.0,1.2200571298599243,5.367064952850342,4.115692,2.6538885,2.7592967,bound_replica_02_seed20260932,True
8360.0,1.160987377166748,5.375823974609375,4.0785627,2.339286,3.1556187,bound_replica_02_seed20260932,True
8370.0,1.2726998329162598,5.350470542907715,4.051608,2.2693725,3.191568,bound_replica_02_seed20260932,True
8380.0,1.364571452140808,5.338351249694824,3.9868174,2.6044548,2.831531,bound_replica_02_seed20260932,True
8390.0,1.3087953329086304,5.385875225067139,4.193201,2.5708606,2.8071074,bound_replica_02_seed20260932,True
8400.0,1.1890639066696167,5.416469097137451,4.16438,2.5197973,2.8933973,bound_replica_02_seed20260932,True
8410.0,1.1168533563613892,5.431222438812256,4.185917,2.4212549,3.1056685,bound_replica_02_seed20260932,True
8420.0,1.2779170274734497,5.358802795410156,3.9930859,2.5082695,3.1250608,bound_replica_02_seed20260932,True
8430.0,1.337581753730774,5.418037414550781,3.8501463,2.3638992,3.223314,bound_replica_02_seed20260932,True
8440.0,1.1385254859924316,5.458545684814453,3.7442496,2.556689,2.7822585,bound_replica_02_seed20260932,True
8450.0,1.0545096397399902,5.3666205406188965,4.0342646,2.2492895,2.6552138,bound_replica_02_seed20260932,True
8460.0,1.3186101913452148,5.3979339599609375,4.0880976,2.6643624,3.134806,bound_replica_02_seed20260932,True
8470.0,1.123935341835022,5.407509803771973,4.19048,2.3751988,3.2157495,bound_replica_02_seed20260932,True
8480.0,1.0606505870819092,5.378520488739014,4.194276,2.9084315,3.2402287,bound_replica_02_seed20260932,True
8490.0,1.1191223859786987,5.382471084594727,4.166562,2.3308496,3.4458547,bound_replica_02_seed20260932,True
8500.0,1.170390248298645,5.323310375213623,4.150992,2.9789867,2.8168728,bound_replica_02_seed20260932,True
8510.0,1.2860183715820312,5.348889350891113,4.1331296,2.6024728,3.4727404,bound_replica_02_seed20260932,True
8520.0,1.3647578954696655,5.304272174835205,3.9767632,2.64465,3.385607,bound_replica_02_seed20260932,True
8530.0,1.2461029291152954,5.41703462600708,4.0020676,2.416116,3.1488895,bound_replica_02_seed20260932,True
8540.0,1.3654356002807617,5.283798694610596,4.0855346,2.4738226,3.290954,bound_replica_02_seed20260932,True
8550.0,1.2207447290420532,5.3029255867004395,4.024638,2.338253,3.6402178,bound_replica_02_seed20260932,True
8560.0,1.4103041887283325,5.370268821716309,4.1321893,2.6130571,3.6344407,bound_replica_02_seed20260932,True
8570.0,1.2104675769805908,5.334841728210449,4.248458,2.681769,3.1436644,bound_replica_02_seed20260932,True
8580.0,1.3793658018112183,5.363974094390869,4.2676835,2.602456,2.6536682,bound_replica_02_seed20260932,True
8590.0,1.1570870876312256,5.311652183532715,4.2976613,2.4330683,2.663226,bound_replica_02_seed20260932,True
8600.0,1.2414436340332031,5.446468353271484,4.4140644,2.6429462,3.2479339,bound_replica_02_seed20260932,True
8610.0,1.3824023008346558,5.322674751281738,4.41342,2.5591493,3.0826688,bound_replica_02_seed20260932,True
8620.0,1.269095540046692,5.371333122253418,4.3904295,2.2496834,3.6829295,bound_replica_02_seed20260932,True
8630.0,1.2844798564910889,5.387908935546875,4.2861843,2.2708788,3.555999,bound_replica_02_seed20260932,True
8640.0,1.118477463722229,5.3008599281311035,4.38317,2.2207284,3.4870882,bound_replica_02_seed20260932,True
8650.0,1.1527326107025146,5.410268783569336,4.440083,2.3995333,3.324571,bound_replica_02_seed20260932,True
8660.0,1.2394447326660156,5.389652729034424,4.364509,2.4001846,3.282938,bound_replica_02_seed20260932,True
8670.0,1.1162526607513428,5.3011603355407715,4.3051796,2.6327257,2.6327057,bound_replica_02_seed20260932,True
8680.0,1.303504228591919,5.315932273864746,4.527529,2.6261296,2.8111959,bound_replica_02_seed20260932,True
8690.0,1.403555154800415,5.358141899108887,4.4870305,2.7302437,2.8659537,bound_replica_02_seed20260932,True
8700.0,1.1757774353027344,5.391444683074951,4.4514313,2.5255432,2.604197,bound_replica_02_seed20260932,True
8710.0,1.1789958477020264,5.348676681518555,4.3243437,2.5108118,2.8998146,bound_replica_02_seed20260932,True
8720.0,1.2706375122070312,5.342218399047852,4.2912126,2.467479,3.009441,bound_replica_02_seed20260932,True
8730.0,1.2619036436080933,5.354218482971191,4.3910284,2.3087125,3.3770585,bound_replica_02_seed20260932,True
8740.0,1.3473070859909058,5.418203353881836,4.245778,2.1430469,3.5570202,bound_replica_02_seed20260932,True
8750.0,1.3597733974456787,5.36557674407959,4.253371,2.5223825,3.2949579,bound_replica_02_seed20260932,True
8760.0,1.1498969793319702,5.327692985534668,4.295653,2.2911353,3.1941793,bound_replica_02_seed20260932,True
8770.0,1.3052712678909302,5.388123989105225,4.3744226,2.2920477,3.1781123,bound_replica_02_seed20260932,True
8780.0,1.3213266134262085,5.45299768447876,4.310627,2.350852,3.3572097,bound_replica_02_seed20260932,True
8790.0,1.2037467956542969,5.285356044769287,4.16984,2.393761,3.1642814,bound_replica_02_seed20260932,True
8800.0,1.2873868942260742,5.368219375610352,4.1754365,2.2649958,3.460266,bound_replica_02_seed20260932,True
8810.0,1.3910400867462158,5.372725009918213,4.097427,2.3605318,3.1809833,bound_replica_02_seed20260932,True
8820.0,1.5060482025146484,5.381115913391113,4.1291018,2.4687347,3.5833917,bound_replica_02_seed20260932,True
8830.0,1.3009495735168457,5.287970542907715,4.2796106,2.2009017,3.5406325,bound_replica_02_seed20260932,True
8840.0,1.305227279663086,5.353302955627441,4.1195292,2.4213033,3.9582157,bound_replica_02_seed20260932,True
8850.0,1.3696848154067993,5.372541427612305,4.0853534,2.6229203,3.334443,bound_replica_02_seed20260932,True
8860.0,1.353615641593933,5.316744804382324,4.1978555,2.4428515,3.340546,bound_replica_02_seed20260932,True
8870.0,1.3006601333618164,5.403887748718262,4.2412815,2.5678804,3.0600712,bound_replica_02_seed20260932,True
8880.0,1.4752106666564941,5.429286956787109,4.294832,2.5590963,3.5415359,bound_replica_02_seed20260932,True
8890.0,1.3103125095367432,5.3504414558410645,4.289175,2.6574395,3.221416,bound_replica_02_seed20260932,True
8900.0,1.3782176971435547,5.4354143142700195,4.2989864,2.652681,2.8253076,bound_replica_02_seed20260932,True
8910.0,1.2126190662384033,5.322663307189941,4.378991,2.7984743,2.4143274,bound_replica_02_seed20260932,True
8920.0,1.36199951171875,5.3151655197143555,4.452587,2.8185616,3.1869652,bound_replica_02_seed20260932,True
8930.0,1.1519105434417725,5.312418460845947,4.281883,2.9835103,2.6372216,bound_replica_02_seed20260932,True
8940.0,1.1421133279800415,5.3921799659729,4.341648,2.316816,3.342248,bound_replica_02_seed20260932,True
8950.0,1.169270634651184,5.38463020324707,4.518008,2.4691544,3.3743894,bound_replica_02_seed20260932,True
8960.0,1.293097972869873,5.3380126953125,4.4220486,2.3663685,3.380797,bound_replica_02_seed20260932,True
8970.0,1.2046101093292236,5.476229190826416,4.543657,2.5193396,3.3765717,bound_replica_02_seed20260932,True
8980.0,1.2412540912628174,5.367938041687012,4.3587418,2.2550986,3.4941063,bound_replica_02_seed20260932,True
8990.0,1.2252000570297241,5.430782318115234,4.311955,2.4869685,3.4170463,bound_replica_02_seed20260932,True
9000.0,1.2451432943344116,5.354515075683594,4.2697477,2.8017437,2.8382096,bound_replica_02_seed20260932,True
9010.0,1.3069723844528198,5.45682430267334,4.181676,2.5038097,3.2265768,bound_replica_02_seed20260932,True
9020.0,1.213491678237915,5.382909297943115,4.2785077,2.487438,3.0930903,bound_replica_02_seed20260932,True
9030.0,1.3213555812835693,5.422578811645508,4.4084744,2.4514456,3.523992,bound_replica_02_seed20260932,True
9040.0,1.3540759086608887,5.325495719909668,4.3299594,2.6024606,3.1801822,bound_replica_02_seed20260932,True
9050.0,1.2038154602050781,5.414843559265137,4.1957755,2.8254306,3.4067252,bound_replica_02_seed20260932,True
9060.0,1.307427167892456,5.4104084968566895,4.0228643,2.7041748,3.374933,bound_replica_02_seed20260932,True
9070.0,1.3251560926437378,5.365772724151611,3.9614105,2.6183236,3.4978027,bound_replica_02_seed20260932,True
9080.0,1.4751460552215576,5.369686126708984,4.031787,2.578876,3.5273414,bound_replica_02_seed20260932,True
9090.0,1.2546402215957642,5.402918815612793,3.937483,2.383378,3.8410563,bound_replica_02_seed20260932,True
9100.0,1.3210017681121826,5.358148574829102,4.1215816,2.3864837,3.4773417,bound_replica_02_seed20260932,True
9110.0,1.1694445610046387,5.415711879730225,4.1584163,2.590598,3.1184852,bound_replica_02_seed20260932,True
9120.0,1.1101473569869995,5.347114562988281,4.170762,2.0071454,3.5206196,bound_replica_02_seed20260932,True
9130.0,1.2821537256240845,5.379331111907959,4.193206,2.1947577,3.1367297,bound_replica_02_seed20260932,True
9140.0,1.066070556640625,5.37416934967041,4.20672,2.1153882,3.179182,bound_replica_02_seed20260932,True
9150.0,1.3758838176727295,5.330108642578125,4.2995605,2.4521258,3.1986773,bound_replica_02_seed20260932,True
9160.0,1.2144579887390137,5.348040580749512,4.340865,2.6347442,3.0563402,bound_replica_02_seed20260932,True
9170.0,1.2070565223693848,5.389430046081543,4.227373,2.6304812,3.4687276,bound_replica_02_seed20260932,True
9180.0,1.1438350677490234,5.426018238067627,4.140951,2.708784,3.5301623,bound_replica_02_seed20260932,True
9190.0,1.2106828689575195,5.309515476226807,4.0999374,2.60571,3.28997,bound_replica_02_seed20260932,True
9200.0,1.2639449834823608,5.4067487716674805,4.198511,2.7296324,3.1993055,bound_replica_02_seed20260932,True
9210.0,1.4051475524902344,5.31101131439209,4.294205,2.6482036,2.9621239,bound_replica_02_seed20260932,True
9220.0,1.2589755058288574,5.408745288848877,4.373452,2.4278514,3.1253102,bound_replica_02_seed20260932,True
9230.0,1.2968097925186157,5.31170654296875,4.2812653,2.633678,3.168302,bound_replica_02_seed20260932,True
9240.0,1.3146673440933228,5.331376075744629,4.135743,2.477407,3.5801687,bound_replica_02_seed20260932,True
9250.0,1.294886589050293,5.278758525848389,4.217065,2.4466896,3.2607708,bound_replica_02_seed20260932,True
9260.0,1.2743399143218994,5.346133708953857,4.1787577,2.8756475,3.3489635,bound_replica_02_seed20260932,True
9270.0,1.2055253982543945,5.329938888549805,4.2292476,2.7246413,3.3072758,bound_replica_02_seed20260932,True
9280.0,1.262155532836914,5.367297649383545,4.1821012,2.8334239,3.1389692,bound_replica_02_seed20260932,True
9290.0,1.285726547241211,5.25961971282959,4.2953935,2.8113964,3.4001124,bound_replica_02_seed20260932,True
9300.0,1.2695887088775635,5.298311233520508,4.303884,2.7192616,3.2790697,bound_replica_02_seed20260932,True
9310.0,1.242871642112732,5.316779613494873,4.397927,2.1329985,3.2598927,bound_replica_02_seed20260932,True
9320.0,1.352176547050476,5.287227630615234,4.4848156,2.5807462,3.2525458,bound_replica_02_seed20260932,True
9330.0,1.1696538925170898,5.308599472045898,4.532732,2.5363696,3.243843,bound_replica_02_seed20260932,True
9340.0,1.2519336938858032,5.40505838394165,4.5262327,2.4531837,3.2843935,bound_replica_02_seed20260932,True
9350.0,1.2426568269729614,5.2816619873046875,4.79243,2.9108546,2.8499725,bound_replica_02_seed20260932,True
9360.0,1.1564769744873047,5.401507377624512,4.526514,2.935361,3.5742865,bound_replica_02_seed20260932,True
9370.0,1.2913181781768799,5.259172439575195,4.7502937,3.3318973,3.0047808,bound_replica_02_seed20260932,True
9380.0,1.1997313499450684,5.395058631896973,4.9820795,2.8549507,3.8664296,bound_replica_02_seed20260932,True
9390.0,1.5032508373260498,5.356444358825684,5.1200204,2.6675782,3.5508025,bound_replica_02_seed20260932,True
9400.0,1.3981974124908447,5.346404075622559,4.854036,3.0889444,3.5341847,bound_replica_02_seed20260932,True
9410.0,1.3853425979614258,5.336222171783447,5.0317965,2.721095,3.2313075,bound_replica_02_seed20260932,True
9420.0,1.4356375932693481,5.296814441680908,4.952126,2.9268386,3.4518929,bound_replica_02_seed20260932,True
9430.0,1.2813949584960938,5.338176727294922,4.790681,2.448971,3.8673916,bound_replica_02_seed20260932,True
9440.0,1.126190185546875,5.339412689208984,4.743587,2.7044134,3.748776,bound_replica_02_seed20260932,True
9450.0,1.0672328472137451,5.289342880249023,4.7326427,2.7077098,3.530209,bound_replica_02_seed20260932,True
9460.0,1.2010104656219482,5.284808158874512,4.7978396,2.7125192,3.4843395,bound_replica_02_seed20260932,True
9470.0,1.348462700843811,5.2541823387146,4.96126,2.9465814,3.879591,bound_replica_02_seed20260932,True
9480.0,1.0735467672348022,5.251308441162109,4.899223,3.6181571,3.7254705,bound_replica_02_seed20260932,True
9490.0,1.1846364736557007,5.36057710647583,4.8315573,2.9095554,3.5572705,bound_replica_02_seed20260932,True
9500.0,1.191230058670044,5.375492572784424,4.777079,3.0038457,3.427529,bound_replica_02_seed20260932,True
9510.0,1.2309374809265137,5.172883987426758,4.7932663,3.2586644,3.2600732,bound_replica_02_seed20260932,True
9520.0,1.1349291801452637,5.337824821472168,4.8216987,2.896247,3.496462,bound_replica_02_seed20260932,True
9530.0,1.0249440670013428,5.35391092300415,4.9305067,2.9915752,3.3773546,bound_replica_02_seed20260932,True
9540.0,1.1240739822387695,5.27805233001709,4.9365597,3.2615497,3.4875917,bound_replica_02_seed20260932,True
9550.0,1.0809184312820435,5.321609973907471,5.0225554,3.0354295,3.749149,bound_replica_02_seed20260932,True
9560.0,1.3925589323043823,5.245577812194824,4.8219705,2.8097284,3.5262146,bound_replica_02_seed20260932,True
9570.0,1.2944433689117432,5.254356384277344,4.8562007,3.2078867,3.35328,bound_replica_02_seed20260932,True
9580.0,1.083280324935913,5.239648342132568,5.074439,3.2369075,3.5404482,bound_replica_02_seed20260932,True
9590.0,1.2760275602340698,5.3422698974609375,4.970447,3.097816,3.7759743,bound_replica_02_seed20260932,True
9600.0,1.2015131711959839,5.351452350616455,5.0204415,2.8976212,3.623595,bound_replica_02_seed20260932,True
9610.0,1.197336196899414,5.321192264556885,4.956607,3.0781598,3.5089197,bound_replica_02_seed20260932,True
9620.0,1.24235999584198,5.386621475219727,4.939769,3.0022945,3.542136,bound_replica_02_seed20260932,True
9630.0,1.0984598398208618,5.317272663116455,5.020793,3.345316,3.5238874,bound_replica_02_seed20260932,True
9640.0,1.2173521518707275,5.336062431335449,4.859007,3.3474717,3.2492337,bound_replica_02_seed20260932,True
9650.0,1.3736350536346436,5.26055383682251,4.7257423,3.0755568,3.342712,bound_replica_02_seed20260932,True
9660.0,1.1580318212509155,5.345478057861328,4.794732,3.2803323,3.7516832,bound_replica_02_seed20260932,True
9670.0,1.3195452690124512,5.289757251739502,4.8455496,3.3107924,3.6379285,bound_replica_02_seed20260932,True
9680.0,1.0605366230010986,5.373434066772461,4.912147,3.5246935,3.3871028,bound_replica_02_seed20260932,True
9690.0,1.076831579208374,5.35635232925415,4.8914075,3.362267,3.0967164,bound_replica_02_seed20260932,True
9700.0,1.096061110496521,5.285962104797363,5.0066376,3.4698625,3.5475051,bound_replica_02_seed20260932,True
9710.0,1.0749701261520386,5.268110752105713,4.9687533,3.3484662,3.5809255,bound_replica_02_seed20260932,True
9720.0,1.2270731925964355,5.177713394165039,4.8972697,3.7844312,3.6658154,bound_replica_02_seed20260932,True
9730.0,1.1507357358932495,5.2323455810546875,4.812612,3.1803164,4.0042872,bound_replica_02_seed20260932,True
9740.0,1.2948765754699707,5.207735061645508,4.78086,3.0729172,3.2704706,bound_replica_02_seed20260932,True
9750.0,1.3828070163726807,5.152412414550781,4.957883,3.1554759,3.0293381,bound_replica_02_seed20260932,True
9760.0,1.2368309497833252,5.219153881072998,5.088292,2.8127658,3.548359,bound_replica_02_seed20260932,True
9770.0,1.2496134042739868,5.339576721191406,5.1156454,2.7784462,3.4170806,bound_replica_02_seed20260932,True
9780.0,1.4732344150543213,5.285259246826172,5.1926327,3.077749,3.2915254,bound_replica_02_seed20260932,True
9790.0,1.280027151107788,5.296201705932617,5.2426047,2.8032827,3.4261754,bound_replica_02_seed20260932,True
9800.0,1.2183101177215576,5.310451984405518,5.074093,2.5681705,3.4733257,bound_replica_02_seed20260932,True
9810.0,1.1906989812850952,5.31224250793457,5.210045,2.6640573,3.6400905,bound_replica_02_seed20260932,True
9820.0,1.1226675510406494,5.332780838012695,5.2700596,3.1436608,3.4979682,bound_replica_02_seed20260932,True
9830.0,1.040644884109497,5.334068298339844,5.3246937,3.008343,3.9216957,bound_replica_02_seed20260932,True
9840.0,1.072909951210022,5.385675430297852,5.2708054,2.6201925,4.0808654,bound_replica_02_seed20260932,True
9850.0,1.2302310466766357,5.293316841125488,5.272121,2.9327261,3.4784288,bound_replica_02_seed20260932,True
9860.0,1.1418099403381348,5.299921989440918,5.1982584,2.5333068,3.9621959,bound_replica_02_seed20260932,True
9870.0,1.1850067377090454,5.264675617218018,5.0455685,3.03764,3.240628,bound_replica_02_seed20260932,True
9880.0,1.306811809539795,5.380706787109375,5.4007034,2.9671037,3.5752525,bound_replica_02_seed20260932,True
9890.0,1.1829231977462769,5.342979907989502,5.4431205,2.9053426,3.4487286,bound_replica_02_seed20260932,True
9900.0,1.0779321193695068,5.4142231941223145,5.424204,2.8859239,3.4934826,bound_replica_02_seed20260932,True
9910.0,1.287782073020935,5.35078763961792,5.432789,3.537915,2.4206975,bound_replica_02_seed20260932,True
9920.0,1.3118762969970703,5.298330783843994,5.605776,3.1538415,3.1863108,bound_replica_02_seed20260932,True
9930.0,1.1187673807144165,5.40432071685791,5.614828,2.8409677,3.5613537,bound_replica_02_seed20260932,True
9940.0,1.1805694103240967,5.413276672363281,5.5646305,2.6378012,3.6813545,bound_replica_02_seed20260932,True
9950.0,1.3301818370819092,5.373988151550293,5.537176,3.589655,3.2463546,bound_replica_02_seed20260932,True
9960.0,1.329380989074707,5.3729047775268555,5.578575,4.076981,2.739538,bound_replica_02_seed20260932,True
9970.0,1.379854440689087,5.317474365234375,5.6246734,3.3693128,3.366264,bound_replica_02_seed20260932,True
9980.0,0.9654807448387146,5.232915878295898,5.568295,4.3930655,2.2117605,bound_replica_02_seed20260932,True
9990.0,1.3014442920684814,5.27728271484375,5.630227,3.8779955,2.7914019,bound_replica_02_seed20260932,True
10000.0,1.0951238870620728,5.437792778015137,5.598722,3.4273343,3.4871233,bound_replica_02_seed20260932,True
2010.0,1.2053989171981812,5.163207530975342,3.5732725,3.5589762,3.4524941,bound_replica_03_seed20260933,True
2020.0,1.4929646253585815,5.060176849365234,3.484745,3.976009,3.4154315,bound_replica_03_seed20260933,True
2030.0,1.2495090961456299,5.22495174407959,3.475081,3.821163,3.4837513,bound_replica_03_seed20260933,True
2040.0,1.143527865409851,5.208661079406738,3.3981247,3.7214332,3.5641387,bound_replica_03_seed20260933,True
2050.0,0.9987072944641113,5.223302841186523,3.4859238,3.6065361,4.023518,bound_replica_03_seed20260933,True
2060.0,1.3511980772018433,5.152270317077637,3.5790796,3.791213,3.7813425,bound_replica_03_seed20260933,True
2070.0,1.1174850463867188,5.246922969818115,3.6985984,3.7316763,4.0133247,bound_replica_03_seed20260933,True
2080.0,1.2938231229782104,5.2367024421691895,3.8286626,3.353363,3.5100126,bound_replica_03_seed20260933,True
2090.0,1.1882990598678589,5.279419898986816,4.0700006,3.5774593,3.8168807,bound_replica_03_seed20260933,True
2100.0,1.0827460289001465,5.359462738037109,3.9682827,3.142796,3.7069864,bound_replica_03_seed20260933,True
2110.0,1.0463963747024536,5.254644393920898,3.974596,3.5152912,3.6612868,bound_replica_03_seed20260933,True
2120.0,0.9351812601089478,5.257696151733398,3.7924263,3.7445655,4.175495,bound_replica_03_seed20260933,True
2130.0,1.1487892866134644,5.176599025726318,3.6759183,3.5017343,3.226841,bound_replica_03_seed20260933,True
2140.0,1.0571260452270508,5.322810173034668,3.5703616,3.1640682,3.2197058,bound_replica_03_seed20260933,True
2150.0,1.253668189048767,5.212892532348633,3.4357536,3.402903,3.6325774,bound_replica_03_seed20260933,True
2160.0,1.1581910848617554,5.292434215545654,3.4561696,2.6884336,2.8063874,bound_replica_03_seed20260933,True
2170.0,1.126336932182312,5.255674839019775,3.633022,2.9137764,3.2608345,bound_replica_03_seed20260933,True
2180.0,1.100934386253357,5.257307052612305,3.73773,2.9635575,3.350185,bound_replica_03_seed20260933,True
2190.0,1.2134249210357666,5.250557899475098,3.5607,3.211645,3.622414,bound_replica_03_seed20260933,True
2200.0,1.0754609107971191,5.29585075378418,3.5229683,2.9668517,3.6620193,bound_replica_03_seed20260933,True
2210.0,1.3684320449829102,5.247921466827393,3.6995087,3.2248378,3.1204157,bound_replica_03_seed20260933,True
2220.0,1.24264395236969,5.135401725769043,3.7314665,3.0599964,3.1829526,bound_replica_03_seed20260933,True
2230.0,1.2602941989898682,5.171224594116211,3.564664,3.117124,3.263877,bound_replica_03_seed20260933,True
2240.0,1.3066329956054688,5.240471839904785,3.5776675,3.5296772,3.537137,bound_replica_03_seed20260933,True
2250.0,1.1458370685577393,5.177631378173828,3.3839965,3.7329838,3.6972017,bound_replica_03_seed20260933,True
2260.0,1.4397106170654297,4.930774688720703,3.3935013,3.6604571,2.8383193,bound_replica_03_seed20260933,True
2270.0,0.9859009981155396,5.167288780212402,3.4829836,3.1804225,3.4133625,bound_replica_03_seed20260933,True
2280.0,1.4115703105926514,4.994197368621826,3.4488642,3.57977,2.480336,bound_replica_03_seed20260933,True
2290.0,1.195682406425476,4.973448276519775,3.3131337,3.2366264,3.4531746,bound_replica_03_seed20260933,True
2300.0,1.0798532962799072,5.090062618255615,3.3943024,3.4892585,3.5556011,bound_replica_03_seed20260933,True
2310.0,1.245153546333313,5.000897407531738,3.2885313,3.2278242,2.961732,bound_replica_03_seed20260933,True
2320.0,1.3213591575622559,4.979456901550293,3.3842444,3.8586664,3.299437,bound_replica_03_seed20260933,True
2330.0,1.0723261833190918,5.0824456214904785,3.354962,3.1741025,2.013741,bound_replica_03_seed20260933,True
2340.0,1.1132655143737793,5.058551788330078,3.2521405,3.2995267,2.0022526,bound_replica_03_seed20260933,True
2350.0,0.9887247681617737,5.127818584442139,3.5504832,3.6060622,1.4727391,bound_replica_03_seed20260933,True
2360.0,0.9856962561607361,5.13596248626709,3.507428,3.0522559,2.0315619,bound_replica_03_seed20260933,True
2370.0,1.4374067783355713,5.061669826507568,3.5986109,2.8855755,2.6109571,bound_replica_03_seed20260933,True
2380.0,1.5549315214157104,4.742969989776611,3.5676515,2.9779954,2.5704873,bound_replica_03_seed20260933,True
2390.0,1.3203531503677368,4.949078559875488,3.4888947,2.8277435,3.3195255,bound_replica_03_seed20260933,True
2400.0,1.4042264223098755,4.903049468994141,3.5020986,3.0638769,3.435221,bound_replica_03_seed20260933,True
2410.0,1.0299763679504395,5.086703300476074,3.600863,3.0384972,3.4928055,bound_replica_03_seed20260933,True
2420.0,1.005965232849121,5.042588710784912,3.5473542,3.2189593,3.6089344,bound_replica_03_seed20260933,True
2430.0,0.7824128866195679,5.188429832458496,3.54678,3.8538382,3.4076264,bound_replica_03_seed20260933,True
2440.0,0.895085871219635,5.202301025390625,3.5484698,3.5733852,3.493693,bound_replica_03_seed20260933,True
2450.0,0.9508696794509888,5.247851371765137,3.631334,3.293458,3.0337226,bound_replica_03_seed20260933,True
2460.0,0.8455287218093872,5.224499702453613,3.7488904,3.6082067,3.0072305,bound_replica_03_seed20260933,True
2470.0,0.851423978805542,5.175352573394775,3.6758451,4.2182393,2.8326533,bound_replica_03_seed20260933,True
2480.0,0.8340132832527161,5.300555229187012,3.656581,4.0649943,3.4072938,bound_replica_03_seed20260933,True
2490.0,0.7665196657180786,5.264277458190918,3.600705,4.240502,3.3611646,bound_replica_03_seed20260933,True
2500.0,0.7870269417762756,5.255285263061523,3.4983697,3.5346646,3.2618296,bound_replica_03_seed20260933,True
2510.0,0.6934143304824829,5.266392707824707,3.5352504,3.784933,3.0773447,bound_replica_03_seed20260933,True
2520.0,0.6456449627876282,5.189370155334473,3.5772922,3.314059,3.6169333,bound_replica_03_seed20260933,True
2530.0,0.6030856370925903,5.204328536987305,3.559609,3.9922404,3.5152462,bound_replica_03_seed20260933,True
2540.0,0.5980731248855591,5.2854766845703125,3.5565066,4.0515766,2.9510522,bound_replica_03_seed20260933,True
2550.0,0.7080492973327637,5.251586437225342,3.452155,3.3342109,3.619794,bound_replica_03_seed20260933,True
2560.0,0.6658051013946533,5.121682167053223,3.7262192,2.274631,3.581724,bound_replica_03_seed20260933,True
2570.0,0.7369780540466309,5.132741451263428,3.82926,2.3540866,3.4375932,bound_replica_03_seed20260933,True
2580.0,0.7271511554718018,5.15608549118042,3.8340642,2.7933083,3.2325287,bound_replica_03_seed20260933,True
2590.0,0.8612207174301147,5.136347770690918,3.7857175,2.8226395,2.9370668,bound_replica_03_seed20260933,True
2600.0,0.8072043657302856,4.995635986328125,3.848483,2.765736,2.7692556,bound_replica_03_seed20260933,True
2610.0,0.7370815277099609,5.077256202697754,3.9080884,2.7615979,2.837007,bound_replica_03_seed20260933,True
2620.0,0.6045072078704834,5.165806293487549,4.036108,1.9011416,3.2982051,bound_replica_03_seed20260933,True
2630.0,0.639237105846405,5.2078351974487305,3.9052105,1.8238709,3.30966,bound_replica_03_seed20260933,True
2640.0,0.5094687342643738,5.20932149887085,3.8103528,1.9446932,3.329534,bound_replica_03_seed20260933,True
2650.0,0.4199294447898865,5.254546165466309,3.7631738,1.6498549,3.673541,bound_replica_03_seed20260933,True
2660.0,0.5923209190368652,5.20582914352417,3.802614,2.0536275,3.214977,bound_replica_03_seed20260933,True
2670.0,0.6194183230400085,5.120364189147949,3.732493,2.1717331,2.956779,bound_replica_03_seed20260933,True
2680.0,0.8770923614501953,5.233617305755615,3.7762585,2.7327893,2.652563,bound_replica_03_seed20260933,True
2690.0,1.0555280447006226,5.087666988372803,3.8349125,2.558374,3.3804278,bound_replica_03_seed20260933,True
2700.0,0.8102056384086609,5.227660179138184,3.9577625,2.163208,3.3794203,bound_replica_03_seed20260933,True
2710.0,0.7886530160903931,5.226808547973633,4.060426,2.6869142,3.3790624,bound_replica_03_seed20260933,True
2720.0,0.9891442060470581,5.214561939239502,3.9670067,2.8957367,3.485397,bound_replica_03_seed20260933,True
2730.0,0.7423737645149231,5.113434314727783,3.9937048,2.3877385,3.3024797,bound_replica_03_seed20260933,True
2740.0,0.8338456153869629,5.2054290771484375,3.9920666,2.3429673,3.6968513,bound_replica_03_seed20260933,True
2750.0,0.9606384038925171,5.1358771324157715,3.898401,2.544804,3.028743,bound_replica_03_seed20260933,True
2760.0,0.9725732207298279,5.125845909118652,3.9340713,3.1360087,2.4194303,bound_replica_03_seed20260933,True
2770.0,0.9631352424621582,5.169861316680908,4.0028305,2.8268394,2.4365683,bound_replica_03_seed20260933,True
2780.0,0.9807949066162109,5.264729976654053,3.9148185,3.552861,2.0335338,bound_replica_03_seed20260933,True
2790.0,0.6671668291091919,5.200337886810303,3.820794,3.0169082,2.8325632,bound_replica_03_seed20260933,True
2800.0,0.7583224177360535,5.259399890899658,3.8193038,3.1991029,2.479436,bound_replica_03_seed20260933,True
2810.0,0.7086977958679199,5.147753715515137,3.9006436,3.1949615,2.2639372,bound_replica_03_seed20260933,True
2820.0,0.829628050327301,5.176448345184326,3.862797,3.3893766,2.1198363,bound_replica_03_seed20260933,True
2830.0,1.4125406742095947,5.150093078613281,3.913136,3.3673978,1.2422769,bound_replica_03_seed20260933,True
2840.0,1.5693352222442627,5.15234375,3.9240692,3.462263,1.9817281,bound_replica_03_seed20260933,True
2850.0,1.5075470209121704,5.117039203643799,4.0048995,3.2734454,2.0594845,bound_replica_03_seed20260933,True
2860.0,1.2459051609039307,5.2043633460998535,3.9958825,3.2746527,1.6485553,bound_replica_03_seed20260933,True
2870.0,1.252345085144043,5.191223621368408,3.8463707,3.2098067,1.0904303,bound_replica_03_seed20260933,True
2880.0,1.045265555381775,5.275146484375,3.875905,3.4037237,0.49779588,bound_replica_03_seed20260933,True
2890.0,1.485893726348877,5.267841339111328,3.9525785,3.280035,1.33999,bound_replica_03_seed20260933,True
2900.0,1.454538345336914,5.160694599151611,3.9003263,3.1946564,1.179458,bound_replica_03_seed20260933,True
2910.0,1.4096300601959229,5.236510753631592,3.8383026,3.3558571,1.2789629,bound_replica_03_seed20260933,True
2920.0,1.3474239110946655,5.28517484664917,3.6485827,3.3297396,1.2109039,bound_replica_03_seed20260933,True
2930.0,2.1484477519989014,5.189661502838135,3.6207879,3.4041748,1.6562445,bound_replica_03_seed20260933,True
2940.0,1.5036895275115967,5.145421504974365,3.5311308,3.359356,2.229589,bound_replica_03_seed20260933,True
2950.0,1.7871227264404297,5.297971248626709,3.4099317,3.5492435,1.6642119,bound_replica_03_seed20260933,True
2960.0,1.4954135417938232,5.309335708618164,3.4132285,3.3742049,1.3949864,bound_replica_03_seed20260933,True
2970.0,1.3301076889038086,5.200822830200195,3.4554853,3.0894353,1.554134,bound_replica_03_seed20260933,True
2980.0,1.3109104633331299,5.207056522369385,3.4363751,3.540649,1.1318176,bound_replica_03_seed20260933,True
2990.0,1.0843993425369263,5.167430877685547,3.4380424,3.2434666,1.488908,bound_replica_03_seed20260933,True
3000.0,1.2335057258605957,5.2935099601745605,3.4879704,3.2655075,1.8185468,bound_replica_03_seed20260933,True
3010.0,1.4726895093917847,4.987954616546631,3.5339594,3.4230943,1.8676769,bound_replica_03_seed20260933,True
3020.0,1.374370813369751,5.004245758056641,3.4444115,3.3748379,1.5451651,bound_replica_03_seed20260933,True
3030.0,1.2309517860412598,5.159194469451904,3.4948566,3.1414018,2.0600142,bound_replica_03_seed20260933,True
3040.0,1.1339863538742065,5.191058158874512,3.5051703,3.4594657,2.3046174,bound_replica_03_seed20260933,True
3050.0,1.1942338943481445,5.206208229064941,3.5191684,3.3210955,3.2185583,bound_replica_03_seed20260933,True
3060.0,1.077889323234558,5.2173991203308105,3.4678593,2.832304,2.2567844,bound_replica_03_seed20260933,True
3070.0,1.2504626512527466,5.069980621337891,3.3350108,2.8494325,3.3997102,bound_replica_03_seed20260933,True
3080.0,1.1225428581237793,5.311812877655029,3.2622125,2.5956726,1.9236852,bound_replica_03_seed20260933,True
3090.0,1.3193933963775635,5.163145542144775,3.0577698,3.3391378,1.1448255,bound_replica_03_seed20260933,True
3100.0,1.517297625541687,5.129294395446777,3.0239127,3.2741716,1.3542212,bound_replica_03_seed20260933,True
3110.0,1.6009033918380737,5.279994964599609,2.9898372,3.4045749,0.9418733,bound_replica_03_seed20260933,True
3120.0,1.3791825771331787,5.194574356079102,3.0143628,3.328142,1.767695,bound_replica_03_seed20260933,True
3130.0,1.0862005949020386,5.015588760375977,3.105877,3.147276,1.7011887,bound_replica_03_seed20260933,True
3140.0,1.0694451332092285,5.2246785163879395,3.2040203,2.6214435,1.7691517,bound_replica_03_seed20260933,True
3150.0,1.4080629348754883,5.138456344604492,3.236044,3.1707244,1.4074945,bound_replica_03_seed20260933,True
3160.0,0.8420324921607971,5.13680362701416,3.1496022,2.9391525,1.2309014,bound_replica_03_seed20260933,True
3170.0,1.035349726676941,5.206884860992432,3.0924728,2.9945252,1.7458116,bound_replica_03_seed20260933,True
3180.0,1.4150545597076416,5.150454521179199,3.0712428,3.3537984,2.3786442,bound_replica_03_seed20260933,True
3190.0,1.2896640300750732,5.231704235076904,3.1189976,3.1968608,2.0678694,bound_replica_03_seed20260933,True
3200.0,1.4667272567749023,5.213592529296875,3.1697702,3.23648,2.4368353,bound_replica_03_seed20260933,True
3210.0,1.4307324886322021,5.17065954208374,3.0055985,3.08987,2.4072635,bound_replica_03_seed20260933,True
3220.0,1.3515369892120361,5.214885711669922,3.2291193,3.158216,2.3631568,bound_replica_03_seed20260933,True
3230.0,1.4447261095046997,5.1106719970703125,3.2734327,3.2086782,2.1047518,bound_replica_03_seed20260933,True
3240.0,1.294514536857605,5.2483229637146,3.2746248,3.428989,2.0326662,bound_replica_03_seed20260933,True
3250.0,1.105156421661377,5.285982608795166,3.2705534,3.2916255,1.5065902,bound_replica_03_seed20260933,True
3260.0,1.2095216512680054,5.259254455566406,3.3028057,3.7401314,1.8691576,bound_replica_03_seed20260933,True
3270.0,1.3091754913330078,5.114866256713867,3.511435,3.175188,2.0744987,bound_replica_03_seed20260933,True
3280.0,1.113419771194458,5.240101337432861,3.5544162,2.5801756,2.2707825,bound_replica_03_seed20260933,True
3290.0,1.2733640670776367,5.249526023864746,3.7866461,2.9349158,2.1011565,bound_replica_03_seed20260933,True
3300.0,0.9978347420692444,5.167733192443848,3.7276661,2.7867146,1.8592478,bound_replica_03_seed20260933,True
3310.0,1.4412543773651123,5.224907875061035,3.7497022,3.0203497,2.2602687,bound_replica_03_seed20260933,True
3320.0,1.2786157131195068,5.22421407699585,3.817836,2.8085914,2.2390125,bound_replica_03_seed20260933,True
3330.0,1.0874568223953247,5.287668704986572,3.843925,2.8774228,2.0693262,bound_replica_03_seed20260933,True
3340.0,1.1557965278625488,5.196700572967529,3.777607,3.1115232,2.215845,bound_replica_03_seed20260933,True
3350.0,1.2553824186325073,5.147980690002441,3.733636,2.7658308,2.6071486,bound_replica_03_seed20260933,True
3360.0,1.3637442588806152,5.304862976074219,3.7486448,3.5461986,1.932541,bound_replica_03_seed20260933,True
3370.0,1.3865811824798584,5.170865535736084,3.7592623,3.1472197,2.6000981,bound_replica_03_seed20260933,True
3380.0,0.9885365962982178,5.2509918212890625,3.7233524,3.0422006,2.3895872,bound_replica_03_seed20260933,True
3390.0,0.9357520937919617,5.30210542678833,3.662078,3.6886306,2.214191,bound_replica_03_seed20260933,True
3400.0,1.1645904779434204,5.256979465484619,3.5837386,3.604814,2.3727317,bound_replica_03_seed20260933,True
3410.0,1.212894320487976,5.3655290603637695,3.5394664,3.1493201,2.044432,bound_replica_03_seed20260933,True
3420.0,1.0972437858581543,5.234567642211914,3.6438324,3.073583,2.3200393,bound_replica_03_seed20260933,True
3430.0,1.152113437652588,5.128313064575195,3.830562,3.2729425,1.91186,bound_replica_03_seed20260933,True
3440.0,1.0760917663574219,5.17262077331543,3.9663193,3.2372758,1.8117679,bound_replica_03_seed20260933,True
3450.0,1.3756006956100464,5.12482213973999,3.9693463,3.385763,1.931689,bound_replica_03_seed20260933,True
3460.0,1.1200056076049805,5.159978866577148,4.0283337,3.4189281,2.1187172,bound_replica_03_seed20260933,True
3470.0,1.1669601202011108,5.15383768081665,3.9986348,3.5426805,2.721038,bound_replica_03_seed20260933,True
3480.0,1.216795802116394,5.312917709350586,4.1427956,3.8343425,2.8005636,bound_replica_03_seed20260933,True
3490.0,1.097741961479187,5.250665664672852,4.1655545,3.5302186,2.4543903,bound_replica_03_seed20260933,True
3500.0,1.003498911857605,5.223989486694336,3.9798422,3.4548917,2.757033,bound_replica_03_seed20260933,True
3510.0,0.8639847040176392,5.120416641235352,4.038729,3.1785858,3.168242,bound_replica_03_seed20260933,True
3520.0,0.8626258969306946,5.1392645835876465,4.0047884,3.5675025,1.907146,bound_replica_03_seed20260933,True
3530.0,0.9010237455368042,5.1606011390686035,4.087084,3.9163578,1.3064796,bound_replica_03_seed20260933,True
3540.0,0.8214162588119507,5.252228260040283,4.056879,3.52274,1.677849,bound_replica_03_seed20260933,True
3550.0,0.7053909301757812,5.3577561378479,4.1322727,3.5705593,1.7337539,bound_replica_03_seed20260933,True
3560.0,0.7706350684165955,5.258920192718506,3.9809692,3.6620057,1.7384106,bound_replica_03_seed20260933,True
3570.0,0.7846322059631348,5.329135894775391,4.011914,3.722435,1.3508258,bound_replica_03_seed20260933,True
3580.0,0.9941259026527405,4.98800802230835,4.0640254,3.2125328,1.7063262,bound_replica_03_seed20260933,True
3590.0,1.0151710510253906,5.035736560821533,4.1164145,2.7994525,2.5263727,bound_replica_03_seed20260933,True
3600.0,0.7504487037658691,5.140667915344238,4.0776663,2.861096,2.7866018,bound_replica_03_seed20260933,True
3610.0,0.7344611883163452,5.088953018188477,4.1151295,3.0407212,2.656681,bound_replica_03_seed20260933,True
3620.0,0.6674240827560425,5.1626129150390625,3.9327316,3.2178464,2.9141397,bound_replica_03_seed20260933,True
3630.0,0.7571456432342529,5.160588264465332,3.9764185,3.4928524,2.256276,bound_replica_03_seed20260933,True
3640.0,1.04097318649292,5.150169849395752,4.0930085,3.9174843,1.9927464,bound_replica_03_seed20260933,True
3650.0,0.9767643213272095,5.185617446899414,4.1086774,3.9770591,1.7773013,bound_replica_03_seed20260933,True
3660.0,1.1784523725509644,5.205220699310303,4.0403023,3.3903978,2.4860265,bound_replica_03_seed20260933,True
3670.0,0.857734739780426,5.283603191375732,4.050128,3.458595,2.0521863,bound_replica_03_seed20260933,True
3680.0,1.0996284484863281,5.245652675628662,4.114644,2.8845823,2.7368116,bound_replica_03_seed20260933,True
3690.0,0.9527050256729126,5.209185600280762,3.9990819,3.3034291,2.555599,bound_replica_03_seed20260933,True
3700.0,0.8954000473022461,5.258469104766846,3.9117856,3.1128435,2.477215,bound_replica_03_seed20260933,True
3710.0,1.0148515701293945,5.296347141265869,3.8429573,3.4964619,2.4264069,bound_replica_03_seed20260933,True
3720.0,0.8703905940055847,5.333834648132324,3.94837,3.4478486,2.6746182,bound_replica_03_seed20260933,True
3730.0,0.926849901676178,5.227014541625977,4.0343823,3.4965591,2.5874133,bound_replica_03_seed20260933,True
3740.0,0.8531155586242676,5.222148895263672,4.10324,3.579514,2.2385497,bound_replica_03_seed20260933,True
3750.0,0.8326706290245056,5.277795314788818,4.134661,3.4728339,2.4364405,bound_replica_03_seed20260933,True
3760.0,1.0738813877105713,5.08791971206665,4.2574553,3.6199782,2.6166131,bound_replica_03_seed20260933,True
3770.0,1.1980184316635132,5.215780735015869,4.123715,3.8674853,2.8693798,bound_replica_03_seed20260933,True
3780.0,1.2373204231262207,5.247693061828613,3.9873765,3.827806,2.8751147,bound_replica_03_seed20260933,True
3790.0,1.1084364652633667,5.283413887023926,3.9438798,3.698051,3.084094,bound_replica_03_seed20260933,True
3800.0,1.2390958070755005,5.020256519317627,3.8641346,3.6269956,2.8946974,bound_replica_03_seed20260933,True
3810.0,1.0453202724456787,5.268733978271484,3.8361623,3.705978,2.9778981,bound_replica_03_seed20260933,True
3820.0,0.9263095259666443,5.1412272453308105,3.7918928,3.7910233,3.0489063,bound_replica_03_seed20260933,True
3830.0,0.9762369394302368,5.149753093719482,3.810251,3.6218238,2.9506264,bound_replica_03_seed20260933,True
3840.0,0.7352420091629028,5.233152389526367,3.961217,3.6302469,3.209593,bound_replica_03_seed20260933,True
3850.0,0.993655800819397,5.073046684265137,4.0668917,3.97764,2.9303658,bound_replica_03_seed20260933,True
3860.0,0.8308685421943665,5.128444671630859,4.2315025,4.1128044,2.9266257,bound_replica_03_seed20260933,True
3870.0,1.0279234647750854,5.1875810623168945,4.0978904,4.174956,2.8309908,bound_replica_03_seed20260933,True
3880.0,0.7007065415382385,5.1744608879089355,4.0450544,3.604565,2.7871614,bound_replica_03_seed20260933,True
3890.0,1.1350287199020386,5.224496841430664,3.9550722,3.876295,3.0479338,bound_replica_03_seed20260933,True
3900.0,1.0181306600570679,5.192658424377441,3.9690974,3.5681114,2.8495169,bound_replica_03_seed20260933,True
3910.0,0.9164576530456543,5.382088661193848,4.0154033,3.7398891,3.1921663,bound_replica_03_seed20260933,True
3920.0,1.0548486709594727,5.221428871154785,4.062939,3.461905,2.9947734,bound_replica_03_seed20260933,True
3930.0,1.0146980285644531,5.308650970458984,4.2917066,3.811424,2.5702655,bound_replica_03_seed20260933,True
3940.0,1.4654273986816406,5.330481052398682,4.3663526,4.264651,2.806022,bound_replica_03_seed20260933,True
3950.0,1.2094731330871582,5.229544639587402,4.3391714,3.3461401,3.122386,bound_replica_03_seed20260933,True
3960.0,1.3703681230545044,5.197813034057617,4.2385745,3.6268263,2.7255952,bound_replica_03_seed20260933,True
3970.0,1.2026344537734985,5.381866455078125,4.4455047,3.869163,2.7928748,bound_replica_03_seed20260933,True
3980.0,1.0912505388259888,5.2781243324279785,4.519615,3.7369654,3.0915813,bound_replica_03_seed20260933,True
3990.0,0.9500067830085754,5.291872501373291,4.4569993,4.3557053,2.0568464,bound_replica_03_seed20260933,True
4000.0,1.1198266744613647,5.278316497802734,4.3673024,4.227824,2.2408316,bound_replica_03_seed20260933,True
4010.0,1.0549798011779785,5.332539081573486,4.3520603,4.085762,2.468858,bound_replica_03_seed20260933,True
4020.0,0.856080174446106,5.213897705078125,4.4186335,4.4365106,2.5010562,bound_replica_03_seed20260933,True
4030.0,1.0710713863372803,5.334414958953857,4.286095,3.968565,2.716317,bound_replica_03_seed20260933,True
4040.0,0.9133443832397461,5.375166893005371,4.2524343,4.0397615,2.5903816,bound_replica_03_seed20260933,True
4050.0,0.787051260471344,5.2796630859375,4.1879673,3.9424887,2.668452,bound_replica_03_seed20260933,True
4060.0,0.8451789617538452,5.261767387390137,4.216391,4.491977,2.945603,bound_replica_03_seed20260933,True
4070.0,1.0607914924621582,5.309174537658691,4.3536882,3.9603643,3.0482867,bound_replica_03_seed20260933,True
4080.0,0.9525014162063599,5.194562911987305,4.320239,3.7972972,2.597917,bound_replica_03_seed20260933,True
4090.0,0.8612668514251709,5.309535026550293,4.352251,3.917104,2.824524,bound_replica_03_seed20260933,True
4100.0,0.9220218658447266,5.266579627990723,4.3923273,4.282752,2.6587794,bound_replica_03_seed20260933,True
4110.0,0.8877341747283936,5.282301902770996,4.4357076,3.91113,2.74618,bound_replica_03_seed20260933,True
4120.0,0.9434422850608826,5.234601974487305,4.380578,4.1474905,2.8524864,bound_replica_03_seed20260933,True
4130.0,0.87546706199646,5.279721260070801,4.4270897,3.4522781,3.1739278,bound_replica_03_seed20260933,True
4140.0,0.9348854422569275,5.278773784637451,4.5894656,3.4268837,3.1068754,bound_replica_03_seed20260933,True
4150.0,1.052620768547058,5.259672164916992,4.66016,4.509252,2.0092037,bound_replica_03_seed20260933,True
4160.0,0.854400098323822,5.235640525817871,4.6840878,3.8191366,2.7290092,bound_replica_03_seed20260933,True
4170.0,0.826216459274292,5.213636875152588,4.7641473,3.4070709,2.996743,bound_replica_03_seed20260933,True
4180.0,1.0833947658538818,5.301137924194336,4.5548506,3.7724547,2.510676,bound_replica_03_seed20260933,True
4190.0,1.1641209125518799,5.366885662078857,4.730873,3.9371254,2.4517996,bound_replica_03_seed20260933,True
4200.0,1.0855317115783691,5.328960418701172,4.6667237,3.7098124,2.4922824,bound_replica_03_seed20260933,True
4210.0,0.7307924032211304,5.222118377685547,4.4371157,3.8994174,2.3147173,bound_replica_03_seed20260933,True
4220.0,0.9162980318069458,5.328619003295898,4.4572167,3.7628136,2.3813426,bound_replica_03_seed20260933,True
4230.0,0.9143114686012268,5.3340864181518555,4.469747,3.7530756,3.082821,bound_replica_03_seed20260933,True
4240.0,0.8395181894302368,5.306308269500732,4.4442744,4.101038,2.6594415,bound_replica_03_seed20260933,True
4250.0,0.8746097087860107,5.253825664520264,4.6399345,4.593225,2.532467,bound_replica_03_seed20260933,True
4260.0,0.9566724300384521,5.362142562866211,4.750486,4.218091,2.9495096,bound_replica_03_seed20260933,True
4270.0,0.7404336333274841,5.207035064697266,4.7123847,4.2993636,2.3745675,bound_replica_03_seed20260933,True
4280.0,0.9444441795349121,5.123324394226074,4.6777363,4.5715203,2.350338,bound_replica_03_seed20260933,True
4290.0,0.8543554544448853,5.301056385040283,4.5290093,4.7660313,2.0040977,bound_replica_03_seed20260933,True
4300.0,0.8876804113388062,5.277373313903809,4.3794923,4.5532794,2.1703813,bound_replica_03_seed20260933,True
4310.0,1.0557419061660767,5.238109111785889,4.288786,4.1274056,2.6091728,bound_replica_03_seed20260933,True
4320.0,0.9956724047660828,5.292098045349121,4.112928,4.2201543,2.2198443,bound_replica_03_seed20260933,True
4330.0,0.9935277700424194,5.266773700714111,4.116589,4.500889,2.0779965,bound_replica_03_seed20260933,True
4340.0,0.8122824430465698,5.221536159515381,4.0831685,4.0693994,2.3064456,bound_replica_03_seed20260933,True
4350.0,0.9688760042190552,5.307021141052246,4.0018497,4.011295,2.4510303,bound_replica_03_seed20260933,True
4360.0,1.069896936416626,5.120565414428711,4.149442,3.5288944,2.68757,bound_replica_03_seed20260933,True
4370.0,0.9982806444168091,5.244327068328857,4.1668596,3.758608,2.0817451,bound_replica_03_seed20260933,True
4380.0,0.7638940811157227,5.309100151062012,4.1252527,4.2912297,1.7734861,bound_replica_03_seed20260933,True
4390.0,1.007431983947754,5.270065784454346,4.204815,3.9639018,1.9205055,bound_replica_03_seed20260933,True
4400.0,1.1979626417160034,5.315305709838867,4.369611,3.8504126,2.0566251,bound_replica_03_seed20260933,True
4410.0,0.9779222011566162,5.272988796234131,4.3701415,4.0576563,1.6572149,bound_replica_03_seed20260933,True
4420.0,1.1232478618621826,5.237961769104004,4.2138567,3.424692,2.339009,bound_replica_03_seed20260933,True
4430.0,0.9175496697425842,5.2384843826293945,4.2167525,3.163818,2.330033,bound_replica_03_seed20260933,True
4440.0,0.8992544412612915,5.243617057800293,4.1707673,3.677027,2.248323,bound_replica_03_seed20260933,True
4450.0,1.0595500469207764,5.296476364135742,4.236204,3.7593288,2.3297415,bound_replica_03_seed20260933,True
4460.0,1.1349810361862183,5.152637481689453,4.3434744,3.83325,2.0774136,bound_replica_03_seed20260933,True
4470.0,1.0999565124511719,5.203033447265625,4.193124,3.349384,2.5466824,bound_replica_03_seed20260933,True
4480.0,0.9206520915031433,5.285487651824951,4.037326,3.2162154,2.4827576,bound_replica_03_seed20260933,True
4490.0,0.9716805219650269,5.215096950531006,3.9532125,3.656242,2.4138367,bound_replica_03_seed20260933,True
4500.0,0.9606483578681946,5.241450309753418,3.8761544,3.6446905,2.4519734,bound_replica_03_seed20260933,True
4510.0,0.9007768630981445,5.261224746704102,3.981287,3.6041567,2.696158,bound_replica_03_seed20260933,True
4520.0,1.0302680730819702,5.274964332580566,4.1332154,3.8024201,2.0494745,bound_replica_03_seed20260933,True
4530.0,1.0701450109481812,5.361278533935547,3.9805183,4.0377088,3.0143354,bound_replica_03_seed20260933,True
4540.0,0.8409368991851807,5.276150226593018,4.132133,3.0457995,2.8461719,bound_replica_03_seed20260933,True
4550.0,0.8381482362747192,5.165482044219971,3.9602752,3.0668492,2.5402524,bound_replica_03_seed20260933,True
4560.0,0.880900502204895,5.271884918212891,3.9182887,3.2862184,2.742495,bound_replica_03_seed20260933,True
4570.0,0.8868850469589233,5.255467891693115,3.9566178,2.9433384,2.7755046,bound_replica_03_seed20260933,True
4580.0,0.860435962677002,5.257574081420898,4.0389576,2.840334,2.9208674,bound_replica_03_seed20260933,True
4590.0,0.9747183322906494,5.242181777954102,4.097665,2.9922824,2.9730985,bound_replica_03_seed20260933,True
4600.0,1.0959508419036865,5.285729885101318,4.1150155,2.8708053,2.8803587,bound_replica_03_seed20260933,True
4610.0,1.2076857089996338,5.397270202636719,4.237748,2.7479482,2.8405187,bound_replica_03_seed20260933,True
4620.0,0.9053108096122742,5.237950801849365,4.3284907,2.4546213,2.9549763,bound_replica_03_seed20260933,True
4630.0,0.8622702360153198,5.246730804443359,4.396083,2.505491,2.9960833,bound_replica_03_seed20260933,True
4640.0,1.0629827976226807,5.183479309082031,4.361653,2.97127,2.798537,bound_replica_03_seed20260933,True
4650.0,1.3726615905761719,5.357876300811768,4.4427876,3.0091379,2.9855273,bound_replica_03_seed20260933,True
4660.0,0.9909968376159668,5.310053825378418,4.3734374,3.2084684,3.010522,bound_replica_03_seed20260933,True
4670.0,1.1553632020950317,5.254228115081787,4.2877016,2.8240597,3.7256172,bound_replica_03_seed20260933,True
4680.0,1.0947262048721313,5.32956600189209,4.21109,3.3894935,3.2664635,bound_replica_03_seed20260933,True
4690.0,1.1750905513763428,5.315744876861572,4.123549,3.115969,3.540111,bound_replica_03_seed20260933,True
4700.0,1.3413290977478027,5.24972677230835,4.0635853,2.869554,3.5387197,bound_replica_03_seed20260933,True
4710.0,1.3035529851913452,5.291292190551758,4.02203,2.7668366,3.4527426,bound_replica_03_seed20260933,True
4720.0,1.2047604322433472,5.251220703125,3.9906435,3.4192467,2.9763448,bound_replica_03_seed20260933,True
4730.0,1.2641323804855347,5.270481586456299,4.098641,2.9053643,3.414714,bound_replica_03_seed20260933,True
4740.0,1.2026609182357788,5.387643814086914,4.1018863,2.8705502,3.294041,bound_replica_03_seed20260933,True
4750.0,1.3531529903411865,5.303623676300049,4.060887,2.7635648,3.3689191,bound_replica_03_seed20260933,True
4760.0,1.0856809616088867,5.354061126708984,3.8576505,2.6223354,3.137702,bound_replica_03_seed20260933,True
4770.0,1.0202640295028687,5.196707725524902,3.6579456,2.585804,2.9329515,bound_replica_03_seed20260933,True
4780.0,0.9828993678092957,5.245194435119629,3.684256,2.9593368,2.9085073,bound_replica_03_seed20260933,True
4790.0,1.180528998374939,5.1981306076049805,3.668725,2.8213227,2.9826055,bound_replica_03_seed20260933,True
4800.0,1.0623157024383545,5.324463367462158,3.8386462,2.7850986,3.1080735,bound_replica_03_seed20260933,True
4810.0,1.1869044303894043,5.198325157165527,3.7972462,2.7788868,3.0024135,bound_replica_03_seed20260933,True
4820.0,0.9407191872596741,5.180136680603027,3.882848,2.6048942,3.217456,bound_replica_03_seed20260933,True
4830.0,1.0577844381332397,5.27520751953125,3.9526603,3.0110857,2.7335918,bound_replica_03_seed20260933,True
4840.0,1.1112134456634521,5.205904960632324,4.003265,2.9140255,2.8408573,bound_replica_03_seed20260933,True
4850.0,1.2266184091567993,5.354339599609375,3.905009,3.038433,3.3537219,bound_replica_03_seed20260933,True
4860.0,0.9727922081947327,5.396358489990234,3.9215639,2.9261189,2.8937984,bound_replica_03_seed20260933,True
4870.0,1.1296370029449463,5.308933734893799,3.8553329,3.1078515,2.5838242,bound_replica_03_seed20260933,True
4880.0,1.0112146139144897,5.343796730041504,3.6186266,3.19726,2.3046288,bound_replica_03_seed20260933,True
4890.0,1.007693886756897,5.246010780334473,3.7397704,3.2676125,2.4701378,bound_replica_03_seed20260933,True
4900.0,1.191582441329956,5.2866668701171875,3.8720539,3.3860397,2.6219068,bound_replica_03_seed20260933,True
4910.0,1.222044825553894,5.26582670211792,3.9621835,3.8523564,1.8203344,bound_replica_03_seed20260933,True
4920.0,1.3904081583023071,5.26179313659668,3.784193,3.2893038,2.511531,bound_replica_03_seed20260933,True
4930.0,1.424953818321228,5.231499195098877,3.7186093,3.0543063,2.725155,bound_replica_03_seed20260933,True
4940.0,1.4710642099380493,5.126852035522461,3.7384324,2.7190745,3.1825628,bound_replica_03_seed20260933,True
4950.0,1.2004677057266235,5.2866106033325195,3.6655245,3.2228036,2.65732,bound_replica_03_seed20260933,True
4960.0,1.0739049911499023,5.247343063354492,3.5728636,3.2548513,2.5074806,bound_replica_03_seed20260933,True
4970.0,1.3240593671798706,5.293221950531006,3.8157287,3.4642622,2.2056735,bound_replica_03_seed20260933,True
4980.0,1.0341023206710815,5.209300518035889,3.8803384,3.46012,2.1010184,bound_replica_03_seed20260933,True
4990.0,1.210916519165039,5.347554683685303,3.8683593,3.6071763,2.070928,bound_replica_03_seed20260933,True
5000.0,1.2343727350234985,5.26607608795166,3.811387,2.952247,2.7129266,bound_replica_03_seed20260933,True
5010.0,1.2529959678649902,5.2537922859191895,3.7543983,3.554294,2.047049,bound_replica_03_seed20260933,True
5020.0,1.542445421218872,5.190362930297852,3.8171859,4.275849,1.6693704,bound_replica_03_seed20260933,True
5030.0,1.6533148288726807,5.179030895233154,3.854263,4.175487,1.673975,bound_replica_03_seed20260933,True
5040.0,1.4506922960281372,5.325613021850586,3.7686586,3.7788262,1.8103855,bound_replica_03_seed20260933,True
5050.0,1.2562127113342285,5.293564796447754,3.9054055,4.2654595,1.5043896,bound_replica_03_seed20260933,True
5060.0,1.5615241527557373,5.250241279602051,3.828925,3.5764792,1.8804488,bound_replica_03_seed20260933,True
5070.0,1.5464754104614258,5.283294200897217,3.7697706,3.3372724,1.8311772,bound_replica_03_seed20260933,True
5080.0,1.5300233364105225,5.174437046051025,3.5853102,3.6119518,1.485255,bound_replica_03_seed20260933,True
5090.0,1.264393925666809,5.213630199432373,3.663014,3.0408075,2.229542,bound_replica_03_seed20260933,True
5100.0,1.2211248874664307,5.306159973144531,3.707406,3.6059477,2.145672,bound_replica_03_seed20260933,True
5110.0,1.200115442276001,5.122213363647461,3.7329175,3.8514848,1.6887755,bound_replica_03_seed20260933,True
5120.0,1.3512510061264038,5.251855850219727,3.7147121,4.1867146,1.6062962,bound_replica_03_seed20260933,True
5130.0,1.0249146223068237,5.215425968170166,3.5533538,3.157734,2.122415,bound_replica_03_seed20260933,True
5140.0,1.2813117504119873,5.2186994552612305,3.425281,3.8997688,1.7780132,bound_replica_03_seed20260933,True
5150.0,1.3586671352386475,5.2512664794921875,3.370934,3.9736795,1.3288875,bound_replica_03_seed20260933,True
5160.0,1.1548142433166504,5.249532699584961,3.4526947,4.271246,1.6603801,bound_replica_03_seed20260933,True
5170.0,1.0743918418884277,5.2297563552856445,3.2616963,4.0352526,1.7629696,bound_replica_03_seed20260933,True
5180.0,1.348643183708191,5.1166605949401855,3.4099936,3.64115,1.7806404,bound_replica_03_seed20260933,True
5190.0,1.408339500427246,5.267645835876465,3.357998,4.2184334,1.5350657,bound_replica_03_seed20260933,True
5200.0,1.494018316268921,5.303223609924316,3.458582,4.325127,1.6042603,bound_replica_03_seed20260933,True
5210.0,1.1828492879867554,5.241857051849365,3.5025334,4.385541,1.9624724,bound_replica_03_seed20260933,True
5220.0,0.963684618473053,5.192461967468262,3.396247,3.8759127,2.5465846,bound_replica_03_seed20260933,True
5230.0,1.244979977607727,5.330366611480713,3.409479,3.9137604,2.4401903,bound_replica_03_seed20260933,True
5240.0,1.4825868606567383,5.125409126281738,3.445113,4.113678,1.7770948,bound_replica_03_seed20260933,True
5250.0,1.4010591506958008,5.2318572998046875,3.5262344,3.7725735,2.0654974,bound_replica_03_seed20260933,True
5260.0,1.1307873725891113,5.2644147872924805,3.5438514,3.6279383,2.1353266,bound_replica_03_seed20260933,True
5270.0,1.5230284929275513,5.327960014343262,3.5564926,3.163489,2.4841924,bound_replica_03_seed20260933,True
5280.0,1.4562246799468994,5.339126110076904,3.667517,2.7711468,2.659173,bound_replica_03_seed20260933,True
5290.0,1.3388561010360718,5.231395721435547,3.6442301,3.2405763,1.9805826,bound_replica_03_seed20260933,True
5300.0,1.5288915634155273,5.27700138092041,3.6825585,3.5079358,2.0255585,bound_replica_03_seed20260933,True
5310.0,1.326465368270874,5.267223358154297,3.6650214,2.6966133,2.8969958,bound_replica_03_seed20260933,True
5320.0,1.4713646173477173,5.26749849319458,3.6899843,2.7103014,2.7487383,bound_replica_03_seed20260933,True
5330.0,1.2236241102218628,5.20045280456543,3.6259527,2.7399025,2.57065,bound_replica_03_seed20260933,True
5340.0,1.3163275718688965,5.221556663513184,3.656279,2.7972693,2.7132125,bound_replica_03_seed20260933,True
5350.0,1.3038139343261719,5.253583908081055,3.5675979,3.0595665,2.4371989,bound_replica_03_seed20260933,True
5360.0,1.1333651542663574,5.202862739562988,3.6618948,2.7263365,2.4939754,bound_replica_03_seed20260933,True
5370.0,1.1658645868301392,5.299801349639893,3.4299407,2.7743487,2.55031,bound_replica_03_seed20260933,True
5380.0,1.0863966941833496,5.227598190307617,3.4702883,3.384715,2.3080723,bound_replica_03_seed20260933,True
5390.0,1.2345465421676636,5.189265727996826,3.5681357,2.935464,2.7752056,bound_replica_03_seed20260933,True
5400.0,1.1857924461364746,5.2744140625,3.6126938,3.500991,2.9088414,bound_replica_03_seed20260933,True
5410.0,1.2994385957717896,5.248310565948486,3.467606,3.213665,2.6648924,bound_replica_03_seed20260933,True
5420.0,1.33180832862854,5.262124538421631,3.5763648,3.3284287,2.5941768,bound_replica_03_seed20260933,True
5430.0,1.1809786558151245,5.253434658050537,3.5496278,3.4277172,2.6960301,bound_replica_03_seed20260933,True
5440.0,1.4375152587890625,5.233364105224609,3.668585,3.1215415,2.5884435,bound_replica_03_seed20260933,True
5450.0,1.5744518041610718,5.195051193237305,3.8339067,3.5701087,2.20532,bound_replica_03_seed20260933,True
5460.0,1.303731083869934,5.36184549331665,3.9264038,3.1607673,3.3348117,bound_replica_03_seed20260933,True
5470.0,1.1885852813720703,5.167937755584717,3.995306,3.3358884,2.5391984,bound_replica_03_seed20260933,True
5480.0,1.4064997434616089,5.228777885437012,3.9162552,3.0915747,2.6338544,bound_replica_03_seed20260933,True
5490.0,1.341620683670044,5.308202743530273,4.0767674,2.870686,2.864626,bound_replica_03_seed20260933,True
5500.0,1.4691636562347412,5.221230506896973,4.0366263,3.0105143,2.7018833,bound_replica_03_seed20260933,True
5510.0,1.2682008743286133,5.141437530517578,3.8380752,2.9898965,2.5249724,bound_replica_03_seed20260933,True
5520.0,1.4660379886627197,5.239205837249756,4.0021152,3.3016653,2.0111315,bound_replica_03_seed20260933,True
5530.0,1.2075252532958984,5.3637895584106445,3.972852,3.0982366,2.50746,bound_replica_03_seed20260933,True
5540.0,1.2006795406341553,5.340623378753662,3.899065,2.8404374,2.3575237,bound_replica_03_seed20260933,True
5550.0,1.4135462045669556,5.325531482696533,3.9812179,3.0114353,2.423071,bound_replica_03_seed20260933,True
5560.0,1.5878046751022339,5.2728271484375,3.7676725,3.177044,2.7102711,bound_replica_03_seed20260933,True
5570.0,1.3344324827194214,5.219332695007324,3.7851162,2.8783715,2.532998,bound_replica_03_seed20260933,True
5580.0,1.5030795335769653,5.350735187530518,3.957349,2.8786123,2.7618423,bound_replica_03_seed20260933,True
5590.0,1.2673583030700684,5.241338729858398,4.04205,2.9148695,2.8200016,bound_replica_03_seed20260933,True
5600.0,1.2274980545043945,5.203799724578857,4.0450916,2.7659848,2.742643,bound_replica_03_seed20260933,True
5610.0,1.3292063474655151,5.213104248046875,3.8273623,2.975197,2.8278067,bound_replica_03_seed20260933,True
5620.0,1.130568027496338,5.319896697998047,3.85684,3.0624936,2.9734228,bound_replica_03_seed20260933,True
5630.0,1.0179822444915771,5.32078742980957,3.9009004,3.2324626,2.9182472,bound_replica_03_seed20260933,True
5640.0,1.305523157119751,5.1189727783203125,3.830235,2.9992228,2.941221,bound_replica_03_seed20260933,True
5650.0,1.190656304359436,5.3441948890686035,3.8028693,2.9991438,2.7690148,bound_replica_03_seed20260933,True
5660.0,1.1363329887390137,5.175790309906006,3.7258348,2.4599094,3.2962344,bound_replica_03_seed20260933,True
5670.0,1.060470700263977,5.31259822845459,3.6081588,3.2039382,3.4944043,bound_replica_03_seed20260933,True
5680.0,1.0903980731964111,5.219639778137207,3.5026665,3.1605258,2.9708686,bound_replica_03_seed20260933,True
5690.0,1.1717908382415771,5.189535617828369,3.670708,3.090955,2.58543,bound_replica_03_seed20260933,True
5700.0,1.0723824501037598,5.264587879180908,3.431664,3.4734237,3.0599203,bound_replica_03_seed20260933,True
5710.0,1.1698768138885498,5.200232982635498,3.3143992,2.9431071,2.5058398,bound_replica_03_seed20260933,True
5720.0,1.2943291664123535,5.382088661193848,3.3970425,3.0697262,2.8669605,bound_replica_03_seed20260933,True
5730.0,1.192720890045166,5.249397277832031,3.4245305,2.825953,2.8639703,bound_replica_03_seed20260933,True
5740.0,1.093622088432312,5.373996734619141,3.5423098,2.7736342,2.807661,bound_replica_03_seed20260933,True
5750.0,1.326528787612915,5.218341827392578,3.3877273,3.1744804,2.3379858,bound_replica_03_seed20260933,True
5760.0,1.1314113140106201,5.235080718994141,3.2432902,2.954205,2.846769,bound_replica_03_seed20260933,True
5770.0,1.1320152282714844,5.300577163696289,3.2772913,2.9897256,2.7415953,bound_replica_03_seed20260933,True
5780.0,1.1246337890625,5.419874668121338,3.2889361,3.1545947,3.0432928,bound_replica_03_seed20260933,True
5790.0,1.147464394569397,5.259032249450684,3.6295185,2.950237,2.6981678,bound_replica_03_seed20260933,True
5800.0,1.0531189441680908,5.311747074127197,3.4450123,3.0855875,2.6815848,bound_replica_03_seed20260933,True
5810.0,1.195881724357605,5.1872687339782715,3.4443498,2.7831845,2.561984,bound_replica_03_seed20260933,True
5820.0,1.1886013746261597,5.302977561950684,3.440526,3.3172626,2.5177174,bound_replica_03_seed20260933,True
5830.0,1.1169359683990479,5.246781349182129,3.4760702,2.7639928,2.7072954,bound_replica_03_seed20260933,True
5840.0,1.310921311378479,5.344160079956055,3.5459306,3.422654,2.8105454,bound_replica_03_seed20260933,True
5850.0,1.3103853464126587,5.326818943023682,3.500706,3.7091744,3.350719,bound_replica_03_seed20260933,True
5860.0,1.0239510536193848,5.23030948638916,3.503848,3.7077742,2.6984131,bound_replica_03_seed20260933,True
5870.0,1.0282140970230103,5.2013726234436035,3.460345,3.0910742,2.521514,bound_replica_03_seed20260933,True
5880.0,1.1984375715255737,5.20927619934082,3.6356738,3.0185006,2.9813333,bound_replica_03_seed20260933,True
5890.0,1.419974684715271,5.289053916931152,3.677081,3.3231726,2.6500936,bound_replica_03_seed20260933,True
5900.0,0.9685052037239075,5.261397361755371,3.7656674,3.1825676,2.79762,bound_replica_03_seed20260933,True
5910.0,1.1027015447616577,5.195704460144043,3.711988,2.6761863,2.6161814,bound_replica_03_seed20260933,True
5920.0,1.2715028524398804,5.292699813842773,3.6941981,2.7015731,2.8171296,bound_replica_03_seed20260933,True
5930.0,1.1881786584854126,5.268974304199219,3.6524067,3.2397177,2.8488898,bound_replica_03_seed20260933,True
5940.0,1.1254065036773682,5.197144031524658,3.6912818,3.1830306,2.7364087,bound_replica_03_seed20260933,True
5950.0,1.1856906414031982,5.344123363494873,3.7082567,2.8389647,3.2365634,bound_replica_03_seed20260933,True
5960.0,1.1694269180297852,5.169322967529297,3.7700076,3.00289,3.131018,bound_replica_03_seed20260933,True
5970.0,1.056256651878357,5.098728656768799,3.9231708,2.761015,2.4172819,bound_replica_03_seed20260933,True
5980.0,1.3598668575286865,5.225917816162109,3.7815838,3.2257,2.877089,bound_replica_03_seed20260933,True
5990.0,1.326247215270996,5.324492454528809,3.854654,3.3270562,2.656271,bound_replica_03_seed20260933,True
6000.0,1.4480745792388916,5.2808685302734375,3.7663946,3.186607,2.905477,bound_replica_03_seed20260933,True
6010.0,1.2592406272888184,5.274786949157715,3.6601517,3.497343,3.150531,bound_replica_03_seed20260933,True
6020.0,1.3073153495788574,5.375452995300293,3.9022393,3.8602087,3.0340638,bound_replica_03_seed20260933,True
6030.0,1.2403701543807983,5.288378715515137,3.8282752,3.2083983,3.12643,bound_replica_03_seed20260933,True
6040.0,1.2179186344146729,5.26864767074585,3.8159356,3.735566,2.6487234,bound_replica_03_seed20260933,True
6050.0,1.2321598529815674,5.194791793823242,3.7449846,3.595154,2.6657195,bound_replica_03_seed20260933,True
6060.0,1.2757933139801025,5.164130210876465,3.573402,3.4552746,2.9998336,bound_replica_03_seed20260933,True
6070.0,1.240175485610962,5.31794548034668,3.6146476,3.6273968,2.7230563,bound_replica_03_seed20260933,True
6080.0,1.0666428804397583,5.293907165527344,3.6743286,3.7260306,2.296361,bound_replica_03_seed20260933,True
6090.0,1.118781566619873,5.25139045715332,3.7486708,3.7404702,2.5337908,bound_replica_03_seed20260933,True
6100.0,1.2845752239227295,5.152950286865234,3.7015626,3.6073475,2.9614358,bound_replica_03_seed20260933,True
6110.0,1.105124831199646,5.245692253112793,3.815412,3.4306479,2.130808,bound_replica_03_seed20260933,True
6120.0,1.2786966562271118,5.178462028503418,3.9162827,3.6585884,2.5998209,bound_replica_03_seed20260933,True
6130.0,1.1714937686920166,5.144264221191406,3.942842,3.7778234,2.0521057,bound_replica_03_seed20260933,True
6140.0,1.3045488595962524,5.156524181365967,3.9719572,3.316908,2.109744,bound_replica_03_seed20260933,True
6150.0,1.1652441024780273,5.186102867126465,4.152022,3.2468858,2.8369765,bound_replica_03_seed20260933,True
6160.0,1.4883166551589966,5.272265434265137,4.140095,3.7072263,2.3527892,bound_replica_03_seed20260933,True
6170.0,1.2974530458450317,5.240837097167969,3.9136555,3.5971909,2.6983218,bound_replica_03_seed20260933,True
6180.0,1.43820059299469,5.195310592651367,3.7994127,3.7826397,3.0430243,bound_replica_03_seed20260933,True
6190.0,1.10115385055542,5.306793212890625,3.926958,3.5010128,2.8847098,bound_replica_03_seed20260933,True
6200.0,1.1939196586608887,5.294841766357422,3.8255806,3.6002855,2.5904217,bound_replica_03_seed20260933,True
6210.0,1.2783236503601074,5.278534412384033,3.843007,3.7658587,3.0902872,bound_replica_03_seed20260933,True
6220.0,1.17121160030365,5.244245529174805,3.8326666,3.7414954,2.6358953,bound_replica_03_seed20260933,True
6230.0,1.5028564929962158,5.314451217651367,3.8804212,3.8417306,2.7079802,bound_replica_03_seed20260933,True
6240.0,1.4081476926803589,5.118393898010254,3.8854465,3.7452052,2.4599392,bound_replica_03_seed20260933,True
6250.0,1.2142800092697144,5.333652496337891,3.8546348,3.156488,2.9853437,bound_replica_03_seed20260933,True
6260.0,1.3559340238571167,5.29500675201416,3.959167,3.6225228,2.5353847,bound_replica_03_seed20260933,True
6270.0,1.1158396005630493,5.301933288574219,4.0613656,3.2926133,2.7295213,bound_replica_03_seed20260933,True
6280.0,1.3579883575439453,5.37032413482666,4.086245,3.7791321,2.3434772,bound_replica_03_seed20260933,True
6290.0,1.4061301946640015,5.381192684173584,3.8564868,3.488049,2.4885645,bound_replica_03_seed20260933,True
6300.0,1.216158151626587,5.36894416809082,4.0281343,3.3238578,2.4316666,bound_replica_03_seed20260933,True
6310.0,1.006462812423706,5.358771800994873,3.9266105,3.5357099,2.173874,bound_replica_03_seed20260933,True
6320.0,1.1353604793548584,5.219119071960449,4.0556545,3.8250866,2.819576,bound_replica_03_seed20260933,True
6330.0,1.1078914403915405,5.257905960083008,4.0775676,3.5619009,2.476072,bound_replica_03_seed20260933,True
6340.0,1.0885701179504395,5.314335346221924,4.0586805,3.2427344,2.7910619,bound_replica_03_seed20260933,True
6350.0,1.2894115447998047,5.234206199645996,4.0413566,3.1227455,2.6294837,bound_replica_03_seed20260933,True
6360.0,1.2130751609802246,5.319284439086914,4.040616,3.5821295,2.3129442,bound_replica_03_seed20260933,True
6370.0,1.086105465888977,5.17596435546875,3.936376,3.401067,2.4643617,bound_replica_03_seed20260933,True
6380.0,1.2750718593597412,5.240893363952637,3.8651628,3.7212167,2.2293172,bound_replica_03_seed20260933,True
6390.0,1.051886796951294,5.242019176483154,3.8068988,3.7613795,2.8341064,bound_replica_03_seed20260933,True
6400.0,0.9949729442596436,5.289253234863281,3.7893965,3.3924246,2.811713,bound_replica_03_seed20260933,True
6410.0,1.3451110124588013,5.315547943115234,3.8099828,4.399092,3.0115616,bound_replica_03_seed20260933,True
6420.0,1.340421199798584,5.324256896972656,3.7066565,4.578839,3.3844047,bound_replica_03_seed20260933,True
6430.0,1.379073143005371,5.356511116027832,3.7302837,4.766224,3.8671594,bound_replica_03_seed20260933,True
6440.0,1.195561408996582,5.350801944732666,3.7314348,4.2940335,3.2279756,bound_replica_03_seed20260933,True
6450.0,1.0033469200134277,5.186929702758789,3.799231,4.3490458,2.907226,bound_replica_03_seed20260933,True
6460.0,1.2141294479370117,5.079381942749023,3.8884952,4.1014686,3.2315361,bound_replica_03_seed20260933,True
6470.0,1.2587356567382812,5.154128074645996,3.810755,4.354246,3.394933,bound_replica_03_seed20260933,True
6480.0,1.0892269611358643,5.303548812866211,3.8857303,4.3212533,3.4803534,bound_replica_03_seed20260933,True
6490.0,0.9532937407493591,5.236949443817139,4.02527,3.8573642,2.5645006,bound_replica_03_seed20260933,True
6500.0,0.9389061331748962,5.2845377922058105,4.031769,4.040124,2.8807197,bound_replica_03_seed20260933,True
6510.0,1.1597764492034912,5.268631458282471,4.144429,4.2676253,3.0918872,bound_replica_03_seed20260933,True
6520.0,1.5209324359893799,5.1140828132629395,4.1744976,4.1228356,2.8246946,bound_replica_03_seed20260933,True
6530.0,1.2721302509307861,5.015964508056641,4.2482586,3.3708262,2.5047183,bound_replica_03_seed20260933,True
6540.0,1.079717755317688,5.161352634429932,4.1618223,4.1276565,2.4758046,bound_replica_03_seed20260933,True
6550.0,1.3013648986816406,5.174647331237793,4.170759,3.98479,2.59019,bound_replica_03_seed20260933,True
6560.0,1.3177286386489868,5.229382038116455,4.0723133,3.8268468,2.7553918,bound_replica_03_seed20260933,True
6570.0,1.3498494625091553,5.195240497589111,4.2081585,3.581943,2.6466036,bound_replica_03_seed20260933,True
6580.0,1.4567933082580566,5.13570499420166,4.1000896,3.8200426,2.3770292,bound_replica_03_seed20260933,True
6590.0,1.4318984746932983,5.17115592956543,4.0944605,3.8238044,2.4534605,bound_replica_03_seed20260933,True
6600.0,1.1700057983398438,5.174463272094727,4.0280933,3.5888312,2.3685408,bound_replica_03_seed20260933,True
6610.0,1.3464385271072388,5.306230068206787,3.8952293,3.7189865,2.5213532,bound_replica_03_seed20260933,True
6620.0,0.9612801671028137,5.236179828643799,3.750661,3.5555837,1.9233038,bound_replica_03_seed20260933,True
6630.0,1.4629251956939697,5.244423866271973,3.7273157,3.6271453,2.175005,bound_replica_03_seed20260933,True
6640.0,1.4773144721984863,5.1418280601501465,3.5923698,3.0941815,2.40365,bound_replica_03_seed20260933,True
6650.0,1.224252700805664,5.215831756591797,3.7683043,3.391123,2.5049644,bound_replica_03_seed20260933,True
6660.0,1.2154390811920166,5.161214828491211,3.6463346,3.647412,2.0432773,bound_replica_03_seed20260933,True
6670.0,1.2442175149917603,5.199921607971191,3.5000963,3.8500576,2.1315703,bound_replica_03_seed20260933,True
6680.0,1.1185485124588013,5.256649971008301,3.5286636,3.6540773,2.1810496,bound_replica_03_seed20260933,True
6690.0,0.9485366344451904,5.221981048583984,3.4960275,3.6047907,2.5464249,bound_replica_03_seed20260933,True
6700.0,1.2342618703842163,5.049694061279297,3.314818,3.710232,2.3386683,bound_replica_03_seed20260933,True
6710.0,1.180145263671875,5.190944671630859,3.3093014,3.773137,2.2914367,bound_replica_03_seed20260933,True
6720.0,0.9851961731910706,5.228161334991455,3.5534546,3.6758444,2.1891222,bound_replica_03_seed20260933,True
6730.0,1.308452844619751,5.289725303649902,3.5621097,4.1511636,2.0965319,bound_replica_03_seed20260933,True
6740.0,1.111297845840454,5.160392761230469,3.595869,3.7090702,2.4607606,bound_replica_03_seed20260933,True
6750.0,1.1919664144515991,5.249748229980469,3.4606352,3.5037274,2.302279,bound_replica_03_seed20260933,True
6760.0,1.125862717628479,5.284611701965332,3.3999128,3.4377227,2.4990053,bound_replica_03_seed20260933,True
6770.0,1.3851648569107056,5.214736461639404,3.4843194,3.455024,2.0981264,bound_replica_03_seed20260933,True
6780.0,1.2115726470947266,5.09307336807251,3.4994462,3.165592,1.9153433,bound_replica_03_seed20260933,True
6790.0,1.1500959396362305,5.2143449783325195,3.4819236,2.9377542,2.178343,bound_replica_03_seed20260933,True
6800.0,1.348236322402954,5.031914710998535,3.6237402,3.372055,2.0483966,bound_replica_03_seed20260933,True
6810.0,1.1335726976394653,5.1915459632873535,3.630653,3.3044174,2.0777335,bound_replica_03_seed20260933,True
6820.0,1.2214971780776978,5.151214122772217,3.6079106,3.3303645,2.1242714,bound_replica_03_seed20260933,True
6830.0,1.3157392740249634,5.264007568359375,3.7348332,3.4773602,2.2468169,bound_replica_03_seed20260933,True
6840.0,1.0871820449829102,5.182767868041992,3.6425943,3.098594,2.1466384,bound_replica_03_seed20260933,True
6850.0,1.2808477878570557,5.247940540313721,3.604566,3.19772,2.1872392,bound_replica_03_seed20260933,True
6860.0,1.0500749349594116,5.2894110679626465,3.5680513,3.42967,2.1965642,bound_replica_03_seed20260933,True
6870.0,1.1065434217453003,5.167645454406738,3.6287186,3.3705378,1.7575121,bound_replica_03_seed20260933,True
6880.0,1.2556090354919434,5.150531768798828,3.6739001,3.3368847,1.7861435,bound_replica_03_seed20260933,True
6890.0,1.2632482051849365,5.341595649719238,3.7701404,3.2982502,2.0953436,bound_replica_03_seed20260933,True
6900.0,1.286970853805542,5.203943729400635,3.800273,3.188147,2.2996888,bound_replica_03_seed20260933,True
6910.0,1.1211204528808594,5.253415584564209,3.566822,3.050139,2.077816,bound_replica_03_seed20260933,True
6920.0,1.3549524545669556,5.228424072265625,3.6807766,3.0152538,2.0671692,bound_replica_03_seed20260933,True
6930.0,1.5754317045211792,5.221685409545898,3.7409039,3.308013,2.2194037,bound_replica_03_seed20260933,True
6940.0,1.5969130992889404,5.351953983306885,3.5931702,3.4995172,2.2001817,bound_replica_03_seed20260933,True
6950.0,1.4797022342681885,5.21796178817749,3.706361,3.5930934,1.7136223,bound_replica_03_seed20260933,True
6960.0,1.3681997060775757,5.170703887939453,3.5118337,3.5539265,1.8380839,bound_replica_03_seed20260933,True
6970.0,1.3990259170532227,5.1364593505859375,3.6923218,3.346957,1.9542265,bound_replica_03_seed20260933,True
6980.0,1.3220627307891846,5.304765701293945,3.6866906,3.682413,1.9317137,bound_replica_03_seed20260933,True
6990.0,1.30859375,5.1863484382629395,3.744973,3.3174577,1.7861035,bound_replica_03_seed20260933,True
7000.0,1.2695574760437012,5.271346092224121,3.8479552,3.5345361,1.8005948,bound_replica_03_seed20260933,True
7010.0,1.564713954925537,5.152059078216553,3.8693395,3.4707417,1.9018049,bound_replica_03_seed20260933,True
7020.0,1.1510878801345825,5.388881683349609,3.893631,3.2967334,2.21728,bound_replica_03_seed20260933,True
7030.0,1.1312566995620728,5.248427867889404,3.8610487,3.20987,2.428412,bound_replica_03_seed20260933,True
7040.0,1.3476396799087524,5.236627578735352,3.9869485,3.181474,2.229951,bound_replica_03_seed20260933,True
7050.0,1.1166654825210571,5.269865989685059,3.9463964,3.1159341,2.318915,bound_replica_03_seed20260933,True
7060.0,1.1110432147979736,5.261019706726074,3.8873818,3.0448315,2.3969474,bound_replica_03_seed20260933,True
7070.0,1.3575506210327148,5.2639336585998535,3.9418542,2.7992125,2.5532336,bound_replica_03_seed20260933,True
7080.0,1.3126335144042969,5.273872375488281,3.9141524,3.09907,2.5389829,bound_replica_03_seed20260933,True
7090.0,1.2202577590942383,5.269840240478516,3.960235,3.0264359,2.8001046,bound_replica_03_seed20260933,True
7100.0,1.231305480003357,5.266424179077148,3.978736,3.4169774,2.249946,bound_replica_03_seed20260933,True
7110.0,1.377909779548645,5.106263637542725,4.003701,3.3918965,2.538884,bound_replica_03_seed20260933,True
7120.0,1.1332529783248901,5.255162715911865,3.781776,3.0656977,2.4773097,bound_replica_03_seed20260933,True
7130.0,1.3288284540176392,5.284350395202637,3.785219,3.5516977,2.2008219,bound_replica_03_seed20260933,True
7140.0,1.1509110927581787,5.204592227935791,3.7970712,3.5057714,1.9529468,bound_replica_03_seed20260933,True
7150.0,1.1422122716903687,5.199501991271973,3.8229444,3.2742748,2.43965,bound_replica_03_seed20260933,True
7160.0,1.2743498086929321,5.31752872467041,3.7996707,3.5739918,2.7009716,bound_replica_03_seed20260933,True
7170.0,1.2128733396530151,5.2971272468566895,3.6132674,3.4573781,2.7489657,bound_replica_03_seed20260933,True
7180.0,1.3030897378921509,5.2375078201293945,3.6416886,3.3127067,2.6118352,bound_replica_03_seed20260933,True
7190.0,1.0317634344100952,5.233713150024414,3.6490276,3.3181195,2.6055644,bound_replica_03_seed20260933,True
7200.0,1.1920918226242065,5.152553558349609,3.549987,3.5866296,2.2432158,bound_replica_03_seed20260933,True
7210.0,1.1619369983673096,5.212319374084473,3.6569257,3.4791317,2.490988,bound_replica_03_seed20260933,True
7220.0,0.9755203127861023,5.261849403381348,3.6313715,3.5652544,2.8664193,bound_replica_03_seed20260933,True
7230.0,0.8624286651611328,5.203919410705566,3.4175324,2.9799044,2.757351,bound_replica_03_seed20260933,True
7240.0,1.1156316995620728,5.271684646606445,3.3067002,3.4843013,2.4943755,bound_replica_03_seed20260933,True
7250.0,1.190626859664917,5.273582458496094,3.2708902,3.6859193,3.1271684,bound_replica_03_seed20260933,True
7260.0,1.0584063529968262,5.261561393737793,3.3608756,3.4180408,3.096759,bound_replica_03_seed20260933,True
7270.0,1.2514283657073975,5.27706241607666,3.0882401,3.7020028,2.5663567,bound_replica_03_seed20260933,True
7280.0,0.9396710395812988,5.2425432205200195,3.2537582,3.2857404,2.4493375,bound_replica_03_seed20260933,True
7290.0,1.0714586973190308,5.187615394592285,3.41356,3.7151198,2.5265079,bound_replica_03_seed20260933,True
7300.0,1.2750767469406128,5.222610950469971,3.4748867,4.0712957,2.4302893,bound_replica_03_seed20260933,True
7310.0,1.2649821043014526,5.262290000915527,3.3650274,3.8081174,2.6357098,bound_replica_03_seed20260933,True
7320.0,1.1272354125976562,5.088325500488281,3.2485578,3.8390298,2.0549502,bound_replica_03_seed20260933,True
7330.0,1.0226060152053833,5.331549644470215,3.2648146,3.7493858,2.4826803,bound_replica_03_seed20260933,True
7340.0,1.1164320707321167,5.2727508544921875,3.2007809,3.9973774,2.2536347,bound_replica_03_seed20260933,True
7350.0,1.1146624088287354,5.202511787414551,3.223175,3.704824,2.5425634,bound_replica_03_seed20260933,True
7360.0,1.0869131088256836,5.329750061035156,3.2971277,3.4266737,2.2933595,bound_replica_03_seed20260933,True
7370.0,1.2267053127288818,5.221714019775391,3.3381834,2.950444,2.3908386,bound_replica_03_seed20260933,True
7380.0,1.142757534980774,5.211774826049805,3.3530734,3.1133127,2.5491667,bound_replica_03_seed20260933,True
7390.0,1.387054681777954,5.108255386352539,3.3548627,3.8056655,2.3210626,bound_replica_03_seed20260933,True
7400.0,0.807729959487915,5.24549674987793,3.4899094,3.3264108,2.5361886,bound_replica_03_seed20260933,True
7410.0,0.9496486783027649,5.215948104858398,3.632081,3.0165818,2.5112119,bound_replica_03_seed20260933,True
7420.0,1.0061089992523193,5.260894775390625,3.5314984,3.0452907,2.3875356,bound_replica_03_seed20260933,True
7430.0,1.208865761756897,5.217191696166992,3.4663951,3.2678647,2.1583724,bound_replica_03_seed20260933,True
7440.0,1.2405599355697632,5.275471210479736,3.4777112,3.4177876,2.4851732,bound_replica_03_seed20260933,True
7450.0,1.2645912170410156,5.307150840759277,3.2298079,3.1754766,2.4687438,bound_replica_03_seed20260933,True
7460.0,1.1102045774459839,5.218170166015625,3.3286614,3.8642035,2.2206125,bound_replica_03_seed20260933,True
7470.0,0.9897401928901672,5.183350563049316,3.5290298,3.3706136,2.2022502,bound_replica_03_seed20260933,True
7480.0,1.005358338356018,5.179948806762695,3.575746,3.3422554,2.3780904,bound_replica_03_seed20260933,True
7490.0,1.1218971014022827,5.11147403717041,3.6818848,3.5454984,2.456661,bound_replica_03_seed20260933,True
7500.0,0.9980067610740662,5.239381313323975,3.8503954,3.7401314,2.5392675,bound_replica_03_seed20260933,True
7510.0,1.0780339241027832,5.170425891876221,3.8680787,3.6938214,2.3542006,bound_replica_03_seed20260933,True
7520.0,1.1633315086364746,5.184751033782959,3.8468983,3.5517395,2.655702,bound_replica_03_seed20260933,True
7530.0,1.1110374927520752,5.372140884399414,3.8205347,3.6750054,2.696967,bound_replica_03_seed20260933,True
7540.0,1.0707255601882935,5.215976715087891,3.954449,3.839881,2.2980773,bound_replica_03_seed20260933,True
7550.0,1.1963441371917725,5.202685356140137,3.9341607,3.4460988,1.8820088,bound_replica_03_seed20260933,True
7560.0,1.0768375396728516,5.2860002517700195,4.1148915,3.5024145,2.323619,bound_replica_03_seed20260933,True
7570.0,0.8706462383270264,5.282623767852783,3.9479306,3.362461,2.4806345,bound_replica_03_seed20260933,True
7580.0,1.0267384052276611,5.322018623352051,3.7902915,3.5263276,2.4783573,bound_replica_03_seed20260933,True
7590.0,1.0574207305908203,5.355157852172852,3.7788842,3.521255,2.7715874,bound_replica_03_seed20260933,True
7600.0,0.9614554047584534,5.280064582824707,3.8903627,3.560809,2.5621457,bound_replica_03_seed20260933,True
7610.0,1.0493148565292358,5.213294506072998,3.9320576,3.2791557,2.8774095,bound_replica_03_seed20260933,True
7620.0,1.0969743728637695,5.317516326904297,3.9136171,2.9657948,2.8527894,bound_replica_03_seed20260933,True
7630.0,0.9828055500984192,5.277252674102783,4.046722,3.059115,2.4536285,bound_replica_03_seed20260933,True
7640.0,1.010374903678894,5.257475852966309,3.8726964,3.1210353,2.4395208,bound_replica_03_seed20260933,True
7650.0,1.1834793090820312,5.235437870025635,3.9204316,2.975187,2.6165113,bound_replica_03_seed20260933,True
7660.0,1.1751527786254883,5.278568267822266,3.8774798,3.2874668,2.731729,bound_replica_03_seed20260933,True
7670.0,0.9417729377746582,5.234190940856934,3.9234958,2.948975,2.6516736,bound_replica_03_seed20260933,True
7680.0,1.0834652185440063,5.279927730560303,3.9071796,3.2261035,2.6317115,bound_replica_03_seed20260933,True
7690.0,0.893075168132782,5.162075042724609,4.0491586,3.3423343,2.6037538,bound_replica_03_seed20260933,True
7700.0,1.1232450008392334,5.2428998947143555,4.0799756,3.3296332,2.8098485,bound_replica_03_seed20260933,True
7710.0,1.2142590284347534,5.220337390899658,3.8576639,3.191362,2.7872472,bound_replica_03_seed20260933,True
7720.0,1.0492874383926392,5.284648418426514,3.8178773,2.9841762,2.570426,bound_replica_03_seed20260933,True
7730.0,1.2219446897506714,5.290699481964111,3.9232516,3.5138175,3.0421832,bound_replica_03_seed20260933,True
7740.0,1.1504042148590088,5.224490642547607,3.88137,3.3404973,2.6104,bound_replica_03_seed20260933,True
7750.0,1.1639379262924194,5.328400135040283,3.8032656,3.3618774,3.0464742,bound_replica_03_seed20260933,True
7760.0,1.1833933591842651,5.3309245109558105,3.9120789,3.089329,2.7920854,bound_replica_03_seed20260933,True
7770.0,1.27434241771698,5.312346935272217,3.9109282,3.5837724,2.7509155,bound_replica_03_seed20260933,True
7780.0,1.002571940422058,5.196708679199219,3.7968707,3.2520595,3.0949583,bound_replica_03_seed20260933,True
7790.0,1.050707459449768,5.261092662811279,3.753412,3.2400892,2.7200043,bound_replica_03_seed20260933,True
7800.0,1.344840407371521,5.289789199829102,3.978279,3.7738278,2.735289,bound_replica_03_seed20260933,True
7810.0,1.3588800430297852,5.281772613525391,3.9390757,4.0212593,3.1512558,bound_replica_03_seed20260933,True
7820.0,1.2544792890548706,5.218812942504883,3.8990533,3.0622287,2.885791,bound_replica_03_seed20260933,True
7830.0,1.2436054944992065,5.290833473205566,3.8390777,3.1450436,2.7185292,bound_replica_03_seed20260933,True
7840.0,1.2305371761322021,5.202826976776123,3.821778,2.8779676,2.551696,bound_replica_03_seed20260933,True
7850.0,1.215811848640442,5.212242126464844,3.8178477,3.1984236,2.8773322,bound_replica_03_seed20260933,True
7860.0,1.2789638042449951,5.2946929931640625,3.8305185,3.6427057,2.5622213,bound_replica_03_seed20260933,True
7870.0,1.377087116241455,5.15829610824585,3.838476,3.8914702,3.0617828,bound_replica_03_seed20260933,True
7880.0,1.3541744947433472,5.423882484436035,3.6209302,3.8200989,2.7393029,bound_replica_03_seed20260933,True
7890.0,1.381222128868103,5.332540988922119,3.5312035,4.0518985,3.1265318,bound_replica_03_seed20260933,True
7900.0,1.2503585815429688,5.182919025421143,3.5143015,3.7764165,3.0533524,bound_replica_03_seed20260933,True
7910.0,1.3612817525863647,5.155838966369629,3.3202991,3.5509558,2.7486439,bound_replica_03_seed20260933,True
7920.0,1.3698227405548096,5.1505279541015625,3.4384031,3.1870296,2.6604242,bound_replica_03_seed20260933,True
7930.0,1.2419095039367676,5.178404331207275,3.6162786,3.2842174,2.4850285,bound_replica_03_seed20260933,True
7940.0,1.226263403892517,5.275699615478516,3.792678,2.93833,2.4092233,bound_replica_03_seed20260933,True
7950.0,1.2893534898757935,5.374422073364258,3.688327,3.5204673,2.8384078,bound_replica_03_seed20260933,True
7960.0,1.2671740055084229,5.257681846618652,3.641721,3.3401008,2.6826334,bound_replica_03_seed20260933,True
7970.0,1.0330935716629028,5.320467948913574,3.6412306,2.9653168,2.0680394,bound_replica_03_seed20260933,True
7980.0,1.1160675287246704,5.246815204620361,3.6349196,3.146001,2.5630305,bound_replica_03_seed20260933,True
7990.0,1.2463963031768799,5.291608810424805,3.5782924,3.3825233,2.8203912,bound_replica_03_seed20260933,True
8000.0,1.0783449411392212,5.281374454498291,3.7168405,3.171328,2.9479635,bound_replica_03_seed20260933,True
8010.0,1.2934900522232056,5.159857749938965,3.8292346,3.3050232,2.5712335,bound_replica_03_seed20260933,True
8020.0,1.2785885334014893,5.189959526062012,3.7108521,3.1746912,3.2105114,bound_replica_03_seed20260933,True
8030.0,1.562004566192627,5.3154144287109375,3.7485611,2.8416939,3.2909298,bound_replica_03_seed20260933,True
8040.0,1.4404776096343994,5.2905707359313965,3.7070048,3.3098726,4.2955227,bound_replica_03_seed20260933,True
8050.0,1.2136069536209106,5.270781993865967,3.632705,2.896196,2.8559601,bound_replica_03_seed20260933,True
8060.0,1.2349172830581665,5.189562797546387,3.8843365,3.0611193,2.9103873,bound_replica_03_seed20260933,True
8070.0,1.3720107078552246,5.313361167907715,3.722215,3.4127488,2.09649,bound_replica_03_seed20260933,True
8080.0,1.3608238697052002,5.268087387084961,3.8249216,3.0967417,2.4786992,bound_replica_03_seed20260933,True
8090.0,1.3039284944534302,5.329808235168457,3.700789,3.064752,2.6516783,bound_replica_03_seed20260933,True
8100.0,1.6362429857254028,5.231137275695801,3.8015258,3.1448646,2.377196,bound_replica_03_seed20260933,True
8110.0,1.4782136678695679,5.273036479949951,4.055624,3.025536,2.4281473,bound_replica_03_seed20260933,True
8120.0,1.50285005569458,5.295074462890625,3.775275,2.960897,2.4752183,bound_replica_03_seed20260933,True
8130.0,1.811316728591919,5.476100444793701,3.573797,3.55227,1.9447389,bound_replica_03_seed20260933,True
8140.0,1.6528043746948242,5.392429828643799,3.5977416,3.0089278,2.299389,bound_replica_03_seed20260933,True
8150.0,1.8575372695922852,5.577334880828857,3.629711,2.9716084,2.6484492,bound_replica_03_seed20260933,True
8160.0,2.129189968109131,5.492607116699219,3.4915423,3.5990336,2.5862334,bound_replica_03_seed20260933,True
8170.0,2.0098230838775635,5.404181480407715,3.5158994,3.5931554,2.9701712,bound_replica_03_seed20260933,True
8180.0,2.0708160400390625,5.470070838928223,3.561554,4.2253857,2.9128387,bound_replica_03_seed20260933,True
8190.0,2.1464760303497314,5.442955017089844,3.7333317,3.9701877,2.86336,bound_replica_03_seed20260933,True
8200.0,2.122931718826294,5.4141716957092285,3.649732,3.6612794,3.155633,bound_replica_03_seed20260933,True
8210.0,1.9650627374649048,5.461698055267334,3.8493414,3.9535232,3.35901,bound_replica_03_seed20260933,True
8220.0,2.180089235305786,5.341019153594971,3.9869287,3.911773,3.54969,bound_replica_03_seed20260933,True
8230.0,1.9319612979888916,5.379488945007324,3.9900768,3.3002725,2.9068737,bound_replica_03_seed20260933,True
8240.0,1.8726545572280884,5.354514122009277,4.153615,3.27596,2.7734714,bound_replica_03_seed20260933,True
8250.0,1.9695589542388916,5.365586280822754,4.093022,3.7964067,2.9354737,bound_replica_03_seed20260933,True
8260.0,1.8347511291503906,5.479640483856201,4.020751,3.5718365,2.9911242,bound_replica_03_seed20260933,True
8270.0,1.8399622440338135,5.3124284744262695,3.8469744,3.5541024,2.9474049,bound_replica_03_seed20260933,True
8280.0,1.9819793701171875,5.427184581756592,3.974403,3.271113,3.0520563,bound_replica_03_seed20260933,True
8290.0,2.386455774307251,5.4624152183532715,3.9409308,3.9005752,3.6835175,bound_replica_03_seed20260933,True
8300.0,2.009171485900879,5.489930629730225,3.9040637,3.4109159,3.226036,bound_replica_03_seed20260933,True
8310.0,1.9904993772506714,5.376121997833252,3.8902047,3.1631877,2.8886075,bound_replica_03_seed20260933,True
8320.0,2.0715222358703613,5.336936950683594,3.8580256,3.076085,3.1004977,bound_replica_03_seed20260933,True
8330.0,1.7366409301757812,5.352784156799316,3.8705552,3.0358033,2.8922153,bound_replica_03_seed20260933,True
8340.0,2.0267698764801025,5.4337158203125,3.8327873,3.1250648,3.054482,bound_replica_03_seed20260933,True
8350.0,2.036923885345459,5.45235538482666,3.74151,3.0378528,2.3325982,bound_replica_03_seed20260933,True
8360.0,2.146394729614258,5.369746208190918,3.7933478,3.3038278,1.9824314,bound_replica_03_seed20260933,True
8370.0,2.0871167182922363,5.441219329833984,3.9757228,3.6025739,1.8310481,bound_replica_03_seed20260933,True
8380.0,2.0081143379211426,5.429239749908447,3.8753638,3.1116488,2.2043638,bound_replica_03_seed20260933,True
8390.0,2.055654287338257,5.423936367034912,3.94307,3.35551,2.2751667,bound_replica_03_seed20260933,True
8400.0,2.194155693054199,5.428695201873779,3.856351,3.727787,3.4322128,bound_replica_03_seed20260933,True
8410.0,2.24170184135437,5.486385822296143,3.8630114,3.6168447,3.0950072,bound_replica_03_seed20260933,True
8420.0,1.9749329090118408,5.47337007522583,3.6541774,3.5824585,3.3712053,bound_replica_03_seed20260933,True
8430.0,2.058687686920166,5.351234436035156,3.7576652,3.4258115,2.742454,bound_replica_03_seed20260933,True
8440.0,1.9104669094085693,5.405421257019043,3.7789893,3.499918,3.177927,bound_replica_03_seed20260933,True
8450.0,2.0604004859924316,5.445159912109375,3.8679805,3.3942125,3.41088,bound_replica_03_seed20260933,True
8460.0,1.9854397773742676,5.455432415008545,3.757051,3.491936,3.0219011,bound_replica_03_seed20260933,True
8470.0,2.0996253490448,5.4799323081970215,3.798926,3.6503525,2.8176882,bound_replica_03_seed20260933,True
8480.0,2.262521982192993,5.369071006774902,3.6887848,4.0232906,3.30728,bound_replica_03_seed20260933,True
8490.0,1.829310417175293,5.420131683349609,3.7549803,3.587265,2.870072,bound_replica_03_seed20260933,True
8500.0,1.6408497095108032,5.395177841186523,3.9337878,3.342177,2.6539102,bound_replica_03_seed20260933,True
8510.0,1.68459153175354,5.445485591888428,3.9030826,3.4673235,2.0852084,bound_replica_03_seed20260933,True
8520.0,2.008820056915283,5.428819179534912,3.8668873,3.4957614,2.3569164,bound_replica_03_seed20260933,True
8530.0,1.9870795011520386,5.379001617431641,3.934643,3.3186328,2.7482147,bound_replica_03_seed20260933,True
8540.0,2.1417107582092285,5.453034400939941,3.9855938,3.549909,1.6913106,bound_replica_03_seed20260933,True
8550.0,1.8960726261138916,5.456686496734619,3.7157183,3.523195,1.8331022,bound_replica_03_seed20260933,True
8560.0,2.1520779132843018,5.43705940246582,3.6775339,3.5745983,2.329354,bound_replica_03_seed20260933,True
8570.0,2.081925630569458,5.447364330291748,3.6070232,3.8319683,1.8155453,bound_replica_03_seed20260933,True
8580.0,2.2033603191375732,5.2928900718688965,3.7362585,4.072057,2.2763143,bound_replica_03_seed20260933,True
8590.0,2.290025472640991,5.483999729156494,3.9130042,4.103526,1.2840122,bound_replica_03_seed20260933,True
8600.0,2.218266248703003,5.4433369636535645,3.8202775,4.058339,1.6125466,bound_replica_03_seed20260933,True
8610.0,2.358098268508911,5.3481035232543945,3.920642,3.5575666,2.3460095,bound_replica_03_seed20260933,True
8620.0,2.4174323081970215,5.478961944580078,4.055043,3.992605,1.9438297,bound_replica_03_seed20260933,True
8630.0,2.125614881515503,5.40816068649292,4.2048206,4.1990557,1.5449725,bound_replica_03_seed20260933,True
8640.0,2.3882296085357666,5.5094475746154785,4.372694,4.253257,1.4023926,bound_replica_03_seed20260933,True
8650.0,2.4305763244628906,5.528508186340332,4.288805,4.1468067,1.5283631,bound_replica_03_seed20260933,True
8660.0,2.335948944091797,5.499077320098877,4.41321,3.9294734,1.599655,bound_replica_03_seed20260933,True
8670.0,2.3342041969299316,5.459799766540527,4.2330046,4.265986,1.4057022,bound_replica_03_seed20260933,True
8680.0,2.327270984649658,5.490164756774902,4.3351164,4.2148952,1.3182335,bound_replica_03_seed20260933,True
8690.0,2.7507987022399902,5.513991832733154,4.211892,3.9590976,1.6192088,bound_replica_03_seed20260933,True
8700.0,2.4929163455963135,5.409691333770752,4.2788076,4.066682,1.7284739,bound_replica_03_seed20260933,True
8710.0,2.3676576614379883,5.411106109619141,4.0937047,3.8341255,1.7559279,bound_replica_03_seed20260933,True
8720.0,2.5338590145111084,5.382643222808838,4.0468416,3.85066,1.6962517,bound_replica_03_seed20260933,True
8730.0,2.401292085647583,5.449971675872803,3.9540687,3.8045254,2.124298,bound_replica_03_seed20260933,True
8740.0,2.543107032775879,5.364309310913086,3.8712049,3.9233847,1.8841873,bound_replica_03_seed20260933,True
8750.0,2.5780029296875,5.422902584075928,3.7030303,3.8894358,2.190597,bound_replica_03_seed20260933,True
8760.0,2.715578317642212,5.492644309997559,3.752999,3.5195794,2.6636841,bound_replica_03_seed20260933,True
8770.0,2.6189746856689453,5.331441879272461,3.9674606,3.389389,2.4288247,bound_replica_03_seed20260933,True
8780.0,2.4472756385803223,5.416950702667236,4.0010824,3.5598397,2.6132855,bound_replica_03_seed20260933,True
8790.0,2.0736448764801025,5.345170497894287,3.833458,3.8341954,3.0172231,bound_replica_03_seed20260933,True
8800.0,2.176621675491333,5.484242916107178,3.9777899,4.0280323,2.8569534,bound_replica_03_seed20260933,True
8810.0,2.0468907356262207,5.230040073394775,3.7246218,3.950479,2.5469077,bound_replica_03_seed20260933,True
8820.0,2.213264226913452,5.429680824279785,3.7020788,4.26733,2.996721,bound_replica_03_seed20260933,True
8830.0,2.1163036823272705,5.460360050201416,3.745788,4.3336005,2.847512,bound_replica_03_seed20260933,True
8840.0,2.2108139991760254,5.399925708770752,3.9891129,4.588162,2.9076731,bound_replica_03_seed20260933,True
8850.0,2.2734925746917725,5.4573540687561035,3.9635134,4.4593205,2.1902552,bound_replica_03_seed20260933,True
8860.0,2.0679726600646973,5.566342353820801,4.017286,4.504589,2.5943618,bound_replica_03_seed20260933,True
8870.0,1.9530730247497559,5.4969305992126465,4.119439,4.4767365,2.89466,bound_replica_03_seed20260933,True
8880.0,2.0472798347473145,5.434459686279297,4.1052775,4.485285,3.1153412,bound_replica_03_seed20260933,True
8890.0,2.047584056854248,5.225177764892578,4.019256,4.2661815,2.4271007,bound_replica_03_seed20260933,True
8900.0,1.8016630411148071,5.465492248535156,3.9588833,4.1981487,2.5041533,bound_replica_03_seed20260933,True
8910.0,1.6392827033996582,5.33474063873291,4.0929375,4.0294147,3.0254955,bound_replica_03_seed20260933,True
8920.0,1.8435722589492798,5.405145645141602,4.075036,4.1374426,2.5057664,bound_replica_03_seed20260933,True
8930.0,1.5469441413879395,5.461183547973633,4.029477,3.7709177,2.984083,bound_replica_03_seed20260933,True
8940.0,1.4800212383270264,5.536632061004639,4.159753,4.039062,2.7611055,bound_replica_03_seed20260933,True
8950.0,1.3938276767730713,5.359019756317139,4.1023235,3.7322187,3.0368135,bound_replica_03_seed20260933,True
8960.0,1.3774516582489014,5.406380653381348,3.9829447,3.823523,3.0182564,bound_replica_03_seed20260933,True
8970.0,1.8340994119644165,5.475168704986572,4.0468974,3.8741055,2.785761,bound_replica_03_seed20260933,True
8980.0,1.635122537612915,5.45610237121582,4.064048,4.002463,3.3925364,bound_replica_03_seed20260933,True
8990.0,1.4816677570343018,5.511375427246094,4.023219,4.187163,3.017957,bound_replica_03_seed20260933,True
9000.0,1.511643886566162,5.3851799964904785,4.0636034,4.406901,3.0720258,bound_replica_03_seed20260933,True
9010.0,1.729600429534912,5.595452785491943,4.0030355,4.525959,3.0909622,bound_replica_03_seed20260933,True
9020.0,1.5701837539672852,5.4353766441345215,3.95354,4.3976207,3.0188954,bound_replica_03_seed20260933,True
9030.0,1.6297996044158936,5.373448371887207,4.0182,3.8811626,2.932544,bound_replica_03_seed20260933,True
9040.0,1.832477331161499,5.390975475311279,4.0540032,3.911911,2.9594607,bound_replica_03_seed20260933,True
9050.0,1.7311360836029053,5.23679256439209,3.6985018,4.0422587,3.4397745,bound_replica_03_seed20260933,True
9060.0,1.9241116046905518,5.445560455322266,3.9630551,4.6491623,3.8543224,bound_replica_03_seed20260933,True
9070.0,1.9489449262619019,5.357089996337891,3.8780322,4.1349354,2.9537833,bound_replica_03_seed20260933,True
9080.0,1.9138466119766235,5.4485182762146,3.8664224,4.084777,2.641871,bound_replica_03_seed20260933,True
9090.0,1.866849422454834,5.48356819152832,3.9636014,4.325723,3.0994992,bound_replica_03_seed20260933,True
9100.0,1.3940625190734863,5.404873371124268,3.8277593,4.2628665,3.4596438,bound_replica_03_seed20260933,True
9110.0,1.6628310680389404,5.300676345825195,3.614097,4.17253,3.0953872,bound_replica_03_seed20260933,True
9120.0,1.7722551822662354,5.510935306549072,3.717809,4.339473,3.1370604,bound_replica_03_seed20260933,True
9130.0,1.9003630876541138,5.456386566162109,3.8558187,4.429664,3.346937,bound_replica_03_seed20260933,True
9140.0,1.6743932962417603,5.442729473114014,3.938986,3.9406464,2.7938733,bound_replica_03_seed20260933,True
9150.0,2.0025882720947266,5.4108052253723145,3.9226408,3.4436212,2.2156768,bound_replica_03_seed20260933,True
9160.0,2.0778427124023438,5.432171821594238,3.8367293,3.6270454,2.4009335,bound_replica_03_seed20260933,True
9170.0,2.4270436763763428,5.574635982513428,3.924457,4.3053455,2.5724282,bound_replica_03_seed20260933,True
9180.0,2.2591333389282227,5.466535568237305,3.7202625,3.9676654,2.5279303,bound_replica_03_seed20260933,True
9190.0,1.9585000276565552,5.397940635681152,3.8602982,3.5661805,2.832811,bound_replica_03_seed20260933,True
9200.0,2.2700726985931396,5.500099182128906,3.804638,3.4105775,2.1007051,bound_replica_03_seed20260933,True
9210.0,2.1112353801727295,5.425533771514893,3.8485324,3.5412953,2.1589704,bound_replica_03_seed20260933,True
9220.0,2.387913227081299,5.404104232788086,3.7103412,3.7337132,1.9495052,bound_replica_03_seed20260933,True
9230.0,2.1608211994171143,5.492523193359375,3.7157564,3.9843094,1.7385004,bound_replica_03_seed20260933,True
9240.0,2.539799213409424,5.369725704193115,3.5212686,4.148231,1.803913,bound_replica_03_seed20260933,True
9250.0,2.159318685531616,5.461347579956055,3.5475519,3.5899096,2.2656245,bound_replica_03_seed20260933,True
9260.0,2.5654263496398926,5.401606559753418,3.4896863,3.7215362,1.7831986,bound_replica_03_seed20260933,True
9270.0,2.380990743637085,5.524402141571045,3.4464562,4.3762164,1.396231,bound_replica_03_seed20260933,True
9280.0,2.539926052093506,5.540804862976074,3.457468,4.333002,1.6111758,bound_replica_03_seed20260933,True
9290.0,2.2680349349975586,5.472347736358643,3.6147542,4.4562006,1.3579907,bound_replica_03_seed20260933,True
9300.0,2.429213047027588,5.4517292976379395,3.5277328,4.062957,1.8787711,bound_replica_03_seed20260933,True
9310.0,2.4385550022125244,5.455471038818359,3.5282712,3.758792,1.5234847,bound_replica_03_seed20260933,True
9320.0,2.5142929553985596,5.473887920379639,3.5197566,4.2007055,1.3273548,bound_replica_03_seed20260933,True
9330.0,2.5819315910339355,5.375680923461914,3.5258129,3.9056005,1.5416858,bound_replica_03_seed20260933,True
9340.0,2.7298197746276855,5.551798343658447,3.5635395,3.9792182,1.0928948,bound_replica_03_seed20260933,True
9350.0,2.6703338623046875,5.520133972167969,3.518771,4.314632,1.3674438,bound_replica_03_seed20260933,True
9360.0,2.4894402027130127,5.392413139343262,3.5255656,3.7540636,1.7682297,bound_replica_03_seed20260933,True
9370.0,2.6568427085876465,5.35231876373291,3.4575996,4.630682,0.60372335,bound_replica_03_seed20260933,True
9380.0,2.6369500160217285,5.55206823348999,3.4317522,4.6137524,0.7943607,bound_replica_03_seed20260933,True
9390.0,2.631985664367676,5.426697731018066,3.414466,4.744832,0.8397034,bound_replica_03_seed20260933,True
9400.0,2.7806077003479004,5.365812301635742,3.3857358,4.3685207,1.2165147,bound_replica_03_seed20260933,True
9410.0,2.806901454925537,5.50243616104126,3.4604862,4.281339,0.36653724,bound_replica_03_seed20260933,True
9420.0,2.477205753326416,5.39264440536499,3.363087,3.909587,0.49803776,bound_replica_03_seed20260933,True
9430.0,2.6521108150482178,5.3771443367004395,3.4647737,3.9760714,0.7740894,bound_replica_03_seed20260933,True
9440.0,2.6498241424560547,5.436352729797363,3.5687068,3.8099074,1.37029,bound_replica_03_seed20260933,True
9450.0,2.4958066940307617,5.344949245452881,3.5946558,3.7800786,1.6798294,bound_replica_03_seed20260933,True
9460.0,2.469653606414795,5.465874195098877,3.6819384,3.8768437,1.4854907,bound_replica_03_seed20260933,True
9470.0,2.5498013496398926,5.513901233673096,3.6751983,4.271615,0.93262804,bound_replica_03_seed20260933,True
9480.0,2.513049840927124,5.542972564697266,3.5933754,3.9038205,0.81507826,bound_replica_03_seed20260933,True
9490.0,2.603328227996826,5.395410060882568,3.6169076,4.059332,0.58681667,bound_replica_03_seed20260933,True
9500.0,2.554996967315674,5.4102983474731445,3.6913836,3.9686804,1.6289991,bound_replica_03_seed20260933,True
9510.0,2.547415256500244,5.361333847045898,3.7333407,4.1528325,1.1502005,bound_replica_03_seed20260933,True
9520.0,2.5575709342956543,5.457109451293945,3.7021325,4.199841,1.4842778,bound_replica_03_seed20260933,True
9530.0,2.739959716796875,5.409183502197266,3.7002707,4.498946,0.62983066,bound_replica_03_seed20260933,True
9540.0,2.6767473220825195,5.498788833618164,4.118839,4.377693,0.64294314,bound_replica_03_seed20260933,True
9550.0,2.599797487258911,5.436830520629883,4.261379,4.5576296,0.9114421,bound_replica_03_seed20260933,True
9560.0,2.6365926265716553,5.384446144104004,4.2322707,4.4070425,0.91757464,bound_replica_03_seed20260933,True
9570.0,2.569354772567749,5.360832214355469,4.215686,4.4142165,1.1593647,bound_replica_03_seed20260933,True
9580.0,2.629297971725464,5.431607246398926,4.252121,4.556075,0.79113054,bound_replica_03_seed20260933,True
9590.0,2.5016844272613525,5.424456596374512,4.1092105,4.2738276,1.3769805,bound_replica_03_seed20260933,True
9600.0,2.4716134071350098,5.42588472366333,4.0156097,4.6178513,0.8075989,bound_replica_03_seed20260933,True
9610.0,2.7226219177246094,5.41114616394043,3.9647772,4.3280787,0.7062985,bound_replica_03_seed20260933,True
9620.0,2.7032766342163086,5.44465446472168,4.0475316,4.3062468,0.8239359,bound_replica_03_seed20260933,True
9630.0,2.728412628173828,5.4320759773254395,3.9611042,4.3240647,1.2096355,bound_replica_03_seed20260933,True
9640.0,2.705949306488037,5.405256748199463,4.0562196,4.287035,0.94987744,bound_replica_03_seed20260933,True
9650.0,2.6540613174438477,5.413250923156738,4.047903,4.6433644,0.5476132,bound_replica_03_seed20260933,True
9660.0,2.637075185775757,5.347146034240723,4.031435,4.7834496,0.15295191,bound_replica_03_seed20260933,True
9670.0,2.644904851913452,5.464678764343262,3.8829849,4.6025114,0.46323076,bound_replica_03_seed20260933,True
9680.0,2.7262842655181885,5.424534797668457,3.9210472,4.543463,0.6839894,bound_replica_03_seed20260933,True
9690.0,2.804569959640503,5.367328643798828,3.8587687,4.4243746,0.54843557,bound_replica_03_seed20260933,True
9700.0,2.698631525039673,5.373502731323242,3.7430038,4.276399,1.0849205,bound_replica_03_seed20260933,True
9710.0,2.67755389213562,5.42526912689209,3.8104298,4.385328,0.6572814,bound_replica_03_seed20260933,True
9720.0,2.7126526832580566,5.491092205047607,3.6954947,4.3586965,0.7693441,bound_replica_03_seed20260933,True
9730.0,2.5561859607696533,5.490031719207764,3.8520372,4.956334,0.27244774,bound_replica_03_seed20260933,True
9740.0,2.6682844161987305,5.304228782653809,3.7580256,4.074984,1.2909745,bound_replica_03_seed20260933,True
9750.0,2.611260175704956,5.349366664886475,3.8903947,4.1929684,1.2433641,bound_replica_03_seed20260933,True
9760.0,2.6674180030822754,5.467673301696777,3.830296,4.4760995,0.647558,bound_replica_03_seed20260933,True
9770.0,2.480057954788208,5.469473838806152,3.7447321,4.59415,0.09697159,bound_replica_03_seed20260933,True
9780.0,2.742462158203125,5.285715103149414,3.7164953,4.157451,0.66430867,bound_replica_03_seed20260933,True
9790.0,2.746809959411621,5.458166122436523,3.8681679,4.3210325,0.6307518,bound_replica_03_seed20260933,True
9800.0,2.5996923446655273,5.389864921569824,3.6460128,4.1466274,0.87362045,bound_replica_03_seed20260933,True
9810.0,2.7173004150390625,5.513067722320557,3.5443542,4.2831216,0.86112887,bound_replica_03_seed20260933,True
9820.0,2.6277389526367188,5.2895402908325195,3.4175725,3.5788636,1.5787885,bound_replica_03_seed20260933,True
9830.0,2.548523187637329,5.516302585601807,3.502223,4.4688625,0.7893748,bound_replica_03_seed20260933,True
9840.0,2.638395071029663,5.426840305328369,3.4588792,4.5613904,0.78825426,bound_replica_03_seed20260933,True
9850.0,2.3534905910491943,5.4720048904418945,3.3345428,4.2128057,0.82147944,bound_replica_03_seed20260933,True
9860.0,2.4558136463165283,5.457909107208252,3.3394446,4.6450596,0.6840497,bound_replica_03_seed20260933,True
9870.0,2.3843235969543457,5.443430423736572,3.3655403,4.4236217,0.76005006,bound_replica_03_seed20260933,True
9880.0,2.5833723545074463,5.4013261795043945,3.2855024,4.0920267,1.5459924,bound_replica_03_seed20260933,True
9890.0,2.6278235912323,5.410636901855469,3.259041,4.221752,0.7906685,bound_replica_03_seed20260933,True
9900.0,2.816422462463379,5.396376609802246,3.4758492,3.9649227,1.0036976,bound_replica_03_seed20260933,True
9910.0,2.631110191345215,5.343929290771484,3.465067,3.9266613,1.2186489,bound_replica_03_seed20260933,True
9920.0,2.508857250213623,5.36655330657959,3.5794187,4.8643236,0.36892372,bound_replica_03_seed20260933,True
9930.0,2.735933780670166,5.329986095428467,3.6030493,4.498749,1.0361438,bound_replica_03_seed20260933,True
9940.0,2.786494731903076,5.341107368469238,3.534874,4.534164,0.916624,bound_replica_03_seed20260933,True
9950.0,2.705125331878662,5.4814043045043945,3.5562727,4.744561,0.7530857,bound_replica_03_seed20260933,True
9960.0,2.645258903503418,5.379206657409668,3.4307911,4.3641515,0.89556754,bound_replica_03_seed20260933,True
9970.0,2.5286879539489746,5.486026763916016,3.438743,4.369752,0.88727784,bound_replica_03_seed20260933,True
9980.0,2.654395580291748,5.399711608886719,3.512379,4.5018134,0.55264944,bound_replica_03_seed20260933,True
9990.0,2.690932273864746,5.447402000427246,3.4362397,4.584089,0.20810705,bound_replica_03_seed20260933,True
10000.0,2.72444486618042,5.422268390655518,3.2562075,4.4650307,0.62826955,bound_replica_03_seed20260933,True
2010.0,1.6432242,5.170107,,,,free_replica_01_seed20260921,True
2020.0,1.9239389,5.329025,,,,free_replica_01_seed20260921,True
2030.0,1.6374792,5.414827,,,,free_replica_01_seed20260921,True
2040.0,1.8503665,5.266118,,,,free_replica_01_seed20260921,True
2050.0,2.2700448,5.3667393,,,,free_replica_01_seed20260921,True
2060.0,1.4020878,5.2227263,,,,free_replica_01_seed20260921,True
2070.0,1.2252312,5.3191414,,,,free_replica_01_seed20260921,True
2080.0,1.2753322,5.372489,,,,free_replica_01_seed20260921,True
2090.0,1.0657246,5.3864784,,,,free_replica_01_seed20260921,True
2100.0,0.88217705,5.3098254,,,,free_replica_01_seed20260921,True
2110.0,1.2500889,5.4350815,,,,free_replica_01_seed20260921,True
2120.0,1.7508651,5.124531,,,,free_replica_01_seed20260921,True
2130.0,1.8787863,5.4153633,,,,free_replica_01_seed20260921,True
2140.0,1.7087593,5.4233117,,,,free_replica_01_seed20260921,True
2150.0,1.5858656,5.2884746,,,,free_replica_01_seed20260921,True
2160.0,2.1129286,5.4184465,,,,free_replica_01_seed20260921,True
2170.0,2.2347925,5.357992,,,,free_replica_01_seed20260921,True
2180.0,1.8209238,5.421102,,,,free_replica_01_seed20260921,True
2190.0,1.9355024,5.385756,,,,free_replica_01_seed20260921,True
2200.0,1.5259936,5.314653,,,,free_replica_01_seed20260921,True
2210.0,1.0365956,5.419721,,,,free_replica_01_seed20260921,True
2220.0,1.1126829,5.2260523,,,,free_replica_01_seed20260921,True
2230.0,1.0103465,5.291935,,,,free_replica_01_seed20260921,True
2240.0,1.0335182,5.3558702,,,,free_replica_01_seed20260921,True
2250.0,1.2881423,5.301268,,,,free_replica_01_seed20260921,True
2260.0,1.3035141,5.4251285,,,,free_replica_01_seed20260921,True
2270.0,1.0199134,5.261512,,,,free_replica_01_seed20260921,True
2280.0,1.3349364,5.434065,,,,free_replica_01_seed20260921,True
2290.0,1.0610971,5.3815966,,,,free_replica_01_seed20260921,True
2300.0,1.1137694,5.3885717,,,,free_replica_01_seed20260921,True
2310.0,1.0537134,5.4313593,,,,free_replica_01_seed20260921,True
2320.0,1.0318404,5.3451614,,,,free_replica_01_seed20260921,True
2330.0,1.096499,5.3492885,,,,free_replica_01_seed20260921,True
2340.0,1.7856119,5.317588,,,,free_replica_01_seed20260921,True
2350.0,1.275701,5.164279,,,,free_replica_01_seed20260921,True
2360.0,1.3183714,5.374502,,,,free_replica_01_seed20260921,True
2370.0,1.5665424,5.2642846,,,,free_replica_01_seed20260921,True
2380.0,1.8379623,5.4075947,,,,free_replica_01_seed20260921,True
2390.0,2.2710023,5.3080516,,,,free_replica_01_seed20260921,True
2400.0,2.0485356,5.2629185,,,,free_replica_01_seed20260921,True
2410.0,1.9221188,5.341842,,,,free_replica_01_seed20260921,True
2420.0,1.5995873,5.10956,,,,free_replica_01_seed20260921,True
2430.0,1.7790127,5.3029733,,,,free_replica_01_seed20260921,True
2440.0,1.4912081,5.3851776,,,,free_replica_01_seed20260921,True
2450.0,1.3134772,5.38342,,,,free_replica_01_seed20260921,True
2460.0,1.2728685,5.2498474,,,,free_replica_01_seed20260921,True
2470.0,1.2360134,5.3937645,,,,free_replica_01_seed20260921,True
2480.0,1.4621611,5.332541,,,,free_replica_01_seed20260921,True
2490.0,2.0208726,5.3770456,,,,free_replica_01_seed20260921,True
2500.0,1.2015476,5.291339,,,,free_replica_01_seed20260921,True
2510.0,1.3848813,5.493241,,,,free_replica_01_seed20260921,True
2520.0,1.2814718,5.351178,,,,free_replica_01_seed20260921,True
2530.0,1.2731619,5.3597164,,,,free_replica_01_seed20260921,True
2540.0,1.2333511,5.4142494,,,,free_replica_01_seed20260921,True
2550.0,1.2467711,5.369712,,,,free_replica_01_seed20260921,True
2560.0,0.9359015,5.2830105,,,,free_replica_01_seed20260921,True
2570.0,1.0961307,5.3241844,,,,free_replica_01_seed20260921,True
2580.0,1.4078734,5.301743,,,,free_replica_01_seed20260921,True
2590.0,1.7458105,5.2875214,,,,free_replica_01_seed20260921,True
2600.0,1.780088,5.3522863,,,,free_replica_01_seed20260921,True
2610.0,1.7901237,5.338021,,,,free_replica_01_seed20260921,True
2620.0,1.9806677,5.3951497,,,,free_replica_01_seed20260921,True
2630.0,2.3285294,5.4441733,,,,free_replica_01_seed20260921,True
2640.0,2.2588217,5.3079276,,,,free_replica_01_seed20260921,True
2650.0,1.8175381,5.2905393,,,,free_replica_01_seed20260921,True
2660.0,2.0026953,5.3718038,,,,free_replica_01_seed20260921,True
2670.0,2.056491,5.375275,,,,free_replica_01_seed20260921,True
2680.0,2.0304956,5.581016,,,,free_replica_01_seed20260921,True
2690.0,2.355893,5.5425787,,,,free_replica_01_seed20260921,True
2700.0,2.1711051,5.49226,,,,free_replica_01_seed20260921,True
2710.0,2.43039,5.562279,,,,free_replica_01_seed20260921,True
2720.0,2.1816633,5.475872,,,,free_replica_01_seed20260921,True
2730.0,2.1073833,5.610178,,,,free_replica_01_seed20260921,True
2740.0,2.240189,5.5842543,,,,free_replica_01_seed20260921,True
2750.0,1.8582147,5.6814404,,,,free_replica_01_seed20260921,True
2760.0,2.0367124,5.533721,,,,free_replica_01_seed20260921,True
2770.0,1.8917942,5.706549,,,,free_replica_01_seed20260921,True
2780.0,1.852312,5.611964,,,,free_replica_01_seed20260921,True
2790.0,1.9392132,5.602193,,,,free_replica_01_seed20260921,True
2800.0,1.8961598,5.664518,,,,free_replica_01_seed20260921,True
2810.0,1.8204741,5.543268,,,,free_replica_01_seed20260921,True
2820.0,1.7873691,5.629807,,,,free_replica_01_seed20260921,True
2830.0,1.8932774,5.647356,,,,free_replica_01_seed20260921,True
2840.0,2.0458226,5.635071,,,,free_replica_01_seed20260921,True
2850.0,1.8177027,5.5415936,,,,free_replica_01_seed20260921,True
2860.0,2.035913,5.611546,,,,free_replica_01_seed20260921,True
2870.0,2.0441656,5.7341976,,,,free_replica_01_seed20260921,True
2880.0,1.8357921,5.6090474,,,,free_replica_01_seed20260921,True
2890.0,1.9224991,5.6227236,,,,free_replica_01_seed20260921,True
2900.0,2.14272,5.623501,,,,free_replica_01_seed20260921,True
2910.0,2.3077855,5.522276,,,,free_replica_01_seed20260921,True
2920.0,2.1820889,5.605449,,,,free_replica_01_seed20260921,True
2930.0,1.7319679,5.6517034,,,,free_replica_01_seed20260921,True
2940.0,1.8203223,5.675001,,,,free_replica_01_seed20260921,True
2950.0,1.542095,5.4741087,,,,free_replica_01_seed20260921,True
2960.0,1.8556058,5.6249166,,,,free_replica_01_seed20260921,True
2970.0,1.6308398,5.486535,,,,free_replica_01_seed20260921,True
2980.0,1.8660028,5.7036614,,,,free_replica_01_seed20260921,True
2990.0,1.9353472,5.6816883,,,,free_replica_01_seed20260921,True
3000.0,1.8860049,5.7013135,,,,free_replica_01_seed20260921,True
3010.0,1.8552871,5.605503,,,,free_replica_01_seed20260921,True
3020.0,2.1128247,5.597829,,,,free_replica_01_seed20260921,True
3030.0,1.8585382,5.6559362,,,,free_replica_01_seed20260921,True
3040.0,1.9065592,5.6153183,,,,free_replica_01_seed20260921,True
3050.0,1.9563662,5.597863,,,,free_replica_01_seed20260921,True
3060.0,1.908016,5.552393,,,,free_replica_01_seed20260921,True
3070.0,1.9131738,5.611889,,,,free_replica_01_seed20260921,True
3080.0,1.7620014,5.702824,,,,free_replica_01_seed20260921,True
3090.0,1.4885623,5.511674,,,,free_replica_01_seed20260921,True
3100.0,1.641549,5.57477,,,,free_replica_01_seed20260921,True
3110.0,1.9687817,5.6019363,,,,free_replica_01_seed20260921,True
3120.0,2.01233,5.641803,,,,free_replica_01_seed20260921,True
3130.0,2.082638,5.641,,,,free_replica_01_seed20260921,True
3140.0,1.5183249,5.6181984,,,,free_replica_01_seed20260921,True
3150.0,1.874169,5.590453,,,,free_replica_01_seed20260921,True
3160.0,1.7814082,5.6095266,,,,free_replica_01_seed20260921,True
3170.0,1.8016595,5.6509037,,,,free_replica_01_seed20260921,True
3180.0,2.349803,5.5366063,,,,free_replica_01_seed20260921,True
3190.0,1.9896791,5.527763,,,,free_replica_01_seed20260921,True
3200.0,1.3929539,5.4793406,,,,free_replica_01_seed20260921,True
3210.0,2.361991,5.549407,,,,free_replica_01_seed20260921,True
3220.0,1.7046596,5.680886,,,,free_replica_01_seed20260921,True
3230.0,1.4899881,5.5955462,,,,free_replica_01_seed20260921,True
3240.0,1.6757939,5.615466,,,,free_replica_01_seed20260921,True
3250.0,1.7958293,5.6447787,,,,free_replica_01_seed20260921,True
3260.0,1.6500959,5.5310745,,,,free_replica_01_seed20260921,True
3270.0,1.4840602,5.59071,,,,free_replica_01_seed20260921,True
3280.0,1.6561936,5.6816425,,,,free_replica_01_seed20260921,True
3290.0,2.079942,5.632515,,,,free_replica_01_seed20260921,True
3300.0,1.9254236,5.5989523,,,,free_replica_01_seed20260921,True
3310.0,1.6472017,5.5829806,,,,free_replica_01_seed20260921,True
3320.0,1.918901,5.599698,,,,free_replica_01_seed20260921,True
3330.0,1.748854,5.588853,,,,free_replica_01_seed20260921,True
3340.0,1.9167926,5.6974463,,,,free_replica_01_seed20260921,True
3350.0,1.9819969,5.5991483,,,,free_replica_01_seed20260921,True
3360.0,1.8856103,5.567938,,,,free_replica_01_seed20260921,True
3370.0,1.7903528,5.6652904,,,,free_replica_01_seed20260921,True
3380.0,1.5791351,5.606122,,,,free_replica_01_seed20260921,True
3390.0,1.9211743,5.5519953,,,,free_replica_01_seed20260921,True
3400.0,2.0095258,5.565112,,,,free_replica_01_seed20260921,True
3410.0,2.0204706,5.5080433,,,,free_replica_01_seed20260921,True
3420.0,2.2048273,5.532057,,,,free_replica_01_seed20260921,True
3430.0,1.8833754,5.4571347,,,,free_replica_01_seed20260921,True
3440.0,1.5732883,5.424634,,,,free_replica_01_seed20260921,True
3450.0,1.6369219,5.524375,,,,free_replica_01_seed20260921,True
3460.0,1.512613,5.5888267,,,,free_replica_01_seed20260921,True
3470.0,1.5908561,5.531189,,,,free_replica_01_seed20260921,True
3480.0,1.5327387,5.5645494,,,,free_replica_01_seed20260921,True
3490.0,1.6856914,5.5797715,,,,free_replica_01_seed20260921,True
3500.0,1.6191571,5.6190705,,,,free_replica_01_seed20260921,True
3510.0,1.500622,5.5077076,,,,free_replica_01_seed20260921,True
3520.0,1.6460202,5.4700537,,,,free_replica_01_seed20260921,True
3530.0,1.9932897,5.5214396,,,,free_replica_01_seed20260921,True
3540.0,1.9807166,5.53704,,,,free_replica_01_seed20260921,True
3550.0,2.3449554,5.4550977,,,,free_replica_01_seed20260921,True
3560.0,2.7727675,5.425639,,,,free_replica_01_seed20260921,True
3570.0,1.7880536,5.475991,,,,free_replica_01_seed20260921,True
3580.0,1.5773928,5.460692,,,,free_replica_01_seed20260921,True
3590.0,1.6228713,5.5116644,,,,free_replica_01_seed20260921,True
3600.0,1.7487996,5.5697517,,,,free_replica_01_seed20260921,True
3610.0,1.7562511,5.4993486,,,,free_replica_01_seed20260921,True
3620.0,2.0640929,5.493479,,,,free_replica_01_seed20260921,True
3630.0,2.286487,5.657783,,,,free_replica_01_seed20260921,True
3640.0,2.0044856,5.5922565,,,,free_replica_01_seed20260921,True
3650.0,2.0377297,5.4898286,,,,free_replica_01_seed20260921,True
3660.0,1.8286405,5.3642755,,,,free_replica_01_seed20260921,True
3670.0,1.8348204,5.4047775,,,,free_replica_01_seed20260921,True
3680.0,2.6412795,5.488479,,,,free_replica_01_seed20260921,True
3690.0,2.7537892,5.45418,,,,free_replica_01_seed20260921,True
3700.0,2.5625863,5.6156073,,,,free_replica_01_seed20260921,True
3710.0,1.9851508,5.6373796,,,,free_replica_01_seed20260921,True
3720.0,1.7608625,5.474512,,,,free_replica_01_seed20260921,True
3730.0,1.6872313,5.548953,,,,free_replica_01_seed20260921,True
3740.0,1.9761646,5.4564853,,,,free_replica_01_seed20260921,True
3750.0,2.613758,5.348511,,,,free_replica_01_seed20260921,True
3760.0,1.9715457,5.5979548,,,,free_replica_01_seed20260921,True
3770.0,2.0038164,5.4983425,,,,free_replica_01_seed20260921,True
3780.0,2.0607188,5.5183554,,,,free_replica_01_seed20260921,True
3790.0,1.6375976,5.504114,,,,free_replica_01_seed20260921,True
3800.0,1.7894409,5.285617,,,,free_replica_01_seed20260921,True
3810.0,2.0924494,5.624959,,,,free_replica_01_seed20260921,True
3820.0,1.563033,5.5000076,,,,free_replica_01_seed20260921,True
3830.0,1.6492616,5.4901867,,,,free_replica_01_seed20260921,True
3840.0,1.5583727,5.5259986,,,,free_replica_01_seed20260921,True
3850.0,2.3590066,5.533716,,,,free_replica_01_seed20260921,True
3860.0,2.4160821,5.5480814,,,,free_replica_01_seed20260921,True
3870.0,2.3762057,5.5476875,,,,free_replica_01_seed20260921,True
3880.0,2.321961,5.537718,,,,free_replica_01_seed20260921,True
3890.0,2.591825,5.4933696,,,,free_replica_01_seed20260921,True
3900.0,2.4170182,5.4290075,,,,free_replica_01_seed20260921,True
3910.0,2.2445688,5.5820723,,,,free_replica_01_seed20260921,True
3920.0,2.6449964,5.5917683,,,,free_replica_01_seed20260921,True
3930.0,2.5278857,5.564334,,,,free_replica_01_seed20260921,True
3940.0,2.3387847,5.501659,,,,free_replica_01_seed20260921,True
3950.0,2.6313596,5.5774713,,,,free_replica_01_seed20260921,True
3960.0,2.5262008,5.463744,,,,free_replica_01_seed20260921,True
3970.0,2.7489352,5.499092,,,,free_replica_01_seed20260921,True
3980.0,2.4301584,5.4598856,,,,free_replica_01_seed20260921,True
3990.0,2.0660164,5.6708913,,,,free_replica_01_seed20260921,True
4000.0,2.0748763,5.5006647,,,,free_replica_01_seed20260921,True
4010.0,2.3161542,5.460802,,,,free_replica_01_seed20260921,True
4020.0,1.6266984,5.655904,,,,free_replica_01_seed20260921,True
4030.0,1.524908,5.577591,,,,free_replica_01_seed20260921,True
4040.0,1.4823669,5.6060295,,,,free_replica_01_seed20260921,True
4050.0,2.0598865,5.669593,,,,free_replica_01_seed20260921,True
4060.0,1.816639,5.6386585,,,,free_replica_01_seed20260921,True
4070.0,1.432683,5.508055,,,,free_replica_01_seed20260921,True
4080.0,1.5001284,5.5709534,,,,free_replica_01_seed20260921,True
4090.0,1.8660846,5.649073,,,,free_replica_01_seed20260921,True
4100.0,1.7282755,5.406034,,,,free_replica_01_seed20260921,True
4110.0,1.6585298,5.640061,,,,free_replica_01_seed20260921,True
4120.0,1.6422226,5.56816,,,,free_replica_01_seed20260921,True
4130.0,1.9452821,5.6902466,,,,free_replica_01_seed20260921,True
4140.0,2.2116714,5.6211357,,,,free_replica_01_seed20260921,True
4150.0,1.9517541,5.7003236,,,,free_replica_01_seed20260921,True
4160.0,1.7680312,5.633626,,,,free_replica_01_seed20260921,True
4170.0,1.7055061,5.5949554,,,,free_replica_01_seed20260921,True
4180.0,2.1142087,5.6077003,,,,free_replica_01_seed20260921,True
4190.0,2.229764,5.6651497,,,,free_replica_01_seed20260921,True
4200.0,1.9954226,5.558202,,,,free_replica_01_seed20260921,True
4210.0,2.3576329,5.531122,,,,free_replica_01_seed20260921,True
4220.0,2.2798529,5.6392193,,,,free_replica_01_seed20260921,True
4230.0,2.265883,5.490866,,,,free_replica_01_seed20260921,True
4240.0,2.3495533,5.723526,,,,free_replica_01_seed20260921,True
4250.0,2.6835558,5.45704,,,,free_replica_01_seed20260921,True
4260.0,2.2698102,5.5148964,,,,free_replica_01_seed20260921,True
4270.0,2.2527153,5.478217,,,,free_replica_01_seed20260921,True
4280.0,2.6955566,5.4806967,,,,free_replica_01_seed20260921,True
4290.0,2.031225,5.435458,,,,free_replica_01_seed20260921,True
4300.0,1.8137968,5.395912,,,,free_replica_01_seed20260921,True
4310.0,2.0031548,5.538149,,,,free_replica_01_seed20260921,True
4320.0,2.258146,5.378233,,,,free_replica_01_seed20260921,True
4330.0,1.6218759,5.449642,,,,free_replica_01_seed20260921,True
4340.0,1.5925695,5.28773,,,,free_replica_01_seed20260921,True
4350.0,1.7776227,5.5719805,,,,free_replica_01_seed20260921,True
4360.0,1.8811274,5.4908257,,,,free_replica_01_seed20260921,True
4370.0,2.0964594,5.527046,,,,free_replica_01_seed20260921,True
4380.0,2.0206523,5.5771294,,,,free_replica_01_seed20260921,True
4390.0,2.0786312,5.5191016,,,,free_replica_01_seed20260921,True
4400.0,2.1523077,5.559156,,,,free_replica_01_seed20260921,True
4410.0,1.9097078,5.6407285,,,,free_replica_01_seed20260921,True
4420.0,2.1323721,5.6191435,,,,free_replica_01_seed20260921,True
4430.0,1.9792073,5.719655,,,,free_replica_01_seed20260921,True
4440.0,2.1104476,5.6563253,,,,free_replica_01_seed20260921,True
4450.0,2.187,5.6120567,,,,free_replica_01_seed20260921,True
4460.0,1.8987013,5.6606436,,,,free_replica_01_seed20260921,True
4470.0,1.7655284,5.6787724,,,,free_replica_01_seed20260921,True
4480.0,1.8089881,5.4407215,,,,free_replica_01_seed20260921,True
4490.0,1.981214,5.585767,,,,free_replica_01_seed20260921,True
4500.0,1.828404,5.636976,,,,free_replica_01_seed20260921,True
4510.0,1.7813171,5.624697,,,,free_replica_01_seed20260921,True
4520.0,2.2097733,5.6265097,,,,free_replica_01_seed20260921,True
4530.0,2.2237232,5.4918647,,,,free_replica_01_seed20260921,True
4540.0,2.4749956,5.375472,,,,free_replica_01_seed20260921,True
4550.0,2.1597507,5.531178,,,,free_replica_01_seed20260921,True
4560.0,2.3356183,5.363732,,,,free_replica_01_seed20260921,True
4570.0,2.1987321,5.4613643,,,,free_replica_01_seed20260921,True
4580.0,2.4213605,5.3873563,,,,free_replica_01_seed20260921,True
4590.0,2.4702399,5.56274,,,,free_replica_01_seed20260921,True
4600.0,2.575736,5.5384927,,,,free_replica_01_seed20260921,True
4610.0,2.7555182,5.476313,,,,free_replica_01_seed20260921,True
4620.0,2.5491288,5.5109987,,,,free_replica_01_seed20260921,True
4630.0,2.351599,5.5792975,,,,free_replica_01_seed20260921,True
4640.0,2.071714,5.5217366,,,,free_replica_01_seed20260921,True
4650.0,2.2113805,5.515724,,,,free_replica_01_seed20260921,True
4660.0,1.8279848,5.524421,,,,free_replica_01_seed20260921,True
4670.0,2.1369336,5.3938575,,,,free_replica_01_seed20260921,True
4680.0,2.0830715,5.593023,,,,free_replica_01_seed20260921,True
4690.0,2.0142267,5.5432405,,,,free_replica_01_seed20260921,True
4700.0,2.487165,5.503725,,,,free_replica_01_seed20260921,True
4710.0,2.448537,5.4195232,,,,free_replica_01_seed20260921,True
4720.0,2.0028088,5.537241,,,,free_replica_01_seed20260921,True
4730.0,2.06419,5.470399,,,,free_replica_01_seed20260921,True
4740.0,2.147862,5.5721784,,,,free_replica_01_seed20260921,True
4750.0,2.2841558,5.5355525,,,,free_replica_01_seed20260921,True
4760.0,2.3657007,5.582316,,,,free_replica_01_seed20260921,True
4770.0,2.3938818,5.6407614,,,,free_replica_01_seed20260921,True
4780.0,2.5513122,5.449254,,,,free_replica_01_seed20260921,True
4790.0,2.5261095,5.570491,,,,free_replica_01_seed20260921,True
4800.0,2.4926746,5.4491143,,,,free_replica_01_seed20260921,True
4810.0,2.432526,5.5084867,,,,free_replica_01_seed20260921,True
4820.0,2.444847,5.481169,,,,free_replica_01_seed20260921,True
4830.0,2.198641,5.409351,,,,free_replica_01_seed20260921,True
4840.0,2.5026975,5.410113,,,,free_replica_01_seed20260921,True
4850.0,2.2861729,5.3116264,,,,free_replica_01_seed20260921,True
4860.0,2.454239,5.5927224,,,,free_replica_01_seed20260921,True
4870.0,2.5317037,5.467491,,,,free_replica_01_seed20260921,True
4880.0,2.5093553,5.543974,,,,free_replica_01_seed20260921,True
4890.0,2.592526,5.5221815,,,,free_replica_01_seed20260921,True
4900.0,2.3378105,5.509047,,,,free_replica_01_seed20260921,True
4910.0,2.1229565,5.514986,,,,free_replica_01_seed20260921,True
4920.0,2.217587,5.631168,,,,free_replica_01_seed20260921,True
4930.0,2.3238652,5.5736837,,,,free_replica_01_seed20260921,True
4940.0,2.4318936,5.52343,,,,free_replica_01_seed20260921,True
4950.0,2.0884635,5.5371485,,,,free_replica_01_seed20260921,True
4960.0,2.054198,5.474967,,,,free_replica_01_seed20260921,True
4970.0,1.8360016,5.456499,,,,free_replica_01_seed20260921,True
4980.0,1.7653844,5.4750013,,,,free_replica_01_seed20260921,True
4990.0,2.0572875,5.5491996,,,,free_replica_01_seed20260921,True
5000.0,2.5287578,5.5417895,,,,free_replica_01_seed20260921,True
5010.0,2.508918,5.407207,,,,free_replica_01_seed20260921,True
5020.0,1.9717746,5.5868506,,,,free_replica_01_seed20260921,True
5030.0,2.3900516,5.43868,,,,free_replica_01_seed20260921,True
5040.0,1.9402473,5.528872,,,,free_replica_01_seed20260921,True
5050.0,2.017253,5.5682,,,,free_replica_01_seed20260921,True
5060.0,1.7921603,5.3787975,,,,free_replica_01_seed20260921,True
5070.0,2.0264335,5.5876403,,,,free_replica_01_seed20260921,True
5080.0,1.8566351,5.4765997,,,,free_replica_01_seed20260921,True
5090.0,1.743015,5.5306053,,,,free_replica_01_seed20260921,True
5100.0,2.058555,5.4787164,,,,free_replica_01_seed20260921,True
5110.0,1.9477416,5.5352173,,,,free_replica_01_seed20260921,True
5120.0,2.3995275,5.4403954,,,,free_replica_01_seed20260921,True
5130.0,2.3310971,5.4972625,,,,free_replica_01_seed20260921,True
5140.0,2.3245606,5.615019,,,,free_replica_01_seed20260921,True
5150.0,2.5719476,5.5450277,,,,free_replica_01_seed20260921,True
5160.0,2.3199358,5.5077286,,,,free_replica_01_seed20260921,True
5170.0,2.3043694,5.5196238,,,,free_replica_01_seed20260921,True
5180.0,2.2227578,5.517573,,,,free_replica_01_seed20260921,True
5190.0,2.3686342,5.5420914,,,,free_replica_01_seed20260921,True
5200.0,2.652607,5.4943333,,,,free_replica_01_seed20260921,True
5210.0,2.636456,5.5932446,,,,free_replica_01_seed20260921,True
5220.0,2.5630763,5.577031,,,,free_replica_01_seed20260921,True
5230.0,2.5148275,5.611834,,,,free_replica_01_seed20260921,True
5240.0,2.4829032,5.4982705,,,,free_replica_01_seed20260921,True
5250.0,2.4795575,5.4449377,,,,free_replica_01_seed20260921,True
5260.0,2.5590405,5.491477,,,,free_replica_01_seed20260921,True
5270.0,2.5309339,5.5312376,,,,free_replica_01_seed20260921,True
5280.0,2.500055,5.5158186,,,,free_replica_01_seed20260921,True
5290.0,2.3540194,5.580043,,,,free_replica_01_seed20260921,True
5300.0,2.4496787,5.573437,,,,free_replica_01_seed20260921,True
5310.0,2.3296218,5.642243,,,,free_replica_01_seed20260921,True
5320.0,1.8276066,5.4405236,,,,free_replica_01_seed20260921,True
5330.0,1.9325775,5.522931,,,,free_replica_01_seed20260921,True
5340.0,1.9445171,5.4987955,,,,free_replica_01_seed20260921,True
5350.0,2.5087593,5.482959,,,,free_replica_01_seed20260921,True
5360.0,1.7549981,5.5181603,,,,free_replica_01_seed20260921,True
5370.0,1.7009802,5.471838,,,,free_replica_01_seed20260921,True
5380.0,1.5981369,5.454735,,,,free_replica_01_seed20260921,True
5390.0,2.0091083,5.573474,,,,free_replica_01_seed20260921,True
5400.0,1.7901096,5.510864,,,,free_replica_01_seed20260921,True
5410.0,1.6847104,5.447597,,,,free_replica_01_seed20260921,True
5420.0,1.9440789,5.3754826,,,,free_replica_01_seed20260921,True
5430.0,1.9714973,5.5370426,,,,free_replica_01_seed20260921,True
5440.0,1.9848514,5.4617786,,,,free_replica_01_seed20260921,True
5450.0,2.166631,5.605102,,,,free_replica_01_seed20260921,True
5460.0,2.375269,5.595458,,,,free_replica_01_seed20260921,True
5470.0,2.571733,5.534773,,,,free_replica_01_seed20260921,True
5480.0,2.5337071,5.5727606,,,,free_replica_01_seed20260921,True
5490.0,2.3072186,5.4853253,,,,free_replica_01_seed20260921,True
5500.0,2.1038074,5.4593143,,,,free_replica_01_seed20260921,True
5510.0,1.5903963,5.449059,,,,free_replica_01_seed20260921,True
5520.0,1.6574771,5.4206614,,,,free_replica_01_seed20260921,True
5530.0,1.6350935,5.5556927,,,,free_replica_01_seed20260921,True
5540.0,1.2291298,5.414549,,,,free_replica_01_seed20260921,True
5550.0,1.3860812,5.4466143,,,,free_replica_01_seed20260921,True
5560.0,1.5475255,5.459354,,,,free_replica_01_seed20260921,True
5570.0,1.3688722,5.4473186,,,,free_replica_01_seed20260921,True
5580.0,1.7437881,5.5286226,,,,free_replica_01_seed20260921,True
5590.0,1.6884518,5.5000978,,,,free_replica_01_seed20260921,True
5600.0,1.603223,5.472446,,,,free_replica_01_seed20260921,True
5610.0,1.8918521,5.4579215,,,,free_replica_01_seed20260921,True
5620.0,1.6241148,5.4730964,,,,free_replica_01_seed20260921,True
5630.0,1.6294359,5.510003,,,,free_replica_01_seed20260921,True
5640.0,1.6690935,5.4251003,,,,free_replica_01_seed20260921,True
5650.0,1.6529408,5.4003906,,,,free_replica_01_seed20260921,True
5660.0,1.8271899,5.373919,,,,free_replica_01_seed20260921,True
5670.0,2.1109343,5.4941883,,,,free_replica_01_seed20260921,True
5680.0,2.0968442,5.5515423,,,,free_replica_01_seed20260921,True
5690.0,1.9065666,5.391015,,,,free_replica_01_seed20260921,True
5700.0,2.5347314,5.4433446,,,,free_replica_01_seed20260921,True
5710.0,2.2033603,5.4236355,,,,free_replica_01_seed20260921,True
5720.0,2.4873974,5.265308,,,,free_replica_01_seed20260921,True
5730.0,2.6082902,5.4360337,,,,free_replica_01_seed20260921,True
5740.0,2.696043,5.401334,,,,free_replica_01_seed20260921,True
5750.0,2.6924963,5.1644487,,,,free_replica_01_seed20260921,True
5760.0,2.541223,5.4670734,,,,free_replica_01_seed20260921,True
5770.0,2.7329473,5.384614,,,,free_replica_01_seed20260921,True
5780.0,2.5069916,5.4821415,,,,free_replica_01_seed20260921,True
5790.0,2.5679278,5.510375,,,,free_replica_01_seed20260921,True
5800.0,2.5746732,5.3311057,,,,free_replica_01_seed20260921,True
5810.0,2.5643778,5.3112435,,,,free_replica_01_seed20260921,True
5820.0,2.5517225,5.487982,,,,free_replica_01_seed20260921,True
5830.0,2.0776453,5.4187813,,,,free_replica_01_seed20260921,True
5840.0,2.6255326,5.4899926,,,,free_replica_01_seed20260921,True
5850.0,2.589157,5.3646317,,,,free_replica_01_seed20260921,True
5860.0,2.3680732,5.4484515,,,,free_replica_01_seed20260921,True
5870.0,2.5799248,5.375592,,,,free_replica_01_seed20260921,True
5880.0,2.4304867,5.40889,,,,free_replica_01_seed20260921,True
5890.0,2.5900793,5.3654623,,,,free_replica_01_seed20260921,True
5900.0,2.3928878,5.4622526,,,,free_replica_01_seed20260921,True
5910.0,2.5366864,5.4801393,,,,free_replica_01_seed20260921,True
5920.0,2.5912032,5.3652616,,,,free_replica_01_seed20260921,True
5930.0,2.5920992,5.2618456,,,,free_replica_01_seed20260921,True
5940.0,2.3535311,5.5246077,,,,free_replica_01_seed20260921,True
5950.0,2.2523258,5.5428295,,,,free_replica_01_seed20260921,True
5960.0,2.0738986,5.388379,,,,free_replica_01_seed20260921,True
5970.0,2.3747482,5.374792,,,,free_replica_01_seed20260921,True
5980.0,1.9949279,5.334629,,,,free_replica_01_seed20260921,True
5990.0,1.7907451,5.4950466,,,,free_replica_01_seed20260921,True
6000.0,2.4013274,5.5351834,,,,free_replica_01_seed20260921,True
6010.0,1.7305089,5.3272557,,,,free_replica_01_seed20260921,True
6020.0,2.3344114,5.455787,,,,free_replica_01_seed20260921,True
6030.0,2.3325546,5.451899,,,,free_replica_01_seed20260921,True
6040.0,2.1927752,5.4219465,,,,free_replica_01_seed20260921,True
6050.0,2.0896735,5.5601573,,,,free_replica_01_seed20260921,True
6060.0,1.2839575,5.371089,,,,free_replica_01_seed20260921,True
6070.0,1.3571408,5.445361,,,,free_replica_01_seed20260921,True
6080.0,1.5805104,5.3526907,,,,free_replica_01_seed20260921,True
6090.0,1.8624474,5.516202,,,,free_replica_01_seed20260921,True
6100.0,1.6546295,5.3327007,,,,free_replica_01_seed20260921,True
6110.0,1.5930626,5.464445,,,,free_replica_01_seed20260921,True
6120.0,2.3596406,5.440605,,,,free_replica_01_seed20260921,True
6130.0,2.4594555,5.422518,,,,free_replica_01_seed20260921,True
6140.0,2.6650586,5.4485517,,,,free_replica_01_seed20260921,True
6150.0,2.2321515,5.492925,,,,free_replica_01_seed20260921,True
6160.0,2.4692101,5.3948016,,,,free_replica_01_seed20260921,True
6170.0,2.2803214,5.3996305,,,,free_replica_01_seed20260921,True
6180.0,1.4942098,5.292974,,,,free_replica_01_seed20260921,True
6190.0,2.00865,5.499141,,,,free_replica_01_seed20260921,True
6200.0,2.4670954,5.462989,,,,free_replica_01_seed20260921,True
6210.0,2.5442529,5.2958765,,,,free_replica_01_seed20260921,True
6220.0,2.6193347,5.284386,,,,free_replica_01_seed20260921,True
6230.0,2.6000295,5.36584,,,,free_replica_01_seed20260921,True
6240.0,2.5247588,5.511879,,,,free_replica_01_seed20260921,True
6250.0,2.5538445,5.330706,,,,free_replica_01_seed20260921,True
6260.0,2.3196075,5.4283743,,,,free_replica_01_seed20260921,True
6270.0,2.1500638,5.430228,,,,free_replica_01_seed20260921,True
6280.0,2.2221737,5.375184,,,,free_replica_01_seed20260921,True
6290.0,2.4562266,5.4625683,,,,free_replica_01_seed20260921,True
6300.0,2.7510881,5.321396,,,,free_replica_01_seed20260921,True
6310.0,2.2215712,5.430761,,,,free_replica_01_seed20260921,True
6320.0,1.8986428,5.388218,,,,free_replica_01_seed20260921,True
6330.0,2.0531585,5.4378753,,,,free_replica_01_seed20260921,True
6340.0,2.181162,5.3255696,,,,free_replica_01_seed20260921,True
6350.0,1.8254197,5.447247,,,,free_replica_01_seed20260921,True
6360.0,1.372789,5.4445176,,,,free_replica_01_seed20260921,True
6370.0,1.3771379,5.3648324,,,,free_replica_01_seed20260921,True
6380.0,1.5652258,5.5137534,,,,free_replica_01_seed20260921,True
6390.0,1.5839932,5.395593,,,,free_replica_01_seed20260921,True
6400.0,2.4476566,5.3265076,,,,free_replica_01_seed20260921,True
6410.0,2.4721522,5.3138404,,,,free_replica_01_seed20260921,True
6420.0,2.1271405,5.381445,,,,free_replica_01_seed20260921,True
6430.0,1.8831635,5.376697,,,,free_replica_01_seed20260921,True
6440.0,1.964724,5.4179573,,,,free_replica_01_seed20260921,True
6450.0,2.0734687,5.5000925,,,,free_replica_01_seed20260921,True
6460.0,1.4219904,5.334098,,,,free_replica_01_seed20260921,True
6470.0,1.7087295,5.505521,,,,free_replica_01_seed20260921,True
6480.0,2.1436772,5.354612,,,,free_replica_01_seed20260921,True
6490.0,2.4903512,5.495476,,,,free_replica_01_seed20260921,True
6500.0,2.7061315,5.3904085,,,,free_replica_01_seed20260921,True
6510.0,2.086064,5.391875,,,,free_replica_01_seed20260921,True
6520.0,2.4821239,5.4487605,,,,free_replica_01_seed20260921,True
6530.0,2.2737303,5.5043716,,,,free_replica_01_seed20260921,True
6540.0,2.3566911,5.488376,,,,free_replica_01_seed20260921,True
6550.0,2.6970074,5.3354864,,,,free_replica_01_seed20260921,True
6560.0,1.8201983,5.478925,,,,free_replica_01_seed20260921,True
6570.0,2.0959346,5.5508513,,,,free_replica_01_seed20260921,True
6580.0,1.8291097,5.4484386,,,,free_replica_01_seed20260921,True
6590.0,2.1997273,5.5169177,,,,free_replica_01_seed20260921,True
6600.0,2.0680733,5.4302025,,,,free_replica_01_seed20260921,True
6610.0,2.1148617,5.4382114,,,,free_replica_01_seed20260921,True
6620.0,2.076421,5.380168,,,,free_replica_01_seed20260921,True
6630.0,1.3176575,5.397791,,,,free_replica_01_seed20260921,True
6640.0,1.6037207,5.4906435,,,,free_replica_01_seed20260921,True
6650.0,1.7505157,5.3462067,,,,free_replica_01_seed20260921,True
6660.0,1.9936407,5.4630013,,,,free_replica_01_seed20260921,True
6670.0,2.437294,5.3016114,,,,free_replica_01_seed20260921,True
6680.0,2.4269428,5.4413576,,,,free_replica_01_seed20260921,True
6690.0,2.4581146,5.5123262,,,,free_replica_01_seed20260921,True
6700.0,2.5463982,5.536731,,,,free_replica_01_seed20260921,True
6710.0,2.6197002,5.419716,,,,free_replica_01_seed20260921,True
6720.0,2.5758598,5.328886,,,,free_replica_01_seed20260921,True
6730.0,2.3065276,5.4168153,,,,free_replica_01_seed20260921,True
6740.0,2.2083788,5.422388,,,,free_replica_01_seed20260921,True
6750.0,2.7978368,5.3619757,,,,free_replica_01_seed20260921,True
6760.0,2.4763463,5.5583773,,,,free_replica_01_seed20260921,True
6770.0,2.2065704,5.4255004,,,,free_replica_01_seed20260921,True
6780.0,2.3315485,5.487335,,,,free_replica_01_seed20260921,True
6790.0,1.4924653,5.325088,,,,free_replica_01_seed20260921,True
6800.0,1.2489314,5.387976,,,,free_replica_01_seed20260921,True
6810.0,1.6265869,5.3782673,,,,free_replica_01_seed20260921,True
6820.0,1.5071516,5.4143295,,,,free_replica_01_seed20260921,True
6830.0,1.4420822,5.267737,,,,free_replica_01_seed20260921,True
6840.0,1.4455631,5.3646708,,,,free_replica_01_seed20260921,True
6850.0,1.74136,5.346427,,,,free_replica_01_seed20260921,True
6860.0,1.6696782,5.2040606,,,,free_replica_01_seed20260921,True
6870.0,1.4206327,5.4477463,,,,free_replica_01_seed20260921,True
6880.0,1.4743161,5.5021853,,,,free_replica_01_seed20260921,True
6890.0,1.1944149,5.320062,,,,free_replica_01_seed20260921,True
6900.0,1.3604863,5.394019,,,,free_replica_01_seed20260921,True
6910.0,1.6020585,5.2847195,,,,free_replica_01_seed20260921,True
6920.0,1.2108246,5.356084,,,,free_replica_01_seed20260921,True
6930.0,1.1884943,5.2016206,,,,free_replica_01_seed20260921,True
6940.0,1.5460899,5.3471084,,,,free_replica_01_seed20260921,True
6950.0,1.4208722,5.511003,,,,free_replica_01_seed20260921,True
6960.0,1.4274547,5.4653673,,,,free_replica_01_seed20260921,True
6970.0,1.6078086,5.3837433,,,,free_replica_01_seed20260921,True
6980.0,1.3384014,5.4964633,,,,free_replica_01_seed20260921,True
6990.0,1.8334451,5.280311,,,,free_replica_01_seed20260921,True
7000.0,1.5258874,5.4034433,,,,free_replica_01_seed20260921,True
7010.0,1.4061618,5.34898,,,,free_replica_01_seed20260921,True
7020.0,1.7649144,5.343533,,,,free_replica_01_seed20260921,True
7030.0,1.9918085,5.438033,,,,free_replica_01_seed20260921,True
7040.0,1.8213366,5.3633327,,,,free_replica_01_seed20260921,True
7050.0,2.1524444,5.3804965,,,,free_replica_01_seed20260921,True
7060.0,2.1485434,5.4586515,,,,free_replica_01_seed20260921,True
7070.0,2.5808897,5.3465767,,,,free_replica_01_seed20260921,True
7080.0,2.373951,5.5170894,,,,free_replica_01_seed20260921,True
7090.0,2.0384629,5.375734,,,,free_replica_01_seed20260921,True
7100.0,2.2794921,5.3622913,,,,free_replica_01_seed20260921,True
7110.0,1.80663,5.3680463,,,,free_replica_01_seed20260921,True
7120.0,1.9423205,5.4872894,,,,free_replica_01_seed20260921,True
7130.0,2.5597224,5.1595974,,,,free_replica_01_seed20260921,True
7140.0,2.3901734,5.34998,,,,free_replica_01_seed20260921,True
7150.0,2.6038096,5.412989,,,,free_replica_01_seed20260921,True
7160.0,2.4410245,5.4147935,,,,free_replica_01_seed20260921,True
7170.0,2.570959,5.3747225,,,,free_replica_01_seed20260921,True
7180.0,2.482186,5.380073,,,,free_replica_01_seed20260921,True
7190.0,2.497528,5.480788,,,,free_replica_01_seed20260921,True
7200.0,2.3381343,5.4003468,,,,free_replica_01_seed20260921,True
7210.0,2.4416718,5.422873,,,,free_replica_01_seed20260921,True
7220.0,2.594162,5.339503,,,,free_replica_01_seed20260921,True
7230.0,2.4716256,5.451545,,,,free_replica_01_seed20260921,True
7240.0,2.3829339,5.421162,,,,free_replica_01_seed20260921,True
7250.0,2.241251,5.394387,,,,free_replica_01_seed20260921,True
7260.0,2.5127296,5.437989,,,,free_replica_01_seed20260921,True
7270.0,2.569262,5.550598,,,,free_replica_01_seed20260921,True
7280.0,2.5669134,5.42877,,,,free_replica_01_seed20260921,True
7290.0,2.5740666,5.4733877,,,,free_replica_01_seed20260921,True
7300.0,2.5390267,5.4173355,,,,free_replica_01_seed20260921,True
7310.0,2.67655,5.381936,,,,free_replica_01_seed20260921,True
7320.0,2.3791237,5.494239,,,,free_replica_01_seed20260921,True
7330.0,2.3594627,5.4373264,,,,free_replica_01_seed20260921,True
7340.0,2.7482066,5.434606,,,,free_replica_01_seed20260921,True
7350.0,2.5400207,5.4263873,,,,free_replica_01_seed20260921,True
7360.0,1.8305283,5.4209623,,,,free_replica_01_seed20260921,True
7370.0,2.5301182,5.5702066,,,,free_replica_01_seed20260921,True
7380.0,2.6559572,5.369731,,,,free_replica_01_seed20260921,True
7390.0,2.5215192,5.5003505,,,,free_replica_01_seed20260921,True
7400.0,2.401163,5.339685,,,,free_replica_01_seed20260921,True
7410.0,2.4639635,5.4744534,,,,free_replica_01_seed20260921,True
7420.0,2.1806672,5.459251,,,,free_replica_01_seed20260921,True
7430.0,2.6048512,5.4251585,,,,free_replica_01_seed20260921,True
7440.0,2.3582957,5.390902,,,,free_replica_01_seed20260921,True
7450.0,2.0928578,5.406728,,,,free_replica_01_seed20260921,True
7460.0,2.51198,5.499108,,,,free_replica_01_seed20260921,True
7470.0,2.0689955,5.4712825,,,,free_replica_01_seed20260921,True
7480.0,2.078677,5.3784084,,,,free_replica_01_seed20260921,True
7490.0,2.033784,5.141604,,,,free_replica_01_seed20260921,True
7500.0,1.5837965,5.3713555,,,,free_replica_01_seed20260921,True
7510.0,1.711436,5.548154,,,,free_replica_01_seed20260921,True
7520.0,1.8411316,5.3273635,,,,free_replica_01_seed20260921,True
7530.0,2.1350665,5.4425282,,,,free_replica_01_seed20260921,True
7540.0,2.0227985,5.4919267,,,,free_replica_01_seed20260921,True
7550.0,1.3266761,5.434509,,,,free_replica_01_seed20260921,True
7560.0,1.4016285,5.403176,,,,free_replica_01_seed20260921,True
7570.0,1.5019773,5.395726,,,,free_replica_01_seed20260921,True
7580.0,1.613678,5.411799,,,,free_replica_01_seed20260921,True
7590.0,1.5675902,5.4455853,,,,free_replica_01_seed20260921,True
7600.0,1.6692097,5.4240303,,,,free_replica_01_seed20260921,True
7610.0,1.5132581,5.5195813,,,,free_replica_01_seed20260921,True
7620.0,1.862538,5.4917545,,,,free_replica_01_seed20260921,True
7630.0,1.5275823,5.5032825,,,,free_replica_01_seed20260921,True
7640.0,1.5611423,5.5668154,,,,free_replica_01_seed20260921,True
7650.0,1.5342726,5.554602,,,,free_replica_01_seed20260921,True
7660.0,1.7151082,5.6069202,,,,free_replica_01_seed20260921,True
7670.0,1.7326818,5.461648,,,,free_replica_01_seed20260921,True
7680.0,1.5678233,5.4556184,,,,free_replica_01_seed20260921,True
7690.0,1.7911108,5.5694265,,,,free_replica_01_seed20260921,True
7700.0,1.759584,5.5971317,,,,free_replica_01_seed20260921,True
7710.0,1.7757046,5.5554037,,,,free_replica_01_seed20260921,True
7720.0,1.7657067,5.559635,,,,free_replica_01_seed20260921,True
7730.0,1.7603948,5.5351114,,,,free_replica_01_seed20260921,True
7740.0,1.9370563,5.515508,,,,free_replica_01_seed20260921,True
7750.0,1.9606285,5.596298,,,,free_replica_01_seed20260921,True
7760.0,1.8041613,5.550207,,,,free_replica_01_seed20260921,True
7770.0,1.6828394,5.565654,,,,free_replica_01_seed20260921,True
7780.0,1.8410089,5.645131,,,,free_replica_01_seed20260921,True
7790.0,1.7647018,5.5860443,,,,free_replica_01_seed20260921,True
7800.0,1.8249947,5.6364136,,,,free_replica_01_seed20260921,True
7810.0,1.621331,5.4371142,,,,free_replica_01_seed20260921,True
7820.0,1.6516113,5.618716,,,,free_replica_01_seed20260921,True
7830.0,1.6282315,5.608348,,,,free_replica_01_seed20260921,True
7840.0,1.5074089,5.500599,,,,free_replica_01_seed20260921,True
7850.0,1.4068081,5.4858427,,,,free_replica_01_seed20260921,True
7860.0,1.6075159,5.4551816,,,,free_replica_01_seed20260921,True
7870.0,1.4804077,5.446184,,,,free_replica_01_seed20260921,True
7880.0,1.6703558,5.4949074,,,,free_replica_01_seed20260921,True
7890.0,1.535126,5.5910354,,,,free_replica_01_seed20260921,True
7900.0,1.7502859,5.6140685,,,,free_replica_01_seed20260921,True
7910.0,1.836244,5.4657516,,,,free_replica_01_seed20260921,True
7920.0,1.6846501,5.350813,,,,free_replica_01_seed20260921,True
7930.0,1.7739601,5.527093,,,,free_replica_01_seed20260921,True
7940.0,1.708962,5.6040716,,,,free_replica_01_seed20260921,True
7950.0,1.4260287,5.5344105,,,,free_replica_01_seed20260921,True
7960.0,1.3951565,5.532221,,,,free_replica_01_seed20260921,True
7970.0,2.1717253,5.6155543,,,,free_replica_01_seed20260921,True
7980.0,1.8165095,5.517688,,,,free_replica_01_seed20260921,True
7990.0,1.8416582,5.6720514,,,,free_replica_01_seed20260921,True
8000.0,1.5425484,5.586278,,,,free_replica_01_seed20260921,True
8010.0,1.8397808,5.4196796,,,,free_replica_01_seed20260921,True
8020.0,1.6541039,5.5917273,,,,free_replica_01_seed20260921,True
8030.0,1.6018741,5.472688,,,,free_replica_01_seed20260921,True
8040.0,1.2703273,5.2821703,,,,free_replica_01_seed20260921,True
8050.0,1.8897818,5.4729548,,,,free_replica_01_seed20260921,True
8060.0,1.3469554,5.381896,,,,free_replica_01_seed20260921,True
8070.0,1.3833587,5.325824,,,,free_replica_01_seed20260921,True
8080.0,1.4348137,5.3517385,,,,free_replica_01_seed20260921,True
8090.0,1.3198078,5.4870577,,,,free_replica_01_seed20260921,True
8100.0,1.625228,5.443693,,,,free_replica_01_seed20260921,True
8110.0,1.5307441,5.360766,,,,free_replica_01_seed20260921,True
8120.0,0.8606281,5.3211827,,,,free_replica_01_seed20260921,True
8130.0,1.5102344,5.4530077,,,,free_replica_01_seed20260921,True
8140.0,1.0250744,5.3999996,,,,free_replica_01_seed20260921,True
8150.0,1.9863579,5.4416676,,,,free_replica_01_seed20260921,True
8160.0,2.0422487,5.370977,,,,free_replica_01_seed20260921,True
8170.0,2.171559,5.4671836,,,,free_replica_01_seed20260921,True
8180.0,1.3899357,5.292122,,,,free_replica_01_seed20260921,True
8190.0,1.4070387,5.3623347,,,,free_replica_01_seed20260921,True
8200.0,1.5804833,5.458783,,,,free_replica_01_seed20260921,True
8210.0,1.9832451,5.338511,,,,free_replica_01_seed20260921,True
8220.0,2.1147392,5.547419,,,,free_replica_01_seed20260921,True
8230.0,1.5475788,5.475398,,,,free_replica_01_seed20260921,True
8240.0,1.1546944,5.3826694,,,,free_replica_01_seed20260921,True
8250.0,1.2517561,5.518291,,,,free_replica_01_seed20260921,True
8260.0,1.2236942,5.326208,,,,free_replica_01_seed20260921,True
8270.0,0.9898542,5.4474363,,,,free_replica_01_seed20260921,True
8280.0,1.2348967,5.4529867,,,,free_replica_01_seed20260921,True
8290.0,1.0820265,5.373455,,,,free_replica_01_seed20260921,True
8300.0,1.3641335,5.489073,,,,free_replica_01_seed20260921,True
8310.0,1.5390719,5.4635234,,,,free_replica_01_seed20260921,True
8320.0,1.4989412,5.471513,,,,free_replica_01_seed20260921,True
8330.0,1.5511776,5.436578,,,,free_replica_01_seed20260921,True
8340.0,1.7858994,5.46416,,,,free_replica_01_seed20260921,True
8350.0,2.568209,5.497847,,,,free_replica_01_seed20260921,True
8360.0,2.5016856,5.3833275,,,,free_replica_01_seed20260921,True
8370.0,1.7841827,5.456541,,,,free_replica_01_seed20260921,True
8380.0,2.510367,5.4682055,,,,free_replica_01_seed20260921,True
8390.0,2.1858368,5.334656,,,,free_replica_01_seed20260921,True
8400.0,2.5490334,5.2322693,,,,free_replica_01_seed20260921,True
8410.0,2.334305,5.447406,,,,free_replica_01_seed20260921,True
8420.0,2.5331008,5.2722974,,,,free_replica_01_seed20260921,True
8430.0,2.56984,5.2983575,,,,free_replica_01_seed20260921,True
8440.0,2.5962963,5.460204,,,,free_replica_01_seed20260921,True
8450.0,2.3976588,5.250204,,,,free_replica_01_seed20260921,True
8460.0,2.5915143,5.4224977,,,,free_replica_01_seed20260921,True
8470.0,2.5606287,5.538547,,,,free_replica_01_seed20260921,True
8480.0,2.670075,5.4339905,,,,free_replica_01_seed20260921,True
8490.0,2.2352924,5.420425,,,,free_replica_01_seed20260921,True
8500.0,2.6203213,5.4809403,,,,free_replica_01_seed20260921,True
8510.0,2.7387662,5.303364,,,,free_replica_01_seed20260921,True
8520.0,2.2277787,5.469862,,,,free_replica_01_seed20260921,True
8530.0,2.1356947,5.3808026,,,,free_replica_01_seed20260921,True
8540.0,1.6620891,5.465684,,,,free_replica_01_seed20260921,True
8550.0,1.7548769,5.4398355,,,,free_replica_01_seed20260921,True
8560.0,2.2475376,5.4870863,,,,free_replica_01_seed20260921,True
8570.0,2.6966932,5.3433027,,,,free_replica_01_seed20260921,True
8580.0,2.6823096,5.391036,,,,free_replica_01_seed20260921,True
8590.0,2.720562,5.4560513,,,,free_replica_01_seed20260921,True
8600.0,2.4153092,5.4178233,,,,free_replica_01_seed20260921,True
8610.0,2.438516,5.4380183,,,,free_replica_01_seed20260921,True
8620.0,1.961994,5.4510727,,,,free_replica_01_seed20260921,True
8630.0,2.2441525,5.463722,,,,free_replica_01_seed20260921,True
8640.0,2.551236,5.513953,,,,free_replica_01_seed20260921,True
8650.0,2.6676779,5.4556675,,,,free_replica_01_seed20260921,True
8660.0,2.8584237,5.189883,,,,free_replica_01_seed20260921,True
8670.0,2.498052,5.393255,,,,free_replica_01_seed20260921,True
8680.0,2.5287223,5.5182743,,,,free_replica_01_seed20260921,True
8690.0,1.9121716,5.5398455,,,,free_replica_01_seed20260921,True
8700.0,2.6351025,5.51355,,,,free_replica_01_seed20260921,True
8710.0,2.1880093,5.327828,,,,free_replica_01_seed20260921,True
8720.0,2.2507567,5.4433765,,,,free_replica_01_seed20260921,True
8730.0,2.6877973,5.424301,,,,free_replica_01_seed20260921,True
8740.0,2.6013966,5.439887,,,,free_replica_01_seed20260921,True
8750.0,2.4463284,5.371487,,,,free_replica_01_seed20260921,True
8760.0,2.4896114,5.375457,,,,free_replica_01_seed20260921,True
8770.0,2.751861,5.406329,,,,free_replica_01_seed20260921,True
8780.0,2.7174017,5.3359914,,,,free_replica_01_seed20260921,True
8790.0,2.3804638,5.397793,,,,free_replica_01_seed20260921,True
8800.0,2.0894156,5.4156833,,,,free_replica_01_seed20260921,True
8810.0,1.7877052,5.4195766,,,,free_replica_01_seed20260921,True
8820.0,1.3036847,5.4531307,,,,free_replica_01_seed20260921,True
8830.0,1.4398938,5.4522038,,,,free_replica_01_seed20260921,True
8840.0,1.3509005,5.400367,,,,free_replica_01_seed20260921,True
8850.0,1.5548478,5.4437885,,,,free_replica_01_seed20260921,True
8860.0,0.79368764,5.383406,,,,free_replica_01_seed20260921,True
8870.0,1.4094383,5.3961797,,,,free_replica_01_seed20260921,True
8880.0,1.3343765,5.5357466,,,,free_replica_01_seed20260921,True
8890.0,1.3506699,5.3383822,,,,free_replica_01_seed20260921,True
8900.0,1.2207552,5.4108815,,,,free_replica_01_seed20260921,True
8910.0,1.5887885,5.37524,,,,free_replica_01_seed20260921,True
8920.0,1.0546634,5.3720403,,,,free_replica_01_seed20260921,True
8930.0,1.3044429,5.468402,,,,free_replica_01_seed20260921,True
8940.0,1.5677848,5.4604874,,,,free_replica_01_seed20260921,True
8950.0,1.445198,5.3673525,,,,free_replica_01_seed20260921,True
8960.0,1.1946384,5.4944477,,,,free_replica_01_seed20260921,True
8970.0,1.249911,5.509101,,,,free_replica_01_seed20260921,True
8980.0,1.3824184,5.438635,,,,free_replica_01_seed20260921,True
8990.0,1.1803108,5.34936,,,,free_replica_01_seed20260921,True
9000.0,1.1501292,5.5098076,,,,free_replica_01_seed20260921,True
9010.0,1.3817468,5.337861,,,,free_replica_01_seed20260921,True
9020.0,1.4025469,5.4753404,,,,free_replica_01_seed20260921,True
9030.0,1.1635201,5.380297,,,,free_replica_01_seed20260921,True
9040.0,1.6719995,5.476093,,,,free_replica_01_seed20260921,True
9050.0,1.8993944,5.416906,,,,free_replica_01_seed20260921,True
9060.0,1.738594,5.5052023,,,,free_replica_01_seed20260921,True
9070.0,1.0800593,5.465616,,,,free_replica_01_seed20260921,True
9080.0,1.2302853,5.3578672,,,,free_replica_01_seed20260921,True
9090.0,1.678883,5.405233,,,,free_replica_01_seed20260921,True
9100.0,1.5794873,5.419981,,,,free_replica_01_seed20260921,True
9110.0,1.6964307,5.4202943,,,,free_replica_01_seed20260921,True
9120.0,1.2449775,5.3912525,,,,free_replica_01_seed20260921,True
9130.0,1.5348195,5.418511,,,,free_replica_01_seed20260921,True
9140.0,1.6604472,5.3213015,,,,free_replica_01_seed20260921,True
9150.0,1.7410185,5.427191,,,,free_replica_01_seed20260921,True
9160.0,1.3452055,5.4813952,,,,free_replica_01_seed20260921,True
9170.0,1.2849896,5.4180536,,,,free_replica_01_seed20260921,True
9180.0,1.2842026,5.4506464,,,,free_replica_01_seed20260921,True
9190.0,1.3970442,5.4064536,,,,free_replica_01_seed20260921,True
9200.0,1.7574651,5.5348735,,,,free_replica_01_seed20260921,True
9210.0,1.9877441,5.4037666,,,,free_replica_01_seed20260921,True
9220.0,1.1064098,5.205598,,,,free_replica_01_seed20260921,True
9230.0,1.6953999,5.569707,,,,free_replica_01_seed20260921,True
9240.0,1.1811913,5.4630256,,,,free_replica_01_seed20260921,True
9250.0,1.3063593,5.4067354,,,,free_replica_01_seed20260921,True
9260.0,1.3378359,5.320001,,,,free_replica_01_seed20260921,True
9270.0,1.3594904,5.33558,,,,free_replica_01_seed20260921,True
9280.0,1.1909366,5.3209453,,,,free_replica_01_seed20260921,True
9290.0,1.045147,5.2750974,,,,free_replica_01_seed20260921,True
9300.0,1.2092825,5.475939,,,,free_replica_01_seed20260921,True
9310.0,1.2393626,5.359704,,,,free_replica_01_seed20260921,True
9320.0,1.4505794,5.515306,,,,free_replica_01_seed20260921,True
9330.0,1.2320462,5.34937,,,,free_replica_01_seed20260921,True
9340.0,1.8652378,5.465165,,,,free_replica_01_seed20260921,True
9350.0,2.4512315,5.295205,,,,free_replica_01_seed20260921,True
9360.0,2.0444875,5.437209,,,,free_replica_01_seed20260921,True
9370.0,2.1812,5.425042,,,,free_replica_01_seed20260921,True
9380.0,2.6492846,5.474495,,,,free_replica_01_seed20260921,True
9390.0,2.1218264,5.354065,,,,free_replica_01_seed20260921,True
9400.0,2.2812793,5.288901,,,,free_replica_01_seed20260921,True
9410.0,1.5840834,5.2024655,,,,free_replica_01_seed20260921,True
9420.0,2.7159166,5.554838,,,,free_replica_01_seed20260921,True
9430.0,2.7107077,5.4916477,,,,free_replica_01_seed20260921,True
9440.0,2.5820131,5.443194,,,,free_replica_01_seed20260921,True
9450.0,2.2030725,5.5807276,,,,free_replica_01_seed20260921,True
9460.0,2.2044775,5.4569244,,,,free_replica_01_seed20260921,True
9470.0,2.1436439,5.609555,,,,free_replica_01_seed20260921,True
9480.0,2.2876742,5.5776405,,,,free_replica_01_seed20260921,True
9490.0,2.2334661,5.6161156,,,,free_replica_01_seed20260921,True
9500.0,2.4924545,5.575403,,,,free_replica_01_seed20260921,True
9510.0,2.450325,5.5913763,,,,free_replica_01_seed20260921,True
9520.0,2.4031262,5.538177,,,,free_replica_01_seed20260921,True
9530.0,2.0199034,5.547744,,,,free_replica_01_seed20260921,True
9540.0,1.7324835,5.59095,,,,free_replica_01_seed20260921,True
9550.0,1.5840815,5.452981,,,,free_replica_01_seed20260921,True
9560.0,1.5828569,5.4910965,,,,free_replica_01_seed20260921,True
9570.0,1.3364333,5.576474,,,,free_replica_01_seed20260921,True
9580.0,1.5773786,5.577393,,,,free_replica_01_seed20260921,True
9590.0,1.2631853,5.510339,,,,free_replica_01_seed20260921,True
9600.0,1.2767524,5.5047398,,,,free_replica_01_seed20260921,True
9610.0,1.4416062,5.57056,,,,free_replica_01_seed20260921,True
9620.0,1.3682334,5.6037464,,,,free_replica_01_seed20260921,True
9630.0,1.5823065,5.537368,,,,free_replica_01_seed20260921,True
9640.0,1.6503386,5.425908,,,,free_replica_01_seed20260921,True
9650.0,1.5124344,5.6089516,,,,free_replica_01_seed20260921,True
9660.0,1.4420998,5.5996127,,,,free_replica_01_seed20260921,True
9670.0,1.4723312,5.6632366,,,,free_replica_01_seed20260921,True
9680.0,1.4312755,5.4524775,,,,free_replica_01_seed20260921,True
9690.0,1.3336474,5.577297,,,,free_replica_01_seed20260921,True
9700.0,1.5247577,5.5443964,,,,free_replica_01_seed20260921,True
9710.0,1.9769166,5.393476,,,,free_replica_01_seed20260921,True
9720.0,1.8465124,5.5178576,,,,free_replica_01_seed20260921,True
9730.0,1.75125,5.464588,,,,free_replica_01_seed20260921,True
9740.0,1.6608608,5.6098022,,,,free_replica_01_seed20260921,True
9750.0,1.9257556,5.4856176,,,,free_replica_01_seed20260921,True
9760.0,2.0848303,5.6080956,,,,free_replica_01_seed20260921,True
9770.0,2.2794385,5.548339,,,,free_replica_01_seed20260921,True
9780.0,2.2747989,5.48315,,,,free_replica_01_seed20260921,True
9790.0,2.0362113,5.632061,,,,free_replica_01_seed20260921,True
9800.0,2.3411565,5.534677,,,,free_replica_01_seed20260921,True
9810.0,2.4048922,5.545496,,,,free_replica_01_seed20260921,True
9820.0,2.4088671,5.479411,,,,free_replica_01_seed20260921,True
9830.0,2.4011612,5.5370765,,,,free_replica_01_seed20260921,True
9840.0,2.172751,5.5745983,,,,free_replica_01_seed20260921,True
9850.0,2.2023761,5.54802,,,,free_replica_01_seed20260921,True
9860.0,2.4582872,5.5781083,,,,free_replica_01_seed20260921,True
9870.0,2.5265548,5.464656,,,,free_replica_01_seed20260921,True
9880.0,1.7913184,5.4832773,,,,free_replica_01_seed20260921,True
9890.0,2.0205925,5.4469557,,,,free_replica_01_seed20260921,True
9900.0,1.6088898,5.4351673,,,,free_replica_01_seed20260921,True
9910.0,1.3936863,5.385499,,,,free_replica_01_seed20260921,True
9920.0,1.4837432,5.498626,,,,free_replica_01_seed20260921,True
9930.0,1.5466933,5.376238,,,,free_replica_01_seed20260921,True
9940.0,1.6477709,5.306227,,,,free_replica_01_seed20260921,True
9950.0,1.5549296,5.430041,,,,free_replica_01_seed20260921,True
9960.0,1.6930939,5.5252686,,,,free_replica_01_seed20260921,True
9970.0,1.6126395,5.4647403,,,,free_replica_01_seed20260921,True
9980.0,1.5955071,5.5950828,,,,free_replica_01_seed20260921,True
9990.0,2.0149794,5.6103945,,,,free_replica_01_seed20260921,True
10000.0,1.7120805,5.4664984,,,,free_replica_01_seed20260921,True
2010.0,1.3178601,5.30145,,,,free_replica_02_seed20260922,True
2020.0,1.214437,5.269298,,,,free_replica_02_seed20260922,True
2030.0,1.5876014,5.2879486,,,,free_replica_02_seed20260922,True
2040.0,1.6874197,5.2937593,,,,free_replica_02_seed20260922,True
2050.0,2.0714898,5.18465,,,,free_replica_02_seed20260922,True
2060.0,1.2091484,5.3207865,,,,free_replica_02_seed20260922,True
2070.0,0.9534771,5.316513,,,,free_replica_02_seed20260922,True
2080.0,1.1196705,5.1111436,,,,free_replica_02_seed20260922,True
2090.0,1.1191494,5.2293057,,,,free_replica_02_seed20260922,True
2100.0,1.1906081,5.2679543,,,,free_replica_02_seed20260922,True
2110.0,0.8848863,5.109826,,,,free_replica_02_seed20260922,True
2120.0,0.9714809,5.424332,,,,free_replica_02_seed20260922,True
2130.0,1.1848457,5.252612,,,,free_replica_02_seed20260922,True
2140.0,2.0168881,5.189156,,,,free_replica_02_seed20260922,True
2150.0,1.8399769,5.1130266,,,,free_replica_02_seed20260922,True
2160.0,1.909235,5.3869276,,,,free_replica_02_seed20260922,True
2170.0,1.8856205,5.157675,,,,free_replica_02_seed20260922,True
2180.0,2.1578135,5.1413383,,,,free_replica_02_seed20260922,True
2190.0,2.6081111,5.2388372,,,,free_replica_02_seed20260922,True
2200.0,2.608037,5.292847,,,,free_replica_02_seed20260922,True
2210.0,2.493824,5.2997913,,,,free_replica_02_seed20260922,True
2220.0,1.6889939,5.249058,,,,free_replica_02_seed20260922,True
2230.0,2.364862,5.370942,,,,free_replica_02_seed20260922,True
2240.0,2.4652598,5.2351494,,,,free_replica_02_seed20260922,True
2250.0,2.4844825,5.329475,,,,free_replica_02_seed20260922,True
2260.0,2.493497,5.2661457,,,,free_replica_02_seed20260922,True
2270.0,2.5488412,5.1604533,,,,free_replica_02_seed20260922,True
2280.0,2.4657207,5.213732,,,,free_replica_02_seed20260922,True
2290.0,2.16763,5.204833,,,,free_replica_02_seed20260922,True
2300.0,1.7998192,5.286327,,,,free_replica_02_seed20260922,True
2310.0,2.3584952,5.2026396,,,,free_replica_02_seed20260922,True
2320.0,2.5318055,5.3674736,,,,free_replica_02_seed20260922,True
2330.0,2.390531,5.2753873,,,,free_replica_02_seed20260922,True
2340.0,2.5744734,5.25814,,,,free_replica_02_seed20260922,True
2350.0,2.1620786,5.224987,,,,free_replica_02_seed20260922,True
2360.0,2.5142715,5.2449903,,,,free_replica_02_seed20260922,True
2370.0,2.4594827,5.252846,,,,free_replica_02_seed20260922,True
2380.0,2.6543877,5.2091627,,,,free_replica_02_seed20260922,True
2390.0,2.4675932,5.3091393,,,,free_replica_02_seed20260922,True
2400.0,2.4667253,5.3768444,,,,free_replica_02_seed20260922,True
2410.0,1.992253,5.2773542,,,,free_replica_02_seed20260922,True
2420.0,2.3510833,5.2061453,,,,free_replica_02_seed20260922,True
2430.0,2.3584507,5.3055525,,,,free_replica_02_seed20260922,True
2440.0,1.9340384,5.2472296,,,,free_replica_02_seed20260922,True
2450.0,2.0200891,5.2300673,,,,free_replica_02_seed20260922,True
2460.0,2.3660703,5.158891,,,,free_replica_02_seed20260922,True
2470.0,2.323322,5.3736267,,,,free_replica_02_seed20260922,True
2480.0,2.537854,5.3388844,,,,free_replica_02_seed20260922,True
2490.0,2.4401064,5.341739,,,,free_replica_02_seed20260922,True
2500.0,2.3078446,5.386391,,,,free_replica_02_seed20260922,True
2510.0,2.4665077,5.410197,,,,free_replica_02_seed20260922,True
2520.0,2.1195672,5.4465384,,,,free_replica_02_seed20260922,True
2530.0,1.7664554,5.2663193,,,,free_replica_02_seed20260922,True
2540.0,1.7508997,5.417052,,,,free_replica_02_seed20260922,True
2550.0,2.3951933,5.2752256,,,,free_replica_02_seed20260922,True
2560.0,2.391656,5.3413496,,,,free_replica_02_seed20260922,True
2570.0,1.4332176,5.2876306,,,,free_replica_02_seed20260922,True
2580.0,1.37178,5.2827497,,,,free_replica_02_seed20260922,True
2590.0,1.4141107,5.2911353,,,,free_replica_02_seed20260922,True
2600.0,2.129955,5.386371,,,,free_replica_02_seed20260922,True
2610.0,2.1725228,5.3480725,,,,free_replica_02_seed20260922,True
2620.0,2.4170897,5.4460573,,,,free_replica_02_seed20260922,True
2630.0,2.240722,5.4191546,,,,free_replica_02_seed20260922,True
2640.0,2.5490484,5.3154206,,,,free_replica_02_seed20260922,True
2650.0,2.568038,5.2139707,,,,free_replica_02_seed20260922,True
2660.0,2.52962,5.341345,,,,free_replica_02_seed20260922,True
2670.0,2.2693164,5.369869,,,,free_replica_02_seed20260922,True
2680.0,2.4087715,5.4201765,,,,free_replica_02_seed20260922,True
2690.0,2.4441235,5.3190355,,,,free_replica_02_seed20260922,True
2700.0,1.9248168,5.3933315,,,,free_replica_02_seed20260922,True
2710.0,1.7326698,5.36337,,,,free_replica_02_seed20260922,True
2720.0,1.8032918,5.295108,,,,free_replica_02_seed20260922,True
2730.0,1.8031454,5.385786,,,,free_replica_02_seed20260922,True
2740.0,1.7377014,5.3525157,,,,free_replica_02_seed20260922,True
2750.0,1.4632099,5.2968025,,,,free_replica_02_seed20260922,True
2760.0,1.4855759,5.4742007,,,,free_replica_02_seed20260922,True
2770.0,1.7756277,5.4322867,,,,free_replica_02_seed20260922,True
2780.0,1.7266995,5.2925086,,,,free_replica_02_seed20260922,True
2790.0,1.2419556,5.3704176,,,,free_replica_02_seed20260922,True
2800.0,1.2153476,5.409127,,,,free_replica_02_seed20260922,True
2810.0,1.4278544,5.3204436,,,,free_replica_02_seed20260922,True
2820.0,1.5653741,5.3749614,,,,free_replica_02_seed20260922,True
2830.0,1.4179113,5.331631,,,,free_replica_02_seed20260922,True
2840.0,1.502282,5.442835,,,,free_replica_02_seed20260922,True
2850.0,1.8204166,5.3571835,,,,free_replica_02_seed20260922,True
2860.0,1.4594672,5.4575796,,,,free_replica_02_seed20260922,True
2870.0,1.782409,5.4421043,,,,free_replica_02_seed20260922,True
2880.0,2.0086746,5.4015617,,,,free_replica_02_seed20260922,True
2890.0,1.6208436,5.3674116,,,,free_replica_02_seed20260922,True
2900.0,1.7293788,5.397122,,,,free_replica_02_seed20260922,True
2910.0,2.0180738,5.372136,,,,free_replica_02_seed20260922,True
2920.0,1.7304163,5.2750874,,,,free_replica_02_seed20260922,True
2930.0,1.8286412,5.4399805,,,,free_replica_02_seed20260922,True
2940.0,2.3926716,5.465275,,,,free_replica_02_seed20260922,True
2950.0,2.4437425,5.3599033,,,,free_replica_02_seed20260922,True
2960.0,2.155298,5.392604,,,,free_replica_02_seed20260922,True
2970.0,2.426737,5.333052,,,,free_replica_02_seed20260922,True
2980.0,2.6245215,5.1657796,,,,free_replica_02_seed20260922,True
2990.0,2.1194563,5.361491,,,,free_replica_02_seed20260922,True
3000.0,2.2884426,5.5042067,,,,free_replica_02_seed20260922,True
3010.0,2.2223425,5.4138875,,,,free_replica_02_seed20260922,True
3020.0,2.0108645,5.359712,,,,free_replica_02_seed20260922,True
3030.0,2.2730367,5.419865,,,,free_replica_02_seed20260922,True
3040.0,2.1631987,5.3769217,,,,free_replica_02_seed20260922,True
3050.0,1.6968673,5.4216967,,,,free_replica_02_seed20260922,True
3060.0,2.2455387,5.332197,,,,free_replica_02_seed20260922,True
3070.0,2.5141501,5.3952847,,,,free_replica_02_seed20260922,True
3080.0,2.3995626,5.380579,,,,free_replica_02_seed20260922,True
3090.0,2.2156959,5.366995,,,,free_replica_02_seed20260922,True
3100.0,1.854696,5.4496284,,,,free_replica_02_seed20260922,True
3110.0,2.491168,5.343197,,,,free_replica_02_seed20260922,True
3120.0,2.47134,5.3000174,,,,free_replica_02_seed20260922,True
3130.0,2.0677674,5.46364,,,,free_replica_02_seed20260922,True
3140.0,1.3387007,5.364443,,,,free_replica_02_seed20260922,True
3150.0,1.5070165,5.4165263,,,,free_replica_02_seed20260922,True
3160.0,1.3777875,5.2557364,,,,free_replica_02_seed20260922,True
3170.0,1.6516731,5.3130393,,,,free_replica_02_seed20260922,True
3180.0,1.9090226,5.2597666,,,,free_replica_02_seed20260922,True
3190.0,2.2370927,5.1821656,,,,free_replica_02_seed20260922,True
3200.0,1.63167,5.5216265,,,,free_replica_02_seed20260922,True
3210.0,1.6820459,5.435709,,,,free_replica_02_seed20260922,True
3220.0,1.8158708,5.47329,,,,free_replica_02_seed20260922,True
3230.0,1.9173771,5.435858,,,,free_replica_02_seed20260922,True
3240.0,1.6206819,5.3146906,,,,free_replica_02_seed20260922,True
3250.0,1.7369174,5.3818254,,,,free_replica_02_seed20260922,True
3260.0,1.8955092,5.316276,,,,free_replica_02_seed20260922,True
3270.0,2.2440178,5.416362,,,,free_replica_02_seed20260922,True
3280.0,2.1855962,5.4607034,,,,free_replica_02_seed20260922,True
3290.0,2.239099,5.428465,,,,free_replica_02_seed20260922,True
3300.0,2.4879854,5.370906,,,,free_replica_02_seed20260922,True
3310.0,2.2365115,5.407643,,,,free_replica_02_seed20260922,True
3320.0,2.3038204,5.4373355,,,,free_replica_02_seed20260922,True
3330.0,1.9500146,5.402933,,,,free_replica_02_seed20260922,True
3340.0,2.1657088,5.421743,,,,free_replica_02_seed20260922,True
3350.0,1.8738222,5.364731,,,,free_replica_02_seed20260922,True
3360.0,1.8049707,5.2998395,,,,free_replica_02_seed20260922,True
3370.0,1.548001,5.313964,,,,free_replica_02_seed20260922,True
3380.0,1.8951327,5.4455175,,,,free_replica_02_seed20260922,True
3390.0,2.1739783,5.313899,,,,free_replica_02_seed20260922,True
3400.0,2.0313516,5.454006,,,,free_replica_02_seed20260922,True
3410.0,2.5005174,5.3061957,,,,free_replica_02_seed20260922,True
3420.0,1.7391342,5.347399,,,,free_replica_02_seed20260922,True
3430.0,2.0822372,5.4354973,,,,free_replica_02_seed20260922,True
3440.0,1.8357141,5.433121,,,,free_replica_02_seed20260922,True
3450.0,2.228395,5.385131,,,,free_replica_02_seed20260922,True
3460.0,1.7088681,5.359559,,,,free_replica_02_seed20260922,True
3470.0,1.6943252,5.3304152,,,,free_replica_02_seed20260922,True
3480.0,2.0133443,5.394294,,,,free_replica_02_seed20260922,True
3490.0,2.3184917,5.417685,,,,free_replica_02_seed20260922,True
3500.0,2.3496718,5.2507353,,,,free_replica_02_seed20260922,True
3510.0,2.5316656,5.3077703,,,,free_replica_02_seed20260922,True
3520.0,2.469267,5.347169,,,,free_replica_02_seed20260922,True
3530.0,2.146105,5.261409,,,,free_replica_02_seed20260922,True
3540.0,2.0953794,5.3447156,,,,free_replica_02_seed20260922,True
3550.0,1.6051412,5.4078383,,,,free_replica_02_seed20260922,True
3560.0,1.7876322,5.4656887,,,,free_replica_02_seed20260922,True
3570.0,1.8125467,5.446554,,,,free_replica_02_seed20260922,True
3580.0,2.1373599,5.405588,,,,free_replica_02_seed20260922,True
3590.0,1.6228871,5.488365,,,,free_replica_02_seed20260922,True
3600.0,1.7569008,5.495201,,,,free_replica_02_seed20260922,True
3610.0,1.7249589,5.493206,,,,free_replica_02_seed20260922,True
3620.0,1.6992861,5.435689,,,,free_replica_02_seed20260922,True
3630.0,1.9436996,5.387256,,,,free_replica_02_seed20260922,True
3640.0,1.513111,5.465125,,,,free_replica_02_seed20260922,True
3650.0,1.5850725,5.415824,,,,free_replica_02_seed20260922,True
3660.0,1.5141506,5.3738317,,,,free_replica_02_seed20260922,True
3670.0,1.7397784,5.431478,,,,free_replica_02_seed20260922,True
3680.0,1.7371929,5.540729,,,,free_replica_02_seed20260922,True
3690.0,2.0017793,5.3511763,,,,free_replica_02_seed20260922,True
3700.0,1.5916312,5.536235,,,,free_replica_02_seed20260922,True
3710.0,1.5141716,5.411421,,,,free_replica_02_seed20260922,True
3720.0,1.8979168,5.4600525,,,,free_replica_02_seed20260922,True
3730.0,1.9649892,5.4130344,,,,free_replica_02_seed20260922,True
3740.0,1.9105825,5.332531,,,,free_replica_02_seed20260922,True
3750.0,1.3952477,5.4086256,,,,free_replica_02_seed20260922,True
3760.0,1.3768631,5.3255043,,,,free_replica_02_seed20260922,True
3770.0,1.624285,5.4587893,,,,free_replica_02_seed20260922,True
3780.0,2.0074136,5.3163185,,,,free_replica_02_seed20260922,True
3790.0,1.639809,5.4694586,,,,free_replica_02_seed20260922,True
3800.0,1.7877781,5.480262,,,,free_replica_02_seed20260922,True
3810.0,1.8581207,5.469317,,,,free_replica_02_seed20260922,True
3820.0,1.8233202,5.4840736,,,,free_replica_02_seed20260922,True
3830.0,1.9750319,5.3240914,,,,free_replica_02_seed20260922,True
3840.0,1.9453607,5.461878,,,,free_replica_02_seed20260922,True
3850.0,1.845741,5.4648376,,,,free_replica_02_seed20260922,True
3860.0,1.9117267,5.395412,,,,free_replica_02_seed20260922,True
3870.0,2.0121412,5.4744463,,,,free_replica_02_seed20260922,True
3880.0,1.7181646,5.307439,,,,free_replica_02_seed20260922,True
3890.0,1.9103436,5.4994707,,,,free_replica_02_seed20260922,True
3900.0,1.4866669,5.4572864,,,,free_replica_02_seed20260922,True
3910.0,1.7557569,5.4918327,,,,free_replica_02_seed20260922,True
3920.0,2.0158844,5.452754,,,,free_replica_02_seed20260922,True
3930.0,1.5843785,5.391875,,,,free_replica_02_seed20260922,True
3940.0,1.8434532,5.3358154,,,,free_replica_02_seed20260922,True
3950.0,2.002843,5.311038,,,,free_replica_02_seed20260922,True
3960.0,1.9526846,5.454632,,,,free_replica_02_seed20260922,True
3970.0,1.9928384,5.424063,,,,free_replica_02_seed20260922,True
3980.0,2.1529818,5.3902583,,,,free_replica_02_seed20260922,True
3990.0,1.9518046,5.3449254,,,,free_replica_02_seed20260922,True
4000.0,2.0497215,5.433622,,,,free_replica_02_seed20260922,True
4010.0,1.8993944,5.4691525,,,,free_replica_02_seed20260922,True
4020.0,1.7029171,5.4468136,,,,free_replica_02_seed20260922,True
4030.0,1.7006269,5.4231305,,,,free_replica_02_seed20260922,True
4040.0,1.9710385,5.2941046,,,,free_replica_02_seed20260922,True
4050.0,1.8506361,5.5686417,,,,free_replica_02_seed20260922,True
4060.0,2.0655808,5.3637557,,,,free_replica_02_seed20260922,True
4070.0,1.9493339,5.5101614,,,,free_replica_02_seed20260922,True
4080.0,1.7998941,5.503667,,,,free_replica_02_seed20260922,True
4090.0,1.8942325,5.5327134,,,,free_replica_02_seed20260922,True
4100.0,2.3026328,5.2128935,,,,free_replica_02_seed20260922,True
4110.0,1.8373966,5.4638076,,,,free_replica_02_seed20260922,True
4120.0,1.8230165,5.4270487,,,,free_replica_02_seed20260922,True
4130.0,1.9106731,5.5239162,,,,free_replica_02_seed20260922,True
4140.0,1.5509686,5.520806,,,,free_replica_02_seed20260922,True
4150.0,1.7194934,5.4240084,,,,free_replica_02_seed20260922,True
4160.0,1.9570534,5.509985,,,,free_replica_02_seed20260922,True
4170.0,1.7718587,5.452029,,,,free_replica_02_seed20260922,True
4180.0,1.8228222,5.4330297,,,,free_replica_02_seed20260922,True
4190.0,1.7227219,5.4316783,,,,free_replica_02_seed20260922,True
4200.0,1.5554938,5.46267,,,,free_replica_02_seed20260922,True
4210.0,2.0226681,5.5145082,,,,free_replica_02_seed20260922,True
4220.0,1.5468597,5.439865,,,,free_replica_02_seed20260922,True
4230.0,1.9934199,5.4610324,,,,free_replica_02_seed20260922,True
4240.0,1.731509,5.4153514,,,,free_replica_02_seed20260922,True
4250.0,1.7225927,5.42157,,,,free_replica_02_seed20260922,True
4260.0,2.298428,5.346424,,,,free_replica_02_seed20260922,True
4270.0,2.2411063,5.331809,,,,free_replica_02_seed20260922,True
4280.0,1.8859999,5.499952,,,,free_replica_02_seed20260922,True
4290.0,1.7742395,5.4753876,,,,free_replica_02_seed20260922,True
4300.0,1.6191041,5.4583592,,,,free_replica_02_seed20260922,True
4310.0,1.6975043,5.4811664,,,,free_replica_02_seed20260922,True
4320.0,2.0483904,5.4059596,,,,free_replica_02_seed20260922,True
4330.0,2.019324,5.408393,,,,free_replica_02_seed20260922,True
4340.0,1.5216732,5.391708,,,,free_replica_02_seed20260922,True
4350.0,1.6335704,5.376215,,,,free_replica_02_seed20260922,True
4360.0,1.6483313,5.34241,,,,free_replica_02_seed20260922,True
4370.0,1.465128,5.44931,,,,free_replica_02_seed20260922,True
4380.0,1.7190626,5.4075804,,,,free_replica_02_seed20260922,True
4390.0,1.5611138,5.415375,,,,free_replica_02_seed20260922,True
4400.0,1.528017,5.4159822,,,,free_replica_02_seed20260922,True
4410.0,1.8605742,5.499814,,,,free_replica_02_seed20260922,True
4420.0,1.7868781,5.496208,,,,free_replica_02_seed20260922,True
4430.0,1.786926,5.448473,,,,free_replica_02_seed20260922,True
4440.0,1.9357381,5.414715,,,,free_replica_02_seed20260922,True
4450.0,1.9447314,5.49464,,,,free_replica_02_seed20260922,True
4460.0,2.0000024,5.448824,,,,free_replica_02_seed20260922,True
4470.0,1.9657277,5.489622,,,,free_replica_02_seed20260922,True
4480.0,1.9572215,5.452347,,,,free_replica_02_seed20260922,True
4490.0,1.5951623,5.4926877,,,,free_replica_02_seed20260922,True
4500.0,1.698692,5.333059,,,,free_replica_02_seed20260922,True
4510.0,1.8394154,5.353477,,,,free_replica_02_seed20260922,True
4520.0,1.2567186,5.393265,,,,free_replica_02_seed20260922,True
4530.0,1.5456921,5.4825916,,,,free_replica_02_seed20260922,True
4540.0,1.8435024,5.451231,,,,free_replica_02_seed20260922,True
4550.0,1.87766,5.52956,,,,free_replica_02_seed20260922,True
4560.0,1.3456463,5.2534857,,,,free_replica_02_seed20260922,True
4570.0,1.6302764,5.4627056,,,,free_replica_02_seed20260922,True
4580.0,1.6474642,5.4133444,,,,free_replica_02_seed20260922,True
4590.0,1.609361,5.358689,,,,free_replica_02_seed20260922,True
4600.0,1.7601078,5.3902717,,,,free_replica_02_seed20260922,True
4610.0,1.6950493,5.4736686,,,,free_replica_02_seed20260922,True
4620.0,1.2343277,5.325001,,,,free_replica_02_seed20260922,True
4630.0,1.5571319,5.4419274,,,,free_replica_02_seed20260922,True
4640.0,1.7606694,5.4490194,,,,free_replica_02_seed20260922,True
4650.0,1.1919158,5.463305,,,,free_replica_02_seed20260922,True
4660.0,1.0122515,5.233164,,,,free_replica_02_seed20260922,True
4670.0,1.7882227,5.387056,,,,free_replica_02_seed20260922,True
4680.0,1.4625417,5.459476,,,,free_replica_02_seed20260922,True
4690.0,1.6787467,5.480883,,,,free_replica_02_seed20260922,True
4700.0,1.5359406,5.311525,,,,free_replica_02_seed20260922,True
4710.0,1.6898577,5.4321604,,,,free_replica_02_seed20260922,True
4720.0,1.6362013,5.4338827,,,,free_replica_02_seed20260922,True
4730.0,1.4326298,5.345545,,,,free_replica_02_seed20260922,True
4740.0,1.2983851,5.391117,,,,free_replica_02_seed20260922,True
4750.0,1.7345136,5.5178814,,,,free_replica_02_seed20260922,True
4760.0,1.6686859,5.442811,,,,free_replica_02_seed20260922,True
4770.0,1.7087445,5.475211,,,,free_replica_02_seed20260922,True
4780.0,1.8286978,5.4846945,,,,free_replica_02_seed20260922,True
4790.0,2.003284,5.3478975,,,,free_replica_02_seed20260922,True
4800.0,1.3154167,5.298625,,,,free_replica_02_seed20260922,True
4810.0,1.3914948,5.3686714,,,,free_replica_02_seed20260922,True
4820.0,1.3992724,5.2361293,,,,free_replica_02_seed20260922,True
4830.0,1.7654366,5.4653444,,,,free_replica_02_seed20260922,True
4840.0,1.8566138,5.244031,,,,free_replica_02_seed20260922,True
4850.0,2.2291174,5.417487,,,,free_replica_02_seed20260922,True
4860.0,2.7080698,5.1953306,,,,free_replica_02_seed20260922,True
4870.0,2.422907,5.4399633,,,,free_replica_02_seed20260922,True
4880.0,2.5245862,5.271929,,,,free_replica_02_seed20260922,True
4890.0,2.344752,5.2561,,,,free_replica_02_seed20260922,True
4900.0,2.333462,5.3899627,,,,free_replica_02_seed20260922,True
4910.0,1.818867,5.4241104,,,,free_replica_02_seed20260922,True
4920.0,2.036522,5.3906517,,,,free_replica_02_seed20260922,True
4930.0,1.9541998,5.309537,,,,free_replica_02_seed20260922,True
4940.0,1.5900184,5.4153595,,,,free_replica_02_seed20260922,True
4950.0,2.1930292,5.4770985,,,,free_replica_02_seed20260922,True
4960.0,2.2468219,5.2911325,,,,free_replica_02_seed20260922,True
4970.0,2.3705707,5.265103,,,,free_replica_02_seed20260922,True
4980.0,2.097494,5.36508,,,,free_replica_02_seed20260922,True
4990.0,2.624326,5.3046417,,,,free_replica_02_seed20260922,True
5000.0,2.134914,5.399365,,,,free_replica_02_seed20260922,True
5010.0,1.777359,5.3832893,,,,free_replica_02_seed20260922,True
5020.0,1.4422983,5.370483,,,,free_replica_02_seed20260922,True
5030.0,1.7988801,5.3381243,,,,free_replica_02_seed20260922,True
5040.0,1.7635738,5.4228063,,,,free_replica_02_seed20260922,True
5050.0,1.7832577,5.481393,,,,free_replica_02_seed20260922,True
5060.0,1.917436,5.3671246,,,,free_replica_02_seed20260922,True
5070.0,1.6586639,5.4270644,,,,free_replica_02_seed20260922,True
5080.0,2.3035307,5.282964,,,,free_replica_02_seed20260922,True
5090.0,1.8850136,5.3921003,,,,free_replica_02_seed20260922,True
5100.0,1.7963221,5.424206,,,,free_replica_02_seed20260922,True
5110.0,1.5400105,5.341761,,,,free_replica_02_seed20260922,True
5120.0,1.9691854,5.26303,,,,free_replica_02_seed20260922,True
5130.0,2.538292,5.2473736,,,,free_replica_02_seed20260922,True
5140.0,2.3059769,5.3120875,,,,free_replica_02_seed20260922,True
5150.0,1.675292,5.316058,,,,free_replica_02_seed20260922,True
5160.0,1.8608944,5.274688,,,,free_replica_02_seed20260922,True
5170.0,1.7035704,5.280206,,,,free_replica_02_seed20260922,True
5180.0,1.3889109,5.315389,,,,free_replica_02_seed20260922,True
5190.0,1.1865053,5.212495,,,,free_replica_02_seed20260922,True
5200.0,2.5344095,5.2790694,,,,free_replica_02_seed20260922,True
5210.0,2.579208,5.35047,,,,free_replica_02_seed20260922,True
5220.0,2.5805454,5.2817755,,,,free_replica_02_seed20260922,True
5230.0,2.5084262,5.2170925,,,,free_replica_02_seed20260922,True
5240.0,2.3628197,5.2453775,,,,free_replica_02_seed20260922,True
5250.0,2.6112595,5.3419456,,,,free_replica_02_seed20260922,True
5260.0,2.6775954,5.21134,,,,free_replica_02_seed20260922,True
5270.0,2.5926762,5.3639607,,,,free_replica_02_seed20260922,True
5280.0,2.3829973,5.079121,,,,free_replica_02_seed20260922,True
5290.0,2.6245713,5.2505016,,,,free_replica_02_seed20260922,True
5300.0,2.0930705,5.334923,,,,free_replica_02_seed20260922,True
5310.0,2.4660728,5.0282335,,,,free_replica_02_seed20260922,True
5320.0,2.713358,5.1432,,,,free_replica_02_seed20260922,True
5330.0,2.242783,5.3288765,,,,free_replica_02_seed20260922,True
5340.0,2.4216735,5.2052097,,,,free_replica_02_seed20260922,True
5350.0,2.4565759,5.300211,,,,free_replica_02_seed20260922,True
5360.0,2.3895702,5.2739706,,,,free_replica_02_seed20260922,True
5370.0,2.352241,5.3572855,,,,free_replica_02_seed20260922,True
5380.0,2.4696918,5.257045,,,,free_replica_02_seed20260922,True
5390.0,2.5286791,5.3414483,,,,free_replica_02_seed20260922,True
5400.0,2.5499167,5.096435,,,,free_replica_02_seed20260922,True
5410.0,2.3143096,5.2676897,,,,free_replica_02_seed20260922,True
5420.0,2.5109963,5.366866,,,,free_replica_02_seed20260922,True
5430.0,2.583202,5.4073467,,,,free_replica_02_seed20260922,True
5440.0,2.3787098,5.3402066,,,,free_replica_02_seed20260922,True
5450.0,2.364013,5.2214346,,,,free_replica_02_seed20260922,True
5460.0,2.2206302,5.2728405,,,,free_replica_02_seed20260922,True
5470.0,1.3109758,5.2265925,,,,free_replica_02_seed20260922,True
5480.0,1.3953571,5.304374,,,,free_replica_02_seed20260922,True
5490.0,1.7930186,5.302289,,,,free_replica_02_seed20260922,True
5500.0,2.1090946,5.1858244,,,,free_replica_02_seed20260922,True
5510.0,1.1830025,5.2470355,,,,free_replica_02_seed20260922,True
5520.0,1.4865054,5.2776995,,,,free_replica_02_seed20260922,True
5530.0,2.4807749,5.2524433,,,,free_replica_02_seed20260922,True
5540.0,0.9249547,5.396229,,,,free_replica_02_seed20260922,True
5550.0,2.471936,5.3157825,,,,free_replica_02_seed20260922,True
5560.0,2.2686634,5.325577,,,,free_replica_02_seed20260922,True
5570.0,2.530583,5.2438664,,,,free_replica_02_seed20260922,True
5580.0,2.551115,5.2568,,,,free_replica_02_seed20260922,True
5590.0,2.4193904,5.3098974,,,,free_replica_02_seed20260922,True
5600.0,1.5514,5.312412,,,,free_replica_02_seed20260922,True
5610.0,1.5888324,5.310805,,,,free_replica_02_seed20260922,True
5620.0,1.8247151,5.3334227,,,,free_replica_02_seed20260922,True
5630.0,1.7477459,5.3222365,,,,free_replica_02_seed20260922,True
5640.0,1.8104066,5.2576933,,,,free_replica_02_seed20260922,True
5650.0,1.8154917,5.3653054,,,,free_replica_02_seed20260922,True
5660.0,2.505149,5.33114,,,,free_replica_02_seed20260922,True
5670.0,2.3675542,5.364271,,,,free_replica_02_seed20260922,True
5680.0,2.6468263,5.3404884,,,,free_replica_02_seed20260922,True
5690.0,2.5070903,5.136137,,,,free_replica_02_seed20260922,True
5700.0,2.4750795,5.348515,,,,free_replica_02_seed20260922,True
5710.0,2.6685624,5.247409,,,,free_replica_02_seed20260922,True
5720.0,2.643208,5.191143,,,,free_replica_02_seed20260922,True
5730.0,2.3303423,5.3217416,,,,free_replica_02_seed20260922,True
5740.0,2.4241593,5.228293,,,,free_replica_02_seed20260922,True
5750.0,2.5180671,5.327894,,,,free_replica_02_seed20260922,True
5760.0,2.8186533,5.0615253,,,,free_replica_02_seed20260922,True
5770.0,2.5975754,5.2709413,,,,free_replica_02_seed20260922,True
5780.0,2.730594,5.1715918,,,,free_replica_02_seed20260922,True
5790.0,2.531344,5.26654,,,,free_replica_02_seed20260922,True
5800.0,2.6804492,5.112939,,,,free_replica_02_seed20260922,True
5810.0,2.3121336,5.3551583,,,,free_replica_02_seed20260922,True
5820.0,2.7965813,5.1050863,,,,free_replica_02_seed20260922,True
5830.0,2.439763,5.1476626,,,,free_replica_02_seed20260922,True
5840.0,2.2508655,5.3914614,,,,free_replica_02_seed20260922,True
5850.0,2.5338402,5.267155,,,,free_replica_02_seed20260922,True
5860.0,2.6023793,5.2681828,,,,free_replica_02_seed20260922,True
5870.0,2.6542296,5.242939,,,,free_replica_02_seed20260922,True
5880.0,2.5588217,5.107955,,,,free_replica_02_seed20260922,True
5890.0,2.6613016,5.1608233,,,,free_replica_02_seed20260922,True
5900.0,2.3388364,5.3536944,,,,free_replica_02_seed20260922,True
5910.0,2.0263495,5.2680607,,,,free_replica_02_seed20260922,True
5920.0,1.6550349,5.352473,,,,free_replica_02_seed20260922,True
5930.0,1.5718228,5.3986034,,,,free_replica_02_seed20260922,True
5940.0,1.5480349,5.3782077,,,,free_replica_02_seed20260922,True
5950.0,1.0371811,5.2479796,,,,free_replica_02_seed20260922,True
5960.0,1.0942208,5.320751,,,,free_replica_02_seed20260922,True
5970.0,1.0162915,5.2664547,,,,free_replica_02_seed20260922,True
5980.0,1.1985914,5.3801303,,,,free_replica_02_seed20260922,True
5990.0,1.2784865,5.4507313,,,,free_replica_02_seed20260922,True
6000.0,1.1341559,5.3361216,,,,free_replica_02_seed20260922,True
6010.0,1.1981643,5.343479,,,,free_replica_02_seed20260922,True
6020.0,1.2021137,5.3538566,,,,free_replica_02_seed20260922,True
6030.0,1.8498871,5.1720195,,,,free_replica_02_seed20260922,True
6040.0,1.8123808,5.167959,,,,free_replica_02_seed20260922,True
6050.0,2.1071186,5.250908,,,,free_replica_02_seed20260922,True
6060.0,2.4798882,5.1127057,,,,free_replica_02_seed20260922,True
6070.0,2.27725,5.200345,,,,free_replica_02_seed20260922,True
6080.0,2.4975486,5.2207828,,,,free_replica_02_seed20260922,True
6090.0,2.4265943,5.2647095,,,,free_replica_02_seed20260922,True
6100.0,2.4604144,5.334475,,,,free_replica_02_seed20260922,True
6110.0,2.3947508,5.2764883,,,,free_replica_02_seed20260922,True
6120.0,2.2921062,5.24508,,,,free_replica_02_seed20260922,True
6130.0,1.7370921,5.3383155,,,,free_replica_02_seed20260922,True
6140.0,1.5825154,5.25999,,,,free_replica_02_seed20260922,True
6150.0,1.5678294,5.239734,,,,free_replica_02_seed20260922,True
6160.0,1.4031167,5.171459,,,,free_replica_02_seed20260922,True
6170.0,1.519248,5.2116356,,,,free_replica_02_seed20260922,True
6180.0,1.6958798,5.3424997,,,,free_replica_02_seed20260922,True
6190.0,2.0336165,5.340168,,,,free_replica_02_seed20260922,True
6200.0,0.9437016,5.2599783,,,,free_replica_02_seed20260922,True
6210.0,0.80044574,5.128019,,,,free_replica_02_seed20260922,True
6220.0,0.9684395,5.2567663,,,,free_replica_02_seed20260922,True
6230.0,1.2199919,5.2869816,,,,free_replica_02_seed20260922,True
6240.0,1.6754608,5.1693764,,,,free_replica_02_seed20260922,True
6250.0,1.5450524,5.4378247,,,,free_replica_02_seed20260922,True
6260.0,1.3570589,5.392756,,,,free_replica_02_seed20260922,True
6270.0,0.7755755,5.1440706,,,,free_replica_02_seed20260922,True
6280.0,1.5960091,5.201375,,,,free_replica_02_seed20260922,True
6290.0,1.1149504,5.259905,,,,free_replica_02_seed20260922,True
6300.0,1.4936001,5.2453394,,,,free_replica_02_seed20260922,True
6310.0,1.2690066,5.2095375,,,,free_replica_02_seed20260922,True
6320.0,1.4077885,5.2835913,,,,free_replica_02_seed20260922,True
6330.0,0.864972,5.2451415,,,,free_replica_02_seed20260922,True
6340.0,0.89685094,5.329503,,,,free_replica_02_seed20260922,True
6350.0,0.84563017,5.207074,,,,free_replica_02_seed20260922,True
6360.0,1.5122126,5.337818,,,,free_replica_02_seed20260922,True
6370.0,1.3713188,5.1669216,,,,free_replica_02_seed20260922,True
6380.0,0.9343752,5.224721,,,,free_replica_02_seed20260922,True
6390.0,1.4590924,5.022642,,,,free_replica_02_seed20260922,True
6400.0,1.2540548,5.3652,,,,free_replica_02_seed20260922,True
6410.0,1.2997174,5.1991396,,,,free_replica_02_seed20260922,True
6420.0,1.608792,5.259882,,,,free_replica_02_seed20260922,True
6430.0,1.5327916,5.3120747,,,,free_replica_02_seed20260922,True
6440.0,1.2654281,5.3055644,,,,free_replica_02_seed20260922,True
6450.0,1.4046938,5.239966,,,,free_replica_02_seed20260922,True
6460.0,0.8007574,5.334921,,,,free_replica_02_seed20260922,True
6470.0,0.7170257,5.1687136,,,,free_replica_02_seed20260922,True
6480.0,1.4306158,5.3966804,,,,free_replica_02_seed20260922,True
6490.0,1.5288761,5.300069,,,,free_replica_02_seed20260922,True
6500.0,1.8189571,5.3353586,,,,free_replica_02_seed20260922,True
6510.0,1.6255723,5.3778033,,,,free_replica_02_seed20260922,True
6520.0,1.9516693,5.361594,,,,free_replica_02_seed20260922,True
6530.0,1.8780789,5.332873,,,,free_replica_02_seed20260922,True
6540.0,2.0902567,5.3804913,,,,free_replica_02_seed20260922,True
6550.0,1.9317868,5.328437,,,,free_replica_02_seed20260922,True
6560.0,1.7400515,5.2788076,,,,free_replica_02_seed20260922,True
6570.0,1.7739744,5.4046783,,,,free_replica_02_seed20260922,True
6580.0,1.6803234,5.425809,,,,free_replica_02_seed20260922,True
6590.0,1.9867164,5.3920717,,,,free_replica_02_seed20260922,True
6600.0,2.1037772,5.3551507,,,,free_replica_02_seed20260922,True
6610.0,2.184265,5.350239,,,,free_replica_02_seed20260922,True
6620.0,1.8096339,5.378761,,,,free_replica_02_seed20260922,True
6630.0,2.3331847,5.2320986,,,,free_replica_02_seed20260922,True
6640.0,2.728927,5.2761497,,,,free_replica_02_seed20260922,True
6650.0,2.4935014,5.2573614,,,,free_replica_02_seed20260922,True
6660.0,2.7127423,5.155985,,,,free_replica_02_seed20260922,True
6670.0,2.5582638,5.159914,,,,free_replica_02_seed20260922,True
6680.0,2.3999195,5.288463,,,,free_replica_02_seed20260922,True
6690.0,2.6494522,5.2595196,,,,free_replica_02_seed20260922,True
6700.0,2.1157959,5.2340984,,,,free_replica_02_seed20260922,True
6710.0,2.1837976,5.2866077,,,,free_replica_02_seed20260922,True
6720.0,2.6427672,5.2825146,,,,free_replica_02_seed20260922,True
6730.0,2.733251,5.0733967,,,,free_replica_02_seed20260922,True
6740.0,2.3423452,5.2289886,,,,free_replica_02_seed20260922,True
6750.0,1.9435483,5.1662884,,,,free_replica_02_seed20260922,True
6760.0,2.225177,5.243221,,,,free_replica_02_seed20260922,True
6770.0,2.4893107,5.2028503,,,,free_replica_02_seed20260922,True
6780.0,2.555854,5.189307,,,,free_replica_02_seed20260922,True
6790.0,2.082651,5.1666303,,,,free_replica_02_seed20260922,True
6800.0,0.9216081,5.223871,,,,free_replica_02_seed20260922,True
6810.0,0.85059655,5.3261137,,,,free_replica_02_seed20260922,True
6820.0,1.4158361,5.348665,,,,free_replica_02_seed20260922,True
6830.0,2.3485458,5.2222366,,,,free_replica_02_seed20260922,True
6840.0,2.204208,5.2785254,,,,free_replica_02_seed20260922,True
6850.0,2.0795982,5.1404977,,,,free_replica_02_seed20260922,True
6860.0,1.6781462,5.367504,,,,free_replica_02_seed20260922,True
6870.0,1.5800537,5.2905664,,,,free_replica_02_seed20260922,True
6880.0,2.2426014,5.334682,,,,free_replica_02_seed20260922,True
6890.0,1.660294,5.170764,,,,free_replica_02_seed20260922,True
6900.0,1.4395528,5.234122,,,,free_replica_02_seed20260922,True
6910.0,1.3964218,5.152598,,,,free_replica_02_seed20260922,True
6920.0,1.4385587,5.2434435,,,,free_replica_02_seed20260922,True
6930.0,1.2429203,5.324461,,,,free_replica_02_seed20260922,True
6940.0,1.6064953,5.1092386,,,,free_replica_02_seed20260922,True
6950.0,1.4035313,5.2101707,,,,free_replica_02_seed20260922,True
6960.0,1.7637415,5.273061,,,,free_replica_02_seed20260922,True
6970.0,1.1160105,5.249558,,,,free_replica_02_seed20260922,True
6980.0,0.7595957,5.17634,,,,free_replica_02_seed20260922,True
6990.0,1.0876673,5.378627,,,,free_replica_02_seed20260922,True
7000.0,1.0559195,5.2396226,,,,free_replica_02_seed20260922,True
7010.0,0.9712355,5.356164,,,,free_replica_02_seed20260922,True
7020.0,1.0033152,5.364951,,,,free_replica_02_seed20260922,True
7030.0,0.9809537,5.2545094,,,,free_replica_02_seed20260922,True
7040.0,1.2100341,5.3366737,,,,free_replica_02_seed20260922,True
7050.0,1.0477625,5.1699305,,,,free_replica_02_seed20260922,True
7060.0,1.210088,5.1845317,,,,free_replica_02_seed20260922,True
7070.0,1.0626239,5.308376,,,,free_replica_02_seed20260922,True
7080.0,1.8831289,5.311116,,,,free_replica_02_seed20260922,True
7090.0,1.5584991,5.2344666,,,,free_replica_02_seed20260922,True
7100.0,1.208124,5.0746803,,,,free_replica_02_seed20260922,True
7110.0,1.2453042,5.2513323,,,,free_replica_02_seed20260922,True
7120.0,2.1138034,5.2702184,,,,free_replica_02_seed20260922,True
7130.0,2.5951676,5.2063503,,,,free_replica_02_seed20260922,True
7140.0,2.4303374,5.281816,,,,free_replica_02_seed20260922,True
7150.0,2.1731064,5.309375,,,,free_replica_02_seed20260922,True
7160.0,2.3924878,5.2974944,,,,free_replica_02_seed20260922,True
7170.0,1.8318857,5.322071,,,,free_replica_02_seed20260922,True
7180.0,1.9655294,5.2276416,,,,free_replica_02_seed20260922,True
7190.0,2.548842,5.2393575,,,,free_replica_02_seed20260922,True
7200.0,2.5135903,5.279119,,,,free_replica_02_seed20260922,True
7210.0,2.5502477,5.2432585,,,,free_replica_02_seed20260922,True
7220.0,2.6487331,5.2174206,,,,free_replica_02_seed20260922,True
7230.0,2.7750616,5.1489635,,,,free_replica_02_seed20260922,True
7240.0,2.6174693,5.2717376,,,,free_replica_02_seed20260922,True
7250.0,2.528017,5.263936,,,,free_replica_02_seed20260922,True
7260.0,2.2378387,5.32561,,,,free_replica_02_seed20260922,True
7270.0,2.0369668,5.205327,,,,free_replica_02_seed20260922,True
7280.0,2.5588453,5.228283,,,,free_replica_02_seed20260922,True
7290.0,2.5630162,5.334922,,,,free_replica_02_seed20260922,True
7300.0,2.6061544,5.1295094,,,,free_replica_02_seed20260922,True
7310.0,2.4748259,5.225627,,,,free_replica_02_seed20260922,True
7320.0,1.2753748,5.2419367,,,,free_replica_02_seed20260922,True
7330.0,0.96315336,5.1693625,,,,free_replica_02_seed20260922,True
7340.0,0.9337286,5.374303,,,,free_replica_02_seed20260922,True
7350.0,1.7068421,5.246931,,,,free_replica_02_seed20260922,True
7360.0,1.7771659,5.2931075,,,,free_replica_02_seed20260922,True
7370.0,1.8988353,5.2196527,,,,free_replica_02_seed20260922,True
7380.0,1.2936683,5.366406,,,,free_replica_02_seed20260922,True
7390.0,2.0206351,5.3253074,,,,free_replica_02_seed20260922,True
7400.0,2.0280855,5.313221,,,,free_replica_02_seed20260922,True
7410.0,2.085827,5.2938943,,,,free_replica_02_seed20260922,True
7420.0,1.5623524,5.326774,,,,free_replica_02_seed20260922,True
7430.0,0.7021681,5.108428,,,,free_replica_02_seed20260922,True
7440.0,0.61602956,5.205947,,,,free_replica_02_seed20260922,True
7450.0,0.9483523,5.3105216,,,,free_replica_02_seed20260922,True
7460.0,1.4545996,5.3581057,,,,free_replica_02_seed20260922,True
7470.0,1.1587604,5.048547,,,,free_replica_02_seed20260922,True
7480.0,1.7521212,5.545778,,,,free_replica_02_seed20260922,True
7490.0,1.8698133,5.5986776,,,,free_replica_02_seed20260922,True
7500.0,1.7563398,5.41449,,,,free_replica_02_seed20260922,True
7510.0,2.0917108,5.581851,,,,free_replica_02_seed20260922,True
7520.0,2.1985962,5.611727,,,,free_replica_02_seed20260922,True
7530.0,1.9105266,5.543623,,,,free_replica_02_seed20260922,True
7540.0,1.8441007,5.5349374,,,,free_replica_02_seed20260922,True
7550.0,1.8532385,5.5035496,,,,free_replica_02_seed20260922,True
7560.0,2.0298252,5.576291,,,,free_replica_02_seed20260922,True
7570.0,1.9013264,5.5915413,,,,free_replica_02_seed20260922,True
7580.0,1.773747,5.451694,,,,free_replica_02_seed20260922,True
7590.0,1.6055431,5.4886312,,,,free_replica_02_seed20260922,True
7600.0,2.221594,5.469485,,,,free_replica_02_seed20260922,True
7610.0,2.1878967,5.5525684,,,,free_replica_02_seed20260922,True
7620.0,2.2336342,5.628099,,,,free_replica_02_seed20260922,True
7630.0,2.1351686,5.6041174,,,,free_replica_02_seed20260922,True
7640.0,2.1381502,5.5826373,,,,free_replica_02_seed20260922,True
7650.0,2.2280412,5.5938435,,,,free_replica_02_seed20260922,True
7660.0,2.0694494,5.6403594,,,,free_replica_02_seed20260922,True
7670.0,1.8352604,5.494975,,,,free_replica_02_seed20260922,True
7680.0,1.8453604,5.5213237,,,,free_replica_02_seed20260922,True
7690.0,2.1167603,5.612812,,,,free_replica_02_seed20260922,True
7700.0,2.2384565,5.467455,,,,free_replica_02_seed20260922,True
7710.0,2.2188165,5.3509355,,,,free_replica_02_seed20260922,True
7720.0,1.8344946,5.5187454,,,,free_replica_02_seed20260922,True
7730.0,1.5931504,5.570745,,,,free_replica_02_seed20260922,True
7740.0,1.6365616,5.283239,,,,free_replica_02_seed20260922,True
7750.0,1.6165556,5.611727,,,,free_replica_02_seed20260922,True
7760.0,1.8786298,5.5661716,,,,free_replica_02_seed20260922,True
7770.0,1.6736052,5.507484,,,,free_replica_02_seed20260922,True
7780.0,1.5937548,5.593603,,,,free_replica_02_seed20260922,True
7790.0,1.4898155,5.5249076,,,,free_replica_02_seed20260922,True
7800.0,1.4081385,5.505,,,,free_replica_02_seed20260922,True
7810.0,1.577685,5.538127,,,,free_replica_02_seed20260922,True
7820.0,1.5637548,5.464766,,,,free_replica_02_seed20260922,True
7830.0,1.8757703,5.418948,,,,free_replica_02_seed20260922,True
7840.0,1.4437435,5.444745,,,,free_replica_02_seed20260922,True
7850.0,1.5341256,5.572961,,,,free_replica_02_seed20260922,True
7860.0,1.5183355,5.5248413,,,,free_replica_02_seed20260922,True
7870.0,1.6609393,5.5751657,,,,free_replica_02_seed20260922,True
7880.0,1.9383639,5.581888,,,,free_replica_02_seed20260922,True
7890.0,1.602009,5.5207186,,,,free_replica_02_seed20260922,True
7900.0,1.6001308,5.5485353,,,,free_replica_02_seed20260922,True
7910.0,1.8209709,5.3986077,,,,free_replica_02_seed20260922,True
7920.0,1.6190963,5.4403024,,,,free_replica_02_seed20260922,True
7930.0,1.5246974,5.492673,,,,free_replica_02_seed20260922,True
7940.0,1.6920985,5.491142,,,,free_replica_02_seed20260922,True
7950.0,1.6689775,5.579956,,,,free_replica_02_seed20260922,True
7960.0,1.6219504,5.560639,,,,free_replica_02_seed20260922,True
7970.0,1.5905962,5.554511,,,,free_replica_02_seed20260922,True
7980.0,1.4936788,5.5893736,,,,free_replica_02_seed20260922,True
7990.0,1.691706,5.5809474,,,,free_replica_02_seed20260922,True
8000.0,1.5483902,5.4874916,,,,free_replica_02_seed20260922,True
8010.0,1.4640211,5.500288,,,,free_replica_02_seed20260922,True
8020.0,1.6044182,5.603907,,,,free_replica_02_seed20260922,True
8030.0,1.694282,5.498622,,,,free_replica_02_seed20260922,True
8040.0,1.6368228,5.5785656,,,,free_replica_02_seed20260922,True
8050.0,1.7720021,5.6216917,,,,free_replica_02_seed20260922,True
8060.0,2.0249457,5.533957,,,,free_replica_02_seed20260922,True
8070.0,1.6177115,5.547942,,,,free_replica_02_seed20260922,True
8080.0,1.6641916,5.4359813,,,,free_replica_02_seed20260922,True
8090.0,1.716742,5.6302,,,,free_replica_02_seed20260922,True
8100.0,1.9064825,5.527435,,,,free_replica_02_seed20260922,True
8110.0,1.6894137,5.577389,,,,free_replica_02_seed20260922,True
8120.0,1.9684265,5.5237103,,,,free_replica_02_seed20260922,True
8130.0,1.9518714,5.552417,,,,free_replica_02_seed20260922,True
8140.0,2.090107,5.546157,,,,free_replica_02_seed20260922,True
8150.0,2.1852872,5.614398,,,,free_replica_02_seed20260922,True
8160.0,2.1451516,5.5906076,,,,free_replica_02_seed20260922,True
8170.0,2.1440303,5.540364,,,,free_replica_02_seed20260922,True
8180.0,2.2061236,5.602581,,,,free_replica_02_seed20260922,True
8190.0,2.178162,5.659216,,,,free_replica_02_seed20260922,True
8200.0,2.1929152,5.6269608,,,,free_replica_02_seed20260922,True
8210.0,2.1380029,5.631523,,,,free_replica_02_seed20260922,True
8220.0,2.2473164,5.5561953,,,,free_replica_02_seed20260922,True
8230.0,1.8353384,5.569634,,,,free_replica_02_seed20260922,True
8240.0,1.7199463,5.506254,,,,free_replica_02_seed20260922,True
8250.0,1.6338603,5.5484014,,,,free_replica_02_seed20260922,True
8260.0,1.2983214,5.497322,,,,free_replica_02_seed20260922,True
8270.0,1.7208589,5.564771,,,,free_replica_02_seed20260922,True
8280.0,1.4201773,5.1853685,,,,free_replica_02_seed20260922,True
8290.0,1.717329,5.4220133,,,,free_replica_02_seed20260922,True
8300.0,1.7791681,5.3547697,,,,free_replica_02_seed20260922,True
8310.0,2.5946617,5.4606,,,,free_replica_02_seed20260922,True
8320.0,2.131159,5.4255524,,,,free_replica_02_seed20260922,True
8330.0,2.0362885,5.3513527,,,,free_replica_02_seed20260922,True
8340.0,2.4554207,5.3146453,,,,free_replica_02_seed20260922,True
8350.0,1.3315816,5.306661,,,,free_replica_02_seed20260922,True
8360.0,1.3475596,5.353399,,,,free_replica_02_seed20260922,True
8370.0,1.8611609,5.279961,,,,free_replica_02_seed20260922,True
8380.0,1.8520675,5.4412613,,,,free_replica_02_seed20260922,True
8390.0,2.200254,5.4899383,,,,free_replica_02_seed20260922,True
8400.0,2.2431474,5.483652,,,,free_replica_02_seed20260922,True
8410.0,1.5690942,5.2844706,,,,free_replica_02_seed20260922,True
8420.0,1.888768,5.283962,,,,free_replica_02_seed20260922,True
8430.0,1.9679806,5.3383994,,,,free_replica_02_seed20260922,True
8440.0,1.4995794,5.3787613,,,,free_replica_02_seed20260922,True
8450.0,1.5725265,5.445678,,,,free_replica_02_seed20260922,True
8460.0,1.9966512,5.440841,,,,free_replica_02_seed20260922,True
8470.0,2.7579327,5.379879,,,,free_replica_02_seed20260922,True
8480.0,2.6160953,5.421452,,,,free_replica_02_seed20260922,True
8490.0,2.7148027,5.4015565,,,,free_replica_02_seed20260922,True
8500.0,2.605317,5.4486046,,,,free_replica_02_seed20260922,True
8510.0,2.0569112,5.420635,,,,free_replica_02_seed20260922,True
8520.0,2.5593758,5.462205,,,,free_replica_02_seed20260922,True
8530.0,2.6164737,5.3268867,,,,free_replica_02_seed20260922,True
8540.0,2.5247872,5.4507475,,,,free_replica_02_seed20260922,True
8550.0,2.4896612,5.386936,,,,free_replica_02_seed20260922,True
8560.0,2.4873195,5.538266,,,,free_replica_02_seed20260922,True
8570.0,2.4355907,5.468378,,,,free_replica_02_seed20260922,True
8580.0,2.5035896,5.3632603,,,,free_replica_02_seed20260922,True
8590.0,2.5124931,5.4687634,,,,free_replica_02_seed20260922,True
8600.0,2.5745597,5.469509,,,,free_replica_02_seed20260922,True
8610.0,2.5520997,5.3524218,,,,free_replica_02_seed20260922,True
8620.0,2.488223,5.3852615,,,,free_replica_02_seed20260922,True
8630.0,2.1565838,5.4165597,,,,free_replica_02_seed20260922,True
8640.0,2.5641742,5.4188924,,,,free_replica_02_seed20260922,True
8650.0,2.549794,5.541992,,,,free_replica_02_seed20260922,True
8660.0,2.574327,5.406387,,,,free_replica_02_seed20260922,True
8670.0,2.6190033,5.415531,,,,free_replica_02_seed20260922,True
8680.0,2.6134005,5.360327,,,,free_replica_02_seed20260922,True
8690.0,2.569541,5.326254,,,,free_replica_02_seed20260922,True
8700.0,2.5740557,5.418172,,,,free_replica_02_seed20260922,True
8710.0,2.634315,5.3222823,,,,free_replica_02_seed20260922,True
8720.0,2.5112476,5.413845,,,,free_replica_02_seed20260922,True
8730.0,2.741184,5.346442,,,,free_replica_02_seed20260922,True
8740.0,2.377898,5.1922197,,,,free_replica_02_seed20260922,True
8750.0,2.072276,5.5028305,,,,free_replica_02_seed20260922,True
8760.0,1.715979,5.377188,,,,free_replica_02_seed20260922,True
8770.0,1.5550727,5.499034,,,,free_replica_02_seed20260922,True
8780.0,1.4827702,5.5952396,,,,free_replica_02_seed20260922,True
8790.0,1.4599919,5.3018613,,,,free_replica_02_seed20260922,True
8800.0,1.4180996,5.528884,,,,free_replica_02_seed20260922,True
8810.0,1.5603867,5.457244,,,,free_replica_02_seed20260922,True
8820.0,1.5148329,5.4410734,,,,free_replica_02_seed20260922,True
8830.0,1.7484324,5.4428844,,,,free_replica_02_seed20260922,True
8840.0,1.4035392,5.4058456,,,,free_replica_02_seed20260922,True
8850.0,1.5222685,5.381634,,,,free_replica_02_seed20260922,True
8860.0,1.7674469,5.4938946,,,,free_replica_02_seed20260922,True
8870.0,1.9007646,5.4896755,,,,free_replica_02_seed20260922,True
8880.0,1.8363409,5.468559,,,,free_replica_02_seed20260922,True
8890.0,1.5295143,5.39556,,,,free_replica_02_seed20260922,True
8900.0,1.3284744,5.5152597,,,,free_replica_02_seed20260922,True
8910.0,1.6446108,5.361725,,,,free_replica_02_seed20260922,True
8920.0,1.4537165,5.4498315,,,,free_replica_02_seed20260922,True
8930.0,1.4331067,5.4392505,,,,free_replica_02_seed20260922,True
8940.0,1.2845021,5.292411,,,,free_replica_02_seed20260922,True
8950.0,1.8735803,5.4595556,,,,free_replica_02_seed20260922,True
8960.0,1.963029,5.4433446,,,,free_replica_02_seed20260922,True
8970.0,1.6508529,5.421545,,,,free_replica_02_seed20260922,True
8980.0,2.321748,5.4233956,,,,free_replica_02_seed20260922,True
8990.0,2.6169417,5.3894954,,,,free_replica_02_seed20260922,True
9000.0,2.8167458,5.2193766,,,,free_replica_02_seed20260922,True
9010.0,2.5270555,5.445902,,,,free_replica_02_seed20260922,True
9020.0,2.507855,5.5073285,,,,free_replica_02_seed20260922,True
9030.0,2.5802634,5.3968806,,,,free_replica_02_seed20260922,True
9040.0,2.5687697,5.446077,,,,free_replica_02_seed20260922,True
9050.0,2.3423193,5.4966903,,,,free_replica_02_seed20260922,True
9060.0,2.558442,5.4415984,,,,free_replica_02_seed20260922,True
9070.0,2.7121546,5.21977,,,,free_replica_02_seed20260922,True
9080.0,2.6141248,5.4297633,,,,free_replica_02_seed20260922,True
9090.0,2.2484293,5.3353624,,,,free_replica_02_seed20260922,True
9100.0,2.6569448,5.489223,,,,free_replica_02_seed20260922,True
9110.0,2.6305327,5.422172,,,,free_replica_02_seed20260922,True
9120.0,2.5307727,5.295298,,,,free_replica_02_seed20260922,True
9130.0,2.5275378,5.450243,,,,free_replica_02_seed20260922,True
9140.0,2.0134761,5.296625,,,,free_replica_02_seed20260922,True
9150.0,2.5101614,5.4453583,,,,free_replica_02_seed20260922,True
9160.0,2.3784258,5.447445,,,,free_replica_02_seed20260922,True
9170.0,2.6248791,5.434151,,,,free_replica_02_seed20260922,True
9180.0,2.566442,5.4158545,,,,free_replica_02_seed20260922,True
9190.0,2.2693276,5.5463295,,,,free_replica_02_seed20260922,True
9200.0,2.5756571,5.5472636,,,,free_replica_02_seed20260922,True
9210.0,2.2836652,5.4367905,,,,free_replica_02_seed20260922,True
9220.0,2.604466,5.251181,,,,free_replica_02_seed20260922,True
9230.0,2.398547,5.462215,,,,free_replica_02_seed20260922,True
9240.0,2.5881135,5.3605146,,,,free_replica_02_seed20260922,True
9250.0,2.4911387,5.4285774,,,,free_replica_02_seed20260922,True
9260.0,2.594279,5.453877,,,,free_replica_02_seed20260922,True
9270.0,2.6093986,5.2759056,,,,free_replica_02_seed20260922,True
9280.0,2.598545,5.569807,,,,free_replica_02_seed20260922,True
9290.0,2.6317487,5.426293,,,,free_replica_02_seed20260922,True
9300.0,2.5920134,5.346485,,,,free_replica_02_seed20260922,True
9310.0,2.3349266,5.543233,,,,free_replica_02_seed20260922,True
9320.0,2.0406528,5.44965,,,,free_replica_02_seed20260922,True
9330.0,2.1125329,5.5556116,,,,free_replica_02_seed20260922,True
9340.0,2.3037865,5.399618,,,,free_replica_02_seed20260922,True
9350.0,2.5626826,5.4216604,,,,free_replica_02_seed20260922,True
9360.0,2.533579,5.3971486,,,,free_replica_02_seed20260922,True
9370.0,2.6386352,5.3355575,,,,free_replica_02_seed20260922,True
9380.0,2.67329,5.297549,,,,free_replica_02_seed20260922,True
9390.0,2.556387,5.39682,,,,free_replica_02_seed20260922,True
9400.0,2.55683,5.395329,,,,free_replica_02_seed20260922,True
9410.0,2.3144505,5.425515,,,,free_replica_02_seed20260922,True
9420.0,2.3963995,5.487661,,,,free_replica_02_seed20260922,True
9430.0,2.418559,5.4325933,,,,free_replica_02_seed20260922,True
9440.0,2.6268744,5.382273,,,,free_replica_02_seed20260922,True
9450.0,2.54673,5.468492,,,,free_replica_02_seed20260922,True
9460.0,2.477402,5.2812653,,,,free_replica_02_seed20260922,True
9470.0,2.3489816,5.4664288,,,,free_replica_02_seed20260922,True
9480.0,2.4794536,5.500202,,,,free_replica_02_seed20260922,True
9490.0,2.5376925,5.4445214,,,,free_replica_02_seed20260922,True
9500.0,2.5749419,5.428224,,,,free_replica_02_seed20260922,True
9510.0,2.572916,5.40429,,,,free_replica_02_seed20260922,True
9520.0,2.5836363,5.5853615,,,,free_replica_02_seed20260922,True
9530.0,2.6687405,5.385684,,,,free_replica_02_seed20260922,True
9540.0,2.3111076,5.351822,,,,free_replica_02_seed20260922,True
9550.0,2.4286954,5.32975,,,,free_replica_02_seed20260922,True
9560.0,2.6317344,5.4191375,,,,free_replica_02_seed20260922,True
9570.0,2.4796202,5.3323956,,,,free_replica_02_seed20260922,True
9580.0,2.5873568,5.4770145,,,,free_replica_02_seed20260922,True
9590.0,2.562716,5.161273,,,,free_replica_02_seed20260922,True
9600.0,2.5108483,5.375135,,,,free_replica_02_seed20260922,True
9610.0,2.5722723,5.4513793,,,,free_replica_02_seed20260922,True
9620.0,2.4830697,5.441881,,,,free_replica_02_seed20260922,True
9630.0,2.6038027,5.4058833,,,,free_replica_02_seed20260922,True
9640.0,2.5105774,5.4841595,,,,free_replica_02_seed20260922,True
9650.0,2.6544237,5.5151486,,,,free_replica_02_seed20260922,True
9660.0,2.6655502,5.414548,,,,free_replica_02_seed20260922,True
9670.0,2.1179056,5.460859,,,,free_replica_02_seed20260922,True
9680.0,1.7342478,5.3156834,,,,free_replica_02_seed20260922,True
9690.0,2.0782099,5.4088573,,,,free_replica_02_seed20260922,True
9700.0,2.431162,5.4641557,,,,free_replica_02_seed20260922,True
9710.0,2.5324345,5.4345818,,,,free_replica_02_seed20260922,True
9720.0,2.4401762,5.367078,,,,free_replica_02_seed20260922,True
9730.0,2.4452672,5.4085817,,,,free_replica_02_seed20260922,True
9740.0,2.1957445,5.4927263,,,,free_replica_02_seed20260922,True
9750.0,2.0175145,5.546012,,,,free_replica_02_seed20260922,True
9760.0,1.8136599,5.5789375,,,,free_replica_02_seed20260922,True
9770.0,2.178664,5.3171444,,,,free_replica_02_seed20260922,True
9780.0,2.0019484,5.5765395,,,,free_replica_02_seed20260922,True
9790.0,2.1912794,5.5933247,,,,free_replica_02_seed20260922,True
9800.0,2.0039005,5.5523596,,,,free_replica_02_seed20260922,True
9810.0,1.8473954,5.4587326,,,,free_replica_02_seed20260922,True
9820.0,1.9824909,5.5394564,,,,free_replica_02_seed20260922,True
9830.0,1.725996,5.5668473,,,,free_replica_02_seed20260922,True
9840.0,2.1551137,5.5691023,,,,free_replica_02_seed20260922,True
9850.0,2.2066336,5.556392,,,,free_replica_02_seed20260922,True
9860.0,1.9417787,5.554492,,,,free_replica_02_seed20260922,True
9870.0,2.268428,5.4328294,,,,free_replica_02_seed20260922,True
9880.0,2.3385549,5.5216985,,,,free_replica_02_seed20260922,True
9890.0,1.5757536,5.6077566,,,,free_replica_02_seed20260922,True
9900.0,1.6625595,5.564654,,,,free_replica_02_seed20260922,True
9910.0,2.0513983,5.6760097,,,,free_replica_02_seed20260922,True
9920.0,2.2524495,5.690849,,,,free_replica_02_seed20260922,True
9930.0,1.893296,5.4840617,,,,free_replica_02_seed20260922,True
9940.0,1.8772687,5.5850277,,,,free_replica_02_seed20260922,True
9950.0,1.7419477,5.5717716,,,,free_replica_02_seed20260922,True
9960.0,1.7642586,5.5348434,,,,free_replica_02_seed20260922,True
9970.0,1.8960776,5.5599174,,,,free_replica_02_seed20260922,True
9980.0,2.1418638,5.591958,,,,free_replica_02_seed20260922,True
9990.0,1.9554398,5.495088,,,,free_replica_02_seed20260922,True
10000.0,1.9773626,5.44529,,,,free_replica_02_seed20260922,True
2010.0,1.1660281,5.450713,,,,free_replica_03_seed20260923,True
2020.0,1.23129,5.363217,,,,free_replica_03_seed20260923,True
2030.0,1.0724566,5.3849435,,,,free_replica_03_seed20260923,True
2040.0,0.9948324,5.34962,,,,free_replica_03_seed20260923,True
2050.0,1.2617424,5.3710175,,,,free_replica_03_seed20260923,True
2060.0,1.5167475,5.3099914,,,,free_replica_03_seed20260923,True
2070.0,2.1996515,5.4243536,,,,free_replica_03_seed20260923,True
2080.0,1.3980927,5.3737087,,,,free_replica_03_seed20260923,True
2090.0,1.8799949,5.4046288,,,,free_replica_03_seed20260923,True
2100.0,1.8709021,5.441075,,,,free_replica_03_seed20260923,True
2110.0,1.2637589,5.29521,,,,free_replica_03_seed20260923,True
2120.0,1.2407417,5.331932,,,,free_replica_03_seed20260923,True
2130.0,1.6034788,5.325386,,,,free_replica_03_seed20260923,True
2140.0,1.1346519,5.4082556,,,,free_replica_03_seed20260923,True
2150.0,1.1828372,5.434181,,,,free_replica_03_seed20260923,True
2160.0,1.1468548,5.414377,,,,free_replica_03_seed20260923,True
2170.0,1.2322733,5.400876,,,,free_replica_03_seed20260923,True
2180.0,1.0491421,5.4875445,,,,free_replica_03_seed20260923,True
2190.0,0.9572903,5.3989143,,,,free_replica_03_seed20260923,True
2200.0,1.0289589,5.329931,,,,free_replica_03_seed20260923,True
2210.0,1.4332397,5.3521442,,,,free_replica_03_seed20260923,True
2220.0,1.2478492,5.3794217,,,,free_replica_03_seed20260923,True
2230.0,1.7819996,5.2686205,,,,free_replica_03_seed20260923,True
2240.0,1.807914,5.46907,,,,free_replica_03_seed20260923,True
2250.0,1.7533925,5.334504,,,,free_replica_03_seed20260923,True
2260.0,1.7594981,5.3943925,,,,free_replica_03_seed20260923,True
2270.0,1.9781213,5.371049,,,,free_replica_03_seed20260923,True
2280.0,1.9347014,5.4451427,,,,free_replica_03_seed20260923,True
2290.0,2.0830112,5.336084,,,,free_replica_03_seed20260923,True
2300.0,2.1560707,5.4353333,,,,free_replica_03_seed20260923,True
2310.0,2.313181,5.348001,,,,free_replica_03_seed20260923,True
2320.0,2.1219072,5.4392986,,,,free_replica_03_seed20260923,True
2330.0,2.2549694,5.271854,,,,free_replica_03_seed20260923,True
2340.0,2.2021372,5.3524666,,,,free_replica_03_seed20260923,True
2350.0,2.1159182,5.372334,,,,free_replica_03_seed20260923,True
2360.0,2.0180786,5.3929605,,,,free_replica_03_seed20260923,True
2370.0,1.9520415,5.3341827,,,,free_replica_03_seed20260923,True
2380.0,2.0905943,5.32246,,,,free_replica_03_seed20260923,True
2390.0,1.452174,5.3583884,,,,free_replica_03_seed20260923,True
2400.0,1.6486918,5.355895,,,,free_replica_03_seed20260923,True
2410.0,1.4378645,5.317894,,,,free_replica_03_seed20260923,True
2420.0,1.9507961,5.408456,,,,free_replica_03_seed20260923,True
2430.0,2.3622339,5.3623013,,,,free_replica_03_seed20260923,True
2440.0,2.3294096,5.2440834,,,,free_replica_03_seed20260923,True
2450.0,2.2552814,5.2968884,,,,free_replica_03_seed20260923,True
2460.0,1.8221943,5.225373,,,,free_replica_03_seed20260923,True
2470.0,1.7567914,5.272555,,,,free_replica_03_seed20260923,True
2480.0,1.6767477,5.3829722,,,,free_replica_03_seed20260923,True
2490.0,1.6696649,5.4093704,,,,free_replica_03_seed20260923,True
2500.0,1.1859854,5.4614453,,,,free_replica_03_seed20260923,True
2510.0,1.1781247,5.3312016,,,,free_replica_03_seed20260923,True
2520.0,1.2664777,5.3112864,,,,free_replica_03_seed20260923,True
2530.0,1.5483028,5.3240247,,,,free_replica_03_seed20260923,True
2540.0,1.8214152,5.39545,,,,free_replica_03_seed20260923,True
2550.0,1.3764174,5.4376144,,,,free_replica_03_seed20260923,True
2560.0,1.0339426,5.3630667,,,,free_replica_03_seed20260923,True
2570.0,1.0918243,5.343912,,,,free_replica_03_seed20260923,True
2580.0,1.0306568,5.388534,,,,free_replica_03_seed20260923,True
2590.0,1.3932527,5.425414,,,,free_replica_03_seed20260923,True
2600.0,1.2752849,5.3854947,,,,free_replica_03_seed20260923,True
2610.0,1.1252384,5.3863993,,,,free_replica_03_seed20260923,True
2620.0,1.1287446,5.3884172,,,,free_replica_03_seed20260923,True
2630.0,1.4719814,5.3743277,,,,free_replica_03_seed20260923,True
2640.0,2.0841103,5.390852,,,,free_replica_03_seed20260923,True
2650.0,2.003772,5.347581,,,,free_replica_03_seed20260923,True
2660.0,1.6191278,5.436661,,,,free_replica_03_seed20260923,True
2670.0,1.8855834,5.4294195,,,,free_replica_03_seed20260923,True
2680.0,2.0296688,5.307162,,,,free_replica_03_seed20260923,True
2690.0,2.0338821,5.3305535,,,,free_replica_03_seed20260923,True
2700.0,2.2912862,5.3893228,,,,free_replica_03_seed20260923,True
2710.0,1.5996529,5.321178,,,,free_replica_03_seed20260923,True
2720.0,1.9436669,5.373633,,,,free_replica_03_seed20260923,True
2730.0,2.063742,5.319731,,,,free_replica_03_seed20260923,True
2740.0,1.8896664,5.340499,,,,free_replica_03_seed20260923,True
2750.0,2.0044634,5.485338,,,,free_replica_03_seed20260923,True
2760.0,1.9784298,5.476008,,,,free_replica_03_seed20260923,True
2770.0,1.6662972,5.4351926,,,,free_replica_03_seed20260923,True
2780.0,2.0760303,5.27861,,,,free_replica_03_seed20260923,True
2790.0,1.2780638,5.3311357,,,,free_replica_03_seed20260923,True
2800.0,1.4021503,5.3343773,,,,free_replica_03_seed20260923,True
2810.0,1.4743443,5.4218626,,,,free_replica_03_seed20260923,True
2820.0,1.9477619,5.3453183,,,,free_replica_03_seed20260923,True
2830.0,2.261792,5.278389,,,,free_replica_03_seed20260923,True
2840.0,1.7351851,5.3203006,,,,free_replica_03_seed20260923,True
2850.0,1.6062479,5.314045,,,,free_replica_03_seed20260923,True
2860.0,2.5940013,5.308645,,,,free_replica_03_seed20260923,True
2870.0,2.5455284,5.3102713,,,,free_replica_03_seed20260923,True
2880.0,2.4613876,5.2949195,,,,free_replica_03_seed20260923,True
2890.0,1.5460776,5.332383,,,,free_replica_03_seed20260923,True
2900.0,0.9348038,5.231264,,,,free_replica_03_seed20260923,True
2910.0,0.9738226,5.160905,,,,free_replica_03_seed20260923,True
2920.0,0.85924184,5.181072,,,,free_replica_03_seed20260923,True
2930.0,0.9706675,5.030548,,,,free_replica_03_seed20260923,True
2940.0,1.4785362,5.2694445,,,,free_replica_03_seed20260923,True
2950.0,1.7328532,5.271025,,,,free_replica_03_seed20260923,True
2960.0,2.4294944,5.2620726,,,,free_replica_03_seed20260923,True
2970.0,2.3355849,5.322239,,,,free_replica_03_seed20260923,True
2980.0,2.1588311,5.360596,,,,free_replica_03_seed20260923,True
2990.0,2.2756128,5.346477,,,,free_replica_03_seed20260923,True
3000.0,2.6630526,5.2395306,,,,free_replica_03_seed20260923,True
3010.0,2.296436,5.327959,,,,free_replica_03_seed20260923,True
3020.0,2.596272,5.2548594,,,,free_replica_03_seed20260923,True
3030.0,2.6979458,5.192303,,,,free_replica_03_seed20260923,True
3040.0,2.6055956,5.208993,,,,free_replica_03_seed20260923,True
3050.0,2.6129973,5.0482187,,,,free_replica_03_seed20260923,True
3060.0,2.456583,5.2774467,,,,free_replica_03_seed20260923,True
3070.0,1.6898396,5.3750567,,,,free_replica_03_seed20260923,True
3080.0,1.815144,5.2725387,,,,free_replica_03_seed20260923,True
3090.0,2.413468,5.1903353,,,,free_replica_03_seed20260923,True
3100.0,2.6247377,5.1703634,,,,free_replica_03_seed20260923,True
3110.0,2.0963175,5.352248,,,,free_replica_03_seed20260923,True
3120.0,2.0551171,5.3600082,,,,free_replica_03_seed20260923,True
3130.0,1.5172002,5.3890634,,,,free_replica_03_seed20260923,True
3140.0,1.1604245,5.2157993,,,,free_replica_03_seed20260923,True
3150.0,2.2833366,5.3950872,,,,free_replica_03_seed20260923,True
3160.0,2.187505,5.367359,,,,free_replica_03_seed20260923,True
3170.0,1.1231148,5.254569,,,,free_replica_03_seed20260923,True
3180.0,0.9555037,5.0677223,,,,free_replica_03_seed20260923,True
3190.0,1.0770057,5.2433867,,,,free_replica_03_seed20260923,True
3200.0,1.2817757,5.2487416,,,,free_replica_03_seed20260923,True
3210.0,1.1536313,5.2564936,,,,free_replica_03_seed20260923,True
3220.0,1.0822586,5.26027,,,,free_replica_03_seed20260923,True
3230.0,2.0034268,5.320787,,,,free_replica_03_seed20260923,True
3240.0,1.8532178,5.2856708,,,,free_replica_03_seed20260923,True
3250.0,2.1511605,5.402767,,,,free_replica_03_seed20260923,True
3260.0,2.10789,5.341157,,,,free_replica_03_seed20260923,True
3270.0,2.1458821,5.402646,,,,free_replica_03_seed20260923,True
3280.0,2.1363592,5.438613,,,,free_replica_03_seed20260923,True
3290.0,2.1636946,5.399596,,,,free_replica_03_seed20260923,True
3300.0,2.0661001,5.3258686,,,,free_replica_03_seed20260923,True
3310.0,2.1492484,5.314271,,,,free_replica_03_seed20260923,True
3320.0,2.295041,5.3809953,,,,free_replica_03_seed20260923,True
3330.0,1.3221204,5.262699,,,,free_replica_03_seed20260923,True
3340.0,1.2230603,5.314398,,,,free_replica_03_seed20260923,True
3350.0,1.6473079,5.4067564,,,,free_replica_03_seed20260923,True
3360.0,1.2341293,5.354368,,,,free_replica_03_seed20260923,True
3370.0,1.2628077,5.4118223,,,,free_replica_03_seed20260923,True
3380.0,1.2794584,5.426903,,,,free_replica_03_seed20260923,True
3390.0,1.2636533,5.3713493,,,,free_replica_03_seed20260923,True
3400.0,1.3555378,5.4106293,,,,free_replica_03_seed20260923,True
3410.0,1.5087516,5.458109,,,,free_replica_03_seed20260923,True
3420.0,1.5814042,5.342168,,,,free_replica_03_seed20260923,True
3430.0,1.7682102,5.392433,,,,free_replica_03_seed20260923,True
3440.0,1.6759303,5.4483004,,,,free_replica_03_seed20260923,True
3450.0,2.3512535,5.365219,,,,free_replica_03_seed20260923,True
3460.0,1.6982757,5.338981,,,,free_replica_03_seed20260923,True
3470.0,1.6335957,5.3219147,,,,free_replica_03_seed20260923,True
3480.0,1.5371251,5.453897,,,,free_replica_03_seed20260923,True
3490.0,1.7107989,5.433779,,,,free_replica_03_seed20260923,True
3500.0,1.2925472,5.4367356,,,,free_replica_03_seed20260923,True
3510.0,1.2427641,5.4684763,,,,free_replica_03_seed20260923,True
3520.0,1.2660208,5.3743978,,,,free_replica_03_seed20260923,True
3530.0,1.1349572,5.448245,,,,free_replica_03_seed20260923,True
3540.0,1.2204427,5.4173117,,,,free_replica_03_seed20260923,True
3550.0,1.9455575,5.4039407,,,,free_replica_03_seed20260923,True
3560.0,2.1521754,5.332032,,,,free_replica_03_seed20260923,True
3570.0,2.0012202,5.383014,,,,free_replica_03_seed20260923,True
3580.0,1.5951803,5.3227706,,,,free_replica_03_seed20260923,True
3590.0,1.1470765,5.3353767,,,,free_replica_03_seed20260923,True
3600.0,1.4397548,5.4416842,,,,free_replica_03_seed20260923,True
3610.0,1.6977626,5.360403,,,,free_replica_03_seed20260923,True
3620.0,1.481644,5.3533907,,,,free_replica_03_seed20260923,True
3630.0,1.8305283,5.3533497,,,,free_replica_03_seed20260923,True
3640.0,1.4735441,5.3484907,,,,free_replica_03_seed20260923,True
3650.0,1.6252242,5.42907,,,,free_replica_03_seed20260923,True
3660.0,1.2774742,5.4151826,,,,free_replica_03_seed20260923,True
3670.0,1.9231175,5.3870926,,,,free_replica_03_seed20260923,True
3680.0,2.2945125,5.367203,,,,free_replica_03_seed20260923,True
3690.0,2.1091385,5.3450294,,,,free_replica_03_seed20260923,True
3700.0,1.9989632,5.363201,,,,free_replica_03_seed20260923,True
3710.0,2.199543,5.367075,,,,free_replica_03_seed20260923,True
3720.0,2.2162762,5.4135017,,,,free_replica_03_seed20260923,True
3730.0,2.2165666,5.396359,,,,free_replica_03_seed20260923,True
3740.0,2.2357323,5.2855873,,,,free_replica_03_seed20260923,True
3750.0,1.9286834,5.3291054,,,,free_replica_03_seed20260923,True
3760.0,2.0370939,5.482671,,,,free_replica_03_seed20260923,True
3770.0,2.2004774,5.336237,,,,free_replica_03_seed20260923,True
3780.0,2.2745445,5.3469234,,,,free_replica_03_seed20260923,True
3790.0,2.4487953,5.3301535,,,,free_replica_03_seed20260923,True
3800.0,2.5293944,5.2837076,,,,free_replica_03_seed20260923,True
3810.0,2.3979876,5.1697245,,,,free_replica_03_seed20260923,True
3820.0,2.0584152,5.2589617,,,,free_replica_03_seed20260923,True
3830.0,1.8329508,5.3592587,,,,free_replica_03_seed20260923,True
3840.0,1.4317774,5.3824215,,,,free_replica_03_seed20260923,True
3850.0,1.7353711,5.338485,,,,free_replica_03_seed20260923,True
3860.0,2.413678,5.3339667,,,,free_replica_03_seed20260923,True
3870.0,2.0309737,5.37122,,,,free_replica_03_seed20260923,True
3880.0,2.1402156,5.291312,,,,free_replica_03_seed20260923,True
3890.0,1.9963646,5.2548404,,,,free_replica_03_seed20260923,True
3900.0,2.2925088,5.2527504,,,,free_replica_03_seed20260923,True
3910.0,2.305515,5.19424,,,,free_replica_03_seed20260923,True
3920.0,1.7799933,5.37023,,,,free_replica_03_seed20260923,True
3930.0,1.6576862,5.3500996,,,,free_replica_03_seed20260923,True
3940.0,2.4541569,5.2880793,,,,free_replica_03_seed20260923,True
3950.0,2.4990563,5.2592373,,,,free_replica_03_seed20260923,True
3960.0,2.476811,5.3062983,,,,free_replica_03_seed20260923,True
3970.0,2.4038432,5.300331,,,,free_replica_03_seed20260923,True
3980.0,2.498212,5.2322617,,,,free_replica_03_seed20260923,True
3990.0,2.6133764,5.104371,,,,free_replica_03_seed20260923,True
4000.0,1.6858809,5.343242,,,,free_replica_03_seed20260923,True
4010.0,0.8409823,5.3550587,,,,free_replica_03_seed20260923,True
4020.0,1.504948,5.369303,,,,free_replica_03_seed20260923,True
4030.0,1.2749285,5.1815553,,,,free_replica_03_seed20260923,True
4040.0,1.5769575,5.4185886,,,,free_replica_03_seed20260923,True
4050.0,1.6756533,5.344924,,,,free_replica_03_seed20260923,True
4060.0,1.8359774,5.237294,,,,free_replica_03_seed20260923,True
4070.0,2.037637,5.230718,,,,free_replica_03_seed20260923,True
4080.0,1.7781403,5.3855205,,,,free_replica_03_seed20260923,True
4090.0,2.361107,5.1514006,,,,free_replica_03_seed20260923,True
4100.0,2.5507748,5.27472,,,,free_replica_03_seed20260923,True
4110.0,2.5517077,5.328669,,,,free_replica_03_seed20260923,True
4120.0,2.5352154,5.2850304,,,,free_replica_03_seed20260923,True
4130.0,2.530939,5.20679,,,,free_replica_03_seed20260923,True
4140.0,2.324229,5.33016,,,,free_replica_03_seed20260923,True
4150.0,2.2538285,5.343158,,,,free_replica_03_seed20260923,True
4160.0,2.4882364,5.3426456,,,,free_replica_03_seed20260923,True
4170.0,2.1678462,5.381263,,,,free_replica_03_seed20260923,True
4180.0,2.0135834,5.2619257,,,,free_replica_03_seed20260923,True
4190.0,1.7245876,5.3381424,,,,free_replica_03_seed20260923,True
4200.0,1.9071501,5.3807015,,,,free_replica_03_seed20260923,True
4210.0,1.9190195,5.3523006,,,,free_replica_03_seed20260923,True
4220.0,1.8999089,5.3801928,,,,free_replica_03_seed20260923,True
4230.0,1.4620351,5.286998,,,,free_replica_03_seed20260923,True
4240.0,1.5544797,5.286977,,,,free_replica_03_seed20260923,True
4250.0,1.317485,5.2847004,,,,free_replica_03_seed20260923,True
4260.0,1.1346714,5.2748404,,,,free_replica_03_seed20260923,True
4270.0,1.4225914,5.397516,,,,free_replica_03_seed20260923,True
4280.0,1.3519661,5.361929,,,,free_replica_03_seed20260923,True
4290.0,1.2505187,5.3520784,,,,free_replica_03_seed20260923,True
4300.0,1.9760848,5.382505,,,,free_replica_03_seed20260923,True
4310.0,1.6285001,5.365086,,,,free_replica_03_seed20260923,True
4320.0,1.794641,5.438778,,,,free_replica_03_seed20260923,True
4330.0,1.7754683,5.4140654,,,,free_replica_03_seed20260923,True
4340.0,1.7819426,5.3974457,,,,free_replica_03_seed20260923,True
4350.0,1.9206994,5.313987,,,,free_replica_03_seed20260923,True
4360.0,1.7560059,5.323152,,,,free_replica_03_seed20260923,True
4370.0,2.068131,5.421329,,,,free_replica_03_seed20260923,True
4380.0,2.05102,5.339622,,,,free_replica_03_seed20260923,True
4390.0,2.0447922,5.3369713,,,,free_replica_03_seed20260923,True
4400.0,1.4341733,5.352602,,,,free_replica_03_seed20260923,True
4410.0,1.587224,5.2890544,,,,free_replica_03_seed20260923,True
4420.0,1.47368,5.121354,,,,free_replica_03_seed20260923,True
4430.0,1.7709785,5.359515,,,,free_replica_03_seed20260923,True
4440.0,2.0927138,5.3002925,,,,free_replica_03_seed20260923,True
4450.0,1.7742629,5.4075117,,,,free_replica_03_seed20260923,True
4460.0,2.0659356,5.4135604,,,,free_replica_03_seed20260923,True
4470.0,1.9557371,5.3881717,,,,free_replica_03_seed20260923,True
4480.0,2.0851474,5.3824973,,,,free_replica_03_seed20260923,True
4490.0,2.0586631,5.390411,,,,free_replica_03_seed20260923,True
4500.0,1.988275,5.3752728,,,,free_replica_03_seed20260923,True
4510.0,1.2023146,5.2659254,,,,free_replica_03_seed20260923,True
4520.0,1.5386589,5.4309487,,,,free_replica_03_seed20260923,True
4530.0,1.6864879,5.3561044,,,,free_replica_03_seed20260923,True
4540.0,1.3876858,5.446189,,,,free_replica_03_seed20260923,True
4550.0,1.2122756,5.307004,,,,free_replica_03_seed20260923,True
4560.0,1.5020132,5.3829184,,,,free_replica_03_seed20260923,True
4570.0,1.5629119,5.3563185,,,,free_replica_03_seed20260923,True
4580.0,1.4322658,5.465867,,,,free_replica_03_seed20260923,True
4590.0,1.786469,5.4940405,,,,free_replica_03_seed20260923,True
4600.0,1.528352,5.4577165,,,,free_replica_03_seed20260923,True
4610.0,1.8997793,5.4415364,,,,free_replica_03_seed20260923,True
4620.0,1.8769097,5.4751215,,,,free_replica_03_seed20260923,True
4630.0,2.2509065,5.358018,,,,free_replica_03_seed20260923,True
4640.0,1.7213762,5.479898,,,,free_replica_03_seed20260923,True
4650.0,1.6358905,5.573739,,,,free_replica_03_seed20260923,True
4660.0,2.2380085,5.538668,,,,free_replica_03_seed20260923,True
4670.0,1.7754736,5.617669,,,,free_replica_03_seed20260923,True
4680.0,1.8322648,5.6056,,,,free_replica_03_seed20260923,True
4690.0,2.5515318,5.451793,,,,free_replica_03_seed20260923,True
4700.0,2.6717563,5.3508716,,,,free_replica_03_seed20260923,True
4710.0,1.8876864,5.450978,,,,free_replica_03_seed20260923,True
4720.0,1.956912,5.5990243,,,,free_replica_03_seed20260923,True
4730.0,1.8301208,5.570488,,,,free_replica_03_seed20260923,True
4740.0,2.0544262,5.453506,,,,free_replica_03_seed20260923,True
4750.0,1.5257353,5.465626,,,,free_replica_03_seed20260923,True
4760.0,1.6999108,5.4731007,,,,free_replica_03_seed20260923,True
4770.0,2.1286883,5.5917864,,,,free_replica_03_seed20260923,True
4780.0,1.621129,5.572288,,,,free_replica_03_seed20260923,True
4790.0,1.6513014,5.5020227,,,,free_replica_03_seed20260923,True
4800.0,2.3641171,5.5119967,,,,free_replica_03_seed20260923,True
4810.0,2.307749,5.563007,,,,free_replica_03_seed20260923,True
4820.0,2.053927,5.625114,,,,free_replica_03_seed20260923,True
4830.0,2.3944647,5.6076045,,,,free_replica_03_seed20260923,True
4840.0,1.7815883,5.495509,,,,free_replica_03_seed20260923,True
4850.0,2.614219,5.2695427,,,,free_replica_03_seed20260923,True
4860.0,2.5468936,5.507598,,,,free_replica_03_seed20260923,True
4870.0,2.4723797,5.474102,,,,free_replica_03_seed20260923,True
4880.0,2.4239323,5.6596828,,,,free_replica_03_seed20260923,True
4890.0,2.4421983,5.5562716,,,,free_replica_03_seed20260923,True
4900.0,2.1950886,5.509222,,,,free_replica_03_seed20260923,True
4910.0,2.1117609,5.382585,,,,free_replica_03_seed20260923,True
4920.0,2.1248183,5.5476913,,,,free_replica_03_seed20260923,True
4930.0,2.3041337,5.5788364,,,,free_replica_03_seed20260923,True
4940.0,2.359875,5.567679,,,,free_replica_03_seed20260923,True
4950.0,2.0274167,5.5991597,,,,free_replica_03_seed20260923,True
4960.0,1.7405329,5.523371,,,,free_replica_03_seed20260923,True
4970.0,1.9640863,5.4435663,,,,free_replica_03_seed20260923,True
4980.0,2.1894195,5.449353,,,,free_replica_03_seed20260923,True
4990.0,2.7433424,5.4814806,,,,free_replica_03_seed20260923,True
5000.0,2.7136662,5.462957,,,,free_replica_03_seed20260923,True
5010.0,2.4464655,5.5477004,,,,free_replica_03_seed20260923,True
5020.0,1.9349283,5.577555,,,,free_replica_03_seed20260923,True
5030.0,2.1478972,5.5780125,,,,free_replica_03_seed20260923,True
5040.0,1.9720898,5.4735475,,,,free_replica_03_seed20260923,True
5050.0,2.143257,5.564387,,,,free_replica_03_seed20260923,True
5060.0,1.814601,5.4973984,,,,free_replica_03_seed20260923,True
5070.0,2.5741532,5.4525228,,,,free_replica_03_seed20260923,True
5080.0,2.6239383,5.557708,,,,free_replica_03_seed20260923,True
5090.0,2.678603,5.5585117,,,,free_replica_03_seed20260923,True
5100.0,2.5111997,5.4341035,,,,free_replica_03_seed20260923,True
5110.0,2.748227,5.4536195,,,,free_replica_03_seed20260923,True
5120.0,2.2757008,5.548503,,,,free_replica_03_seed20260923,True
5130.0,2.6485012,5.5035076,,,,free_replica_03_seed20260923,True
5140.0,2.45504,5.591163,,,,free_replica_03_seed20260923,True
5150.0,2.170882,5.604427,,,,free_replica_03_seed20260923,True
5160.0,2.0367186,5.5319023,,,,free_replica_03_seed20260923,True
5170.0,1.9762708,5.5359955,,,,free_replica_03_seed20260923,True
5180.0,2.174783,5.496309,,,,free_replica_03_seed20260923,True
5190.0,2.0496674,5.4754257,,,,free_replica_03_seed20260923,True
5200.0,2.3025556,5.5158157,,,,free_replica_03_seed20260923,True
5210.0,2.18335,5.3586063,,,,free_replica_03_seed20260923,True
5220.0,2.2381887,5.5772314,,,,free_replica_03_seed20260923,True
5230.0,2.6136236,5.587471,,,,free_replica_03_seed20260923,True
5240.0,2.672323,5.5363183,,,,free_replica_03_seed20260923,True
5250.0,2.2184138,5.5868187,,,,free_replica_03_seed20260923,True
5260.0,2.5669518,5.5782194,,,,free_replica_03_seed20260923,True
5270.0,2.6844516,5.512677,,,,free_replica_03_seed20260923,True
5280.0,2.5787828,5.641944,,,,free_replica_03_seed20260923,True
5290.0,2.4790998,5.573078,,,,free_replica_03_seed20260923,True
5300.0,2.4785635,5.508689,,,,free_replica_03_seed20260923,True
5310.0,2.157832,5.599404,,,,free_replica_03_seed20260923,True
5320.0,2.4780295,5.557716,,,,free_replica_03_seed20260923,True
5330.0,2.6413007,5.5931096,,,,free_replica_03_seed20260923,True
5340.0,2.6069374,5.521481,,,,free_replica_03_seed20260923,True
5350.0,2.7721086,5.5537224,,,,free_replica_03_seed20260923,True
5360.0,2.5418472,5.418858,,,,free_replica_03_seed20260923,True
5370.0,2.2989929,5.448969,,,,free_replica_03_seed20260923,True
5380.0,2.5205555,5.5691195,,,,free_replica_03_seed20260923,True
5390.0,2.5064645,5.603518,,,,free_replica_03_seed20260923,True
5400.0,2.4806457,5.592946,,,,free_replica_03_seed20260923,True
5410.0,2.6813579,5.581685,,,,free_replica_03_seed20260923,True
5420.0,2.5679362,5.527068,,,,free_replica_03_seed20260923,True
5430.0,2.7174578,5.5046215,,,,free_replica_03_seed20260923,True
5440.0,2.5755434,5.5032473,,,,free_replica_03_seed20260923,True
5450.0,2.4251792,5.46777,,,,free_replica_03_seed20260923,True
5460.0,2.5910473,5.4735394,,,,free_replica_03_seed20260923,True
5470.0,2.2621841,5.510806,,,,free_replica_03_seed20260923,True
5480.0,2.4267287,5.4765854,,,,free_replica_03_seed20260923,True
5490.0,2.4506376,5.477211,,,,free_replica_03_seed20260923,True
5500.0,2.2918475,5.6250877,,,,free_replica_03_seed20260923,True
5510.0,2.5474396,5.463642,,,,free_replica_03_seed20260923,True
5520.0,2.413845,5.5655437,,,,free_replica_03_seed20260923,True
5530.0,2.4918187,5.5113974,,,,free_replica_03_seed20260923,True
5540.0,2.6147583,5.466471,,,,free_replica_03_seed20260923,True
5550.0,2.339566,5.6222444,,,,free_replica_03_seed20260923,True
5560.0,2.502848,5.622699,,,,free_replica_03_seed20260923,True
5570.0,2.549648,5.5661874,,,,free_replica_03_seed20260923,True
5580.0,2.383513,5.5504236,,,,free_replica_03_seed20260923,True
5590.0,2.5385385,5.4195957,,,,free_replica_03_seed20260923,True
5600.0,2.6404295,5.4389696,,,,free_replica_03_seed20260923,True
5610.0,2.5775614,5.5900993,,,,free_replica_03_seed20260923,True
5620.0,2.726861,5.4910955,,,,free_replica_03_seed20260923,True
5630.0,2.6362667,5.552943,,,,free_replica_03_seed20260923,True
5640.0,2.2622578,5.5552197,,,,free_replica_03_seed20260923,True
5650.0,2.6182203,5.5501947,,,,free_replica_03_seed20260923,True
5660.0,2.4622521,5.534194,,,,free_replica_03_seed20260923,True
5670.0,2.4277816,5.613282,,,,free_replica_03_seed20260923,True
5680.0,2.0526714,5.6109285,,,,free_replica_03_seed20260923,True
5690.0,2.1382966,5.509925,,,,free_replica_03_seed20260923,True
5700.0,2.39943,5.4868464,,,,free_replica_03_seed20260923,True
5710.0,2.5625107,5.480352,,,,free_replica_03_seed20260923,True
5720.0,2.375772,5.588476,,,,free_replica_03_seed20260923,True
5730.0,2.4570754,5.5478716,,,,free_replica_03_seed20260923,True
5740.0,2.532146,5.558171,,,,free_replica_03_seed20260923,True
5750.0,2.1955187,5.501507,,,,free_replica_03_seed20260923,True
5760.0,2.4401462,5.6302714,,,,free_replica_03_seed20260923,True
5770.0,2.587522,5.5095835,,,,free_replica_03_seed20260923,True
5780.0,2.416204,5.4913397,,,,free_replica_03_seed20260923,True
5790.0,2.661996,5.517028,,,,free_replica_03_seed20260923,True
5800.0,1.706136,5.555306,,,,free_replica_03_seed20260923,True
5810.0,2.3541098,5.5653596,,,,free_replica_03_seed20260923,True
5820.0,2.5411832,5.5484257,,,,free_replica_03_seed20260923,True
5830.0,2.6310267,5.515707,,,,free_replica_03_seed20260923,True
5840.0,2.6774523,5.534057,,,,free_replica_03_seed20260923,True
5850.0,2.443903,5.43767,,,,free_replica_03_seed20260923,True
5860.0,2.6375854,5.4289746,,,,free_replica_03_seed20260923,True
5870.0,2.7281766,5.4629173,,,,free_replica_03_seed20260923,True
5880.0,1.9281228,5.528473,,,,free_replica_03_seed20260923,True
5890.0,1.695773,5.4701233,,,,free_replica_03_seed20260923,True
5900.0,2.3124876,5.501265,,,,free_replica_03_seed20260923,True
5910.0,2.5141406,5.591914,,,,free_replica_03_seed20260923,True
5920.0,2.501648,5.5394125,,,,free_replica_03_seed20260923,True
5930.0,2.087308,5.557921,,,,free_replica_03_seed20260923,True
5940.0,2.1334572,5.620396,,,,free_replica_03_seed20260923,True
5950.0,2.2413034,5.565431,,,,free_replica_03_seed20260923,True
5960.0,1.9982451,5.5257607,,,,free_replica_03_seed20260923,True
5970.0,1.7827888,5.590811,,,,free_replica_03_seed20260923,True
5980.0,1.9934541,5.500014,,,,free_replica_03_seed20260923,True
5990.0,1.941741,5.719796,,,,free_replica_03_seed20260923,True
6000.0,1.917794,5.6361504,,,,free_replica_03_seed20260923,True
6010.0,2.0801697,5.4742107,,,,free_replica_03_seed20260923,True
6020.0,1.8517042,5.545366,,,,free_replica_03_seed20260923,True
6030.0,1.8633435,5.604325,,,,free_replica_03_seed20260923,True
6040.0,1.9192837,5.563877,,,,free_replica_03_seed20260923,True
6050.0,2.278463,5.587251,,,,free_replica_03_seed20260923,True
6060.0,2.2146685,5.5811048,,,,free_replica_03_seed20260923,True
6070.0,2.6142824,5.431642,,,,free_replica_03_seed20260923,True
6080.0,2.137136,5.7020845,,,,free_replica_03_seed20260923,True
6090.0,2.0141792,5.6056385,,,,free_replica_03_seed20260923,True
6100.0,1.4591577,5.53666,,,,free_replica_03_seed20260923,True
6110.0,1.311205,5.3812695,,,,free_replica_03_seed20260923,True
6120.0,1.5882741,5.532316,,,,free_replica_03_seed20260923,True
6130.0,1.7009594,5.677636,,,,free_replica_03_seed20260923,True
6140.0,1.8389167,5.641579,,,,free_replica_03_seed20260923,True
6150.0,1.6781217,5.627593,,,,free_replica_03_seed20260923,True
6160.0,1.9406734,5.591632,,,,free_replica_03_seed20260923,True
6170.0,1.8120942,5.547519,,,,free_replica_03_seed20260923,True
6180.0,1.8321902,5.60144,,,,free_replica_03_seed20260923,True
6190.0,1.7990904,5.6236467,,,,free_replica_03_seed20260923,True
6200.0,2.0277665,5.6042643,,,,free_replica_03_seed20260923,True
6210.0,1.524862,5.457451,,,,free_replica_03_seed20260923,True
6220.0,1.7668622,5.596096,,,,free_replica_03_seed20260923,True
6230.0,1.8677721,5.6259623,,,,free_replica_03_seed20260923,True
6240.0,1.9998688,5.5815673,,,,free_replica_03_seed20260923,True
6250.0,1.8752339,5.612474,,,,free_replica_03_seed20260923,True
6260.0,1.8536243,5.6995544,,,,free_replica_03_seed20260923,True
6270.0,1.7912244,5.5477734,,,,free_replica_03_seed20260923,True
6280.0,1.9044771,5.646217,,,,free_replica_03_seed20260923,True
6290.0,1.7420115,5.7228856,,,,free_replica_03_seed20260923,True
6300.0,1.9672536,5.697766,,,,free_replica_03_seed20260923,True
6310.0,2.033257,5.6250234,,,,free_replica_03_seed20260923,True
6320.0,1.9119655,5.730363,,,,free_replica_03_seed20260923,True
6330.0,2.0472672,5.615749,,,,free_replica_03_seed20260923,True
6340.0,1.9813857,5.7133684,,,,free_replica_03_seed20260923,True
6350.0,1.5612321,5.6012173,,,,free_replica_03_seed20260923,True
6360.0,1.5978405,5.533658,,,,free_replica_03_seed20260923,True
6370.0,2.1369557,5.5783834,,,,free_replica_03_seed20260923,True
6380.0,1.9522312,5.5859003,,,,free_replica_03_seed20260923,True
6390.0,1.7905481,5.6004353,,,,free_replica_03_seed20260923,True
6400.0,1.7016267,5.5167537,,,,free_replica_03_seed20260923,True
6410.0,1.836005,5.6399674,,,,free_replica_03_seed20260923,True
6420.0,1.8931447,5.6958847,,,,free_replica_03_seed20260923,True
6430.0,1.7279105,5.691046,,,,free_replica_03_seed20260923,True
6440.0,1.6668409,5.6171794,,,,free_replica_03_seed20260923,True
6450.0,1.8837011,5.6078105,,,,free_replica_03_seed20260923,True
6460.0,1.7548025,5.696519,,,,free_replica_03_seed20260923,True
6470.0,1.7723716,5.582511,,,,free_replica_03_seed20260923,True
6480.0,1.8983397,5.6565957,,,,free_replica_03_seed20260923,True
6490.0,1.9483013,5.674697,,,,free_replica_03_seed20260923,True
6500.0,1.9065659,5.6520085,,,,free_replica_03_seed20260923,True
6510.0,1.9540379,5.5912066,,,,free_replica_03_seed20260923,True
6520.0,1.843468,5.6362524,,,,free_replica_03_seed20260923,True
6530.0,1.9317746,5.664677,,,,free_replica_03_seed20260923,True
6540.0,1.7064583,5.579543,,,,free_replica_03_seed20260923,True
6550.0,1.7109103,5.6603436,,,,free_replica_03_seed20260923,True
6560.0,1.8954556,5.672216,,,,free_replica_03_seed20260923,True
6570.0,1.753233,5.639056,,,,free_replica_03_seed20260923,True
6580.0,1.6635363,5.551439,,,,free_replica_03_seed20260923,True
6590.0,1.8268853,5.6467776,,,,free_replica_03_seed20260923,True
6600.0,1.6535908,5.5609994,,,,free_replica_03_seed20260923,True
6610.0,1.8660761,5.6469307,,,,free_replica_03_seed20260923,True
6620.0,1.917262,5.6954837,,,,free_replica_03_seed20260923,True
6630.0,1.7881781,5.677225,,,,free_replica_03_seed20260923,True
6640.0,2.007454,5.5533867,,,,free_replica_03_seed20260923,True
6650.0,1.896817,5.672841,,,,free_replica_03_seed20260923,True
6660.0,1.8791695,5.629838,,,,free_replica_03_seed20260923,True
6670.0,1.7609817,5.6576605,,,,free_replica_03_seed20260923,True
6680.0,2.2553632,5.667165,,,,free_replica_03_seed20260923,True
6690.0,1.8379881,5.5511837,,,,free_replica_03_seed20260923,True
6700.0,1.701096,5.5784745,,,,free_replica_03_seed20260923,True
6710.0,1.9636387,5.6297207,,,,free_replica_03_seed20260923,True
6720.0,2.1697233,5.651786,,,,free_replica_03_seed20260923,True
6730.0,1.7978424,5.6322184,,,,free_replica_03_seed20260923,True
6740.0,2.0391986,5.6718373,,,,free_replica_03_seed20260923,True
6750.0,1.8924142,5.660181,,,,free_replica_03_seed20260923,True
6760.0,1.7164032,5.648716,,,,free_replica_03_seed20260923,True
6770.0,1.8530453,5.4192877,,,,free_replica_03_seed20260923,True
6780.0,1.9151285,5.69184,,,,free_replica_03_seed20260923,True
6790.0,1.8601298,5.618147,,,,free_replica_03_seed20260923,True
6800.0,1.8032908,5.515023,,,,free_replica_03_seed20260923,True
6810.0,2.0256631,5.66822,,,,free_replica_03_seed20260923,True
6820.0,1.9688044,5.5924196,,,,free_replica_03_seed20260923,True
6830.0,1.9081523,5.6439323,,,,free_replica_03_seed20260923,True
6840.0,1.68545,5.602217,,,,free_replica_03_seed20260923,True
6850.0,1.7348434,5.5705204,,,,free_replica_03_seed20260923,True
6860.0,1.894969,5.6341667,,,,free_replica_03_seed20260923,True
6870.0,1.7004623,5.594886,,,,free_replica_03_seed20260923,True
6880.0,2.008673,5.588711,,,,free_replica_03_seed20260923,True
6890.0,1.8193406,5.6514053,,,,free_replica_03_seed20260923,True
6900.0,1.8494935,5.6687317,,,,free_replica_03_seed20260923,True
6910.0,1.6929024,5.580489,,,,free_replica_03_seed20260923,True
6920.0,1.4831923,5.4655104,,,,free_replica_03_seed20260923,True
6930.0,1.6656696,5.299738,,,,free_replica_03_seed20260923,True
6940.0,1.5967101,5.621689,,,,free_replica_03_seed20260923,True
6950.0,1.9796716,5.7772307,,,,free_replica_03_seed20260923,True
6960.0,2.0748081,5.69611,,,,free_replica_03_seed20260923,True
6970.0,1.8332535,5.7236643,,,,free_replica_03_seed20260923,True
6980.0,2.0600176,5.6784315,,,,free_replica_03_seed20260923,True
6990.0,1.4582446,5.545192,,,,free_replica_03_seed20260923,True
7000.0,2.0469072,5.6150317,,,,free_replica_03_seed20260923,True
7010.0,2.3229601,5.627863,,,,free_replica_03_seed20260923,True
7020.0,2.1906686,5.5991898,,,,free_replica_03_seed20260923,True
7030.0,1.7594521,5.5999904,,,,free_replica_03_seed20260923,True
7040.0,2.0164886,5.567553,,,,free_replica_03_seed20260923,True
7050.0,1.783746,5.657985,,,,free_replica_03_seed20260923,True
7060.0,2.2411163,5.5927086,,,,free_replica_03_seed20260923,True
7070.0,2.4332154,5.458905,,,,free_replica_03_seed20260923,True
7080.0,2.0806053,5.661911,,,,free_replica_03_seed20260923,True
7090.0,2.1606822,5.57029,,,,free_replica_03_seed20260923,True
7100.0,1.6514266,5.61996,,,,free_replica_03_seed20260923,True
7110.0,2.0180879,5.590662,,,,free_replica_03_seed20260923,True
7120.0,1.8223625,5.6472754,,,,free_replica_03_seed20260923,True
7130.0,2.039258,5.7571173,,,,free_replica_03_seed20260923,True
7140.0,1.615513,5.560766,,,,free_replica_03_seed20260923,True
7150.0,1.7064899,5.6395864,,,,free_replica_03_seed20260923,True
7160.0,2.0180755,5.625705,,,,free_replica_03_seed20260923,True
7170.0,2.1485722,5.668924,,,,free_replica_03_seed20260923,True
7180.0,2.0162723,5.66531,,,,free_replica_03_seed20260923,True
7190.0,2.1978283,5.6357574,,,,free_replica_03_seed20260923,True
7200.0,2.1853628,5.640649,,,,free_replica_03_seed20260923,True
7210.0,1.8684305,5.689344,,,,free_replica_03_seed20260923,True
7220.0,2.4047258,5.438592,,,,free_replica_03_seed20260923,True
7230.0,1.7915313,5.5571837,,,,free_replica_03_seed20260923,True
7240.0,1.9607697,5.6963615,,,,free_replica_03_seed20260923,True
7250.0,1.548733,5.441732,,,,free_replica_03_seed20260923,True
7260.0,1.8286229,5.6700068,,,,free_replica_03_seed20260923,True
7270.0,1.7272259,5.6237106,,,,free_replica_03_seed20260923,True
7280.0,1.7364405,5.6685276,,,,free_replica_03_seed20260923,True
7290.0,2.1549027,5.5700626,,,,free_replica_03_seed20260923,True
7300.0,2.0366235,5.648135,,,,free_replica_03_seed20260923,True
7310.0,2.1130233,5.5819597,,,,free_replica_03_seed20260923,True
7320.0,1.8049823,5.6492324,,,,free_replica_03_seed20260923,True
7330.0,1.7442201,5.6955805,,,,free_replica_03_seed20260923,True
7340.0,1.7862482,5.601349,,,,free_replica_03_seed20260923,True
7350.0,2.075718,5.728078,,,,free_replica_03_seed20260923,True
7360.0,1.9174509,5.670216,,,,free_replica_03_seed20260923,True
7370.0,2.0994048,5.6431894,,,,free_replica_03_seed20260923,True
7380.0,1.8981488,5.707918,,,,free_replica_03_seed20260923,True
7390.0,2.4654667,5.445604,,,,free_replica_03_seed20260923,True
7400.0,1.8559073,5.5791674,,,,free_replica_03_seed20260923,True
7410.0,1.9013633,5.5337887,,,,free_replica_03_seed20260923,True
7420.0,1.6489801,5.665594,,,,free_replica_03_seed20260923,True
7430.0,1.5454638,5.5699005,,,,free_replica_03_seed20260923,True
7440.0,1.7467116,5.69251,,,,free_replica_03_seed20260923,True
7450.0,1.9354227,5.6478863,,,,free_replica_03_seed20260923,True
7460.0,2.1425047,5.6871777,,,,free_replica_03_seed20260923,True
7470.0,2.2470546,5.586832,,,,free_replica_03_seed20260923,True
7480.0,1.9231969,5.6107845,,,,free_replica_03_seed20260923,True
7490.0,2.0353336,5.6587257,,,,free_replica_03_seed20260923,True
7500.0,1.7079535,5.600529,,,,free_replica_03_seed20260923,True
7510.0,1.6383739,5.6837897,,,,free_replica_03_seed20260923,True
7520.0,1.7724596,5.568945,,,,free_replica_03_seed20260923,True
7530.0,1.5958537,5.642686,,,,free_replica_03_seed20260923,True
7540.0,1.5706493,5.592243,,,,free_replica_03_seed20260923,True
7550.0,1.7834502,5.62448,,,,free_replica_03_seed20260923,True
7560.0,1.7677094,5.6091857,,,,free_replica_03_seed20260923,True
7570.0,1.7402096,5.6688113,,,,free_replica_03_seed20260923,True
7580.0,2.0256271,5.6898365,,,,free_replica_03_seed20260923,True
7590.0,1.9989258,5.6269426,,,,free_replica_03_seed20260923,True
7600.0,1.74707,5.6142893,,,,free_replica_03_seed20260923,True
7610.0,1.8649071,5.5509605,,,,free_replica_03_seed20260923,True
7620.0,1.6234218,5.6512966,,,,free_replica_03_seed20260923,True
7630.0,2.0329287,5.529852,,,,free_replica_03_seed20260923,True
7640.0,2.041036,5.5305142,,,,free_replica_03_seed20260923,True
7650.0,2.3956819,5.5038924,,,,free_replica_03_seed20260923,True
7660.0,2.4492543,5.592169,,,,free_replica_03_seed20260923,True
7670.0,2.4686005,5.507384,,,,free_replica_03_seed20260923,True
7680.0,2.4833539,5.5004025,,,,free_replica_03_seed20260923,True
7690.0,2.3806925,5.522312,,,,free_replica_03_seed20260923,True
7700.0,2.2040672,5.526194,,,,free_replica_03_seed20260923,True
7710.0,1.5777515,5.5827622,,,,free_replica_03_seed20260923,True
7720.0,1.8043798,5.649212,,,,free_replica_03_seed20260923,True
7730.0,1.5643787,5.527604,,,,free_replica_03_seed20260923,True
7740.0,1.686404,5.603835,,,,free_replica_03_seed20260923,True
7750.0,1.4876009,5.5618944,,,,free_replica_03_seed20260923,True
7760.0,1.6450098,5.5488787,,,,free_replica_03_seed20260923,True
7770.0,1.5864156,5.617843,,,,free_replica_03_seed20260923,True
7780.0,1.7923846,5.6077394,,,,free_replica_03_seed20260923,True
7790.0,1.931261,5.703185,,,,free_replica_03_seed20260923,True
7800.0,1.8632426,5.5718937,,,,free_replica_03_seed20260923,True
7810.0,1.7036245,5.59938,,,,free_replica_03_seed20260923,True
7820.0,1.9557356,5.671869,,,,free_replica_03_seed20260923,True
7830.0,1.6466612,5.436576,,,,free_replica_03_seed20260923,True
7840.0,1.7818416,5.657814,,,,free_replica_03_seed20260923,True
7850.0,2.08198,5.600619,,,,free_replica_03_seed20260923,True
7860.0,1.9058155,5.7070966,,,,free_replica_03_seed20260923,True
7870.0,2.305786,5.4590464,,,,free_replica_03_seed20260923,True
7880.0,2.0100224,5.644653,,,,free_replica_03_seed20260923,True
7890.0,2.044608,5.517688,,,,free_replica_03_seed20260923,True
7900.0,2.026242,5.577512,,,,free_replica_03_seed20260923,True
7910.0,1.974338,5.6319256,,,,free_replica_03_seed20260923,True
7920.0,1.8844705,5.677407,,,,free_replica_03_seed20260923,True
7930.0,1.7491777,5.5683146,,,,free_replica_03_seed20260923,True
7940.0,1.8705051,5.5795217,,,,free_replica_03_seed20260923,True
7950.0,2.0268633,5.7238584,,,,free_replica_03_seed20260923,True
7960.0,1.8558044,5.546154,,,,free_replica_03_seed20260923,True
7970.0,1.8219438,5.6362467,,,,free_replica_03_seed20260923,True
7980.0,2.1585786,5.6477904,,,,free_replica_03_seed20260923,True
7990.0,2.2314,5.57656,,,,free_replica_03_seed20260923,True
8000.0,2.1325064,5.727126,,,,free_replica_03_seed20260923,True
8010.0,1.996531,5.716369,,,,free_replica_03_seed20260923,True
8020.0,1.7505746,5.6353464,,,,free_replica_03_seed20260923,True
8030.0,1.8209491,5.6403084,,,,free_replica_03_seed20260923,True
8040.0,1.8422794,5.616305,,,,free_replica_03_seed20260923,True
8050.0,2.2319121,5.589078,,,,free_replica_03_seed20260923,True
8060.0,1.7772919,5.5550537,,,,free_replica_03_seed20260923,True
8070.0,1.7987969,5.6059413,,,,free_replica_03_seed20260923,True
8080.0,2.4660316,5.495515,,,,free_replica_03_seed20260923,True
8090.0,2.3967006,5.600934,,,,free_replica_03_seed20260923,True
8100.0,2.6784375,5.312688,,,,free_replica_03_seed20260923,True
8110.0,2.3939052,5.4313803,,,,free_replica_03_seed20260923,True
8120.0,2.3243494,5.4656286,,,,free_replica_03_seed20260923,True
8130.0,2.1590645,5.630436,,,,free_replica_03_seed20260923,True
8140.0,2.450699,5.575014,,,,free_replica_03_seed20260923,True
8150.0,2.3868408,5.5937853,,,,free_replica_03_seed20260923,True
8160.0,2.5051725,5.5381227,,,,free_replica_03_seed20260923,True
8170.0,2.5275216,5.5508847,,,,free_replica_03_seed20260923,True
8180.0,2.518969,5.4442453,,,,free_replica_03_seed20260923,True
8190.0,2.5185914,5.4559345,,,,free_replica_03_seed20260923,True
8200.0,2.6305127,5.537915,,,,free_replica_03_seed20260923,True
8210.0,2.5723252,5.627392,,,,free_replica_03_seed20260923,True
8220.0,2.4535136,5.425111,,,,free_replica_03_seed20260923,True
8230.0,2.354947,5.5068817,,,,free_replica_03_seed20260923,True
8240.0,2.7157722,5.3236227,,,,free_replica_03_seed20260923,True
8250.0,2.21789,5.4519033,,,,free_replica_03_seed20260923,True
8260.0,2.4236116,5.5997915,,,,free_replica_03_seed20260923,True
8270.0,2.49326,5.5594883,,,,free_replica_03_seed20260923,True
8280.0,2.246144,5.516987,,,,free_replica_03_seed20260923,True
8290.0,2.0378516,5.5836363,,,,free_replica_03_seed20260923,True
8300.0,2.3453383,5.3988085,,,,free_replica_03_seed20260923,True
8310.0,2.247484,5.4914284,,,,free_replica_03_seed20260923,True
8320.0,2.1508412,5.48836,,,,free_replica_03_seed20260923,True
8330.0,1.9076977,5.416842,,,,free_replica_03_seed20260923,True
8340.0,1.7208941,5.5086226,,,,free_replica_03_seed20260923,True
8350.0,2.2523139,5.56606,,,,free_replica_03_seed20260923,True
8360.0,2.8579164,5.4055905,,,,free_replica_03_seed20260923,True
8370.0,2.6767364,5.5928497,,,,free_replica_03_seed20260923,True
8380.0,1.8428953,5.5027366,,,,free_replica_03_seed20260923,True
8390.0,2.2255921,5.5601926,,,,free_replica_03_seed20260923,True
8400.0,1.7994542,5.518716,,,,free_replica_03_seed20260923,True
8410.0,1.5326722,5.4287987,,,,free_replica_03_seed20260923,True
8420.0,1.7023346,5.480022,,,,free_replica_03_seed20260923,True
8430.0,1.8824298,5.490143,,,,free_replica_03_seed20260923,True
8440.0,2.587849,5.400775,,,,free_replica_03_seed20260923,True
8450.0,2.6216123,5.5427938,,,,free_replica_03_seed20260923,True
8460.0,2.5274768,5.427398,,,,free_replica_03_seed20260923,True
8470.0,2.6103055,5.499723,,,,free_replica_03_seed20260923,True
8480.0,2.3403378,5.4842353,,,,free_replica_03_seed20260923,True
8490.0,2.479013,5.6095133,,,,free_replica_03_seed20260923,True
8500.0,2.5068445,5.5617743,,,,free_replica_03_seed20260923,True
8510.0,2.49172,5.430761,,,,free_replica_03_seed20260923,True
8520.0,2.656231,5.3803473,,,,free_replica_03_seed20260923,True
8530.0,2.293327,5.546466,,,,free_replica_03_seed20260923,True
8540.0,2.2310474,5.5293493,,,,free_replica_03_seed20260923,True
8550.0,2.5968094,5.5685115,,,,free_replica_03_seed20260923,True
8560.0,2.2884772,5.616369,,,,free_replica_03_seed20260923,True
8570.0,2.504492,5.3999066,,,,free_replica_03_seed20260923,True
8580.0,2.6031568,5.519247,,,,free_replica_03_seed20260923,True
8590.0,2.5848818,5.5456877,,,,free_replica_03_seed20260923,True
8600.0,2.4890227,5.5112786,,,,free_replica_03_seed20260923,True
8610.0,2.5453944,5.5446196,,,,free_replica_03_seed20260923,True
8620.0,2.2778099,5.588664,,,,free_replica_03_seed20260923,True
8630.0,1.8039305,5.556862,,,,free_replica_03_seed20260923,True
8640.0,1.7689822,5.587905,,,,free_replica_03_seed20260923,True
8650.0,1.7511611,5.5509844,,,,free_replica_03_seed20260923,True
8660.0,1.8667157,5.4085464,,,,free_replica_03_seed20260923,True
8670.0,2.100875,5.533823,,,,free_replica_03_seed20260923,True
8680.0,1.8315829,5.449829,,,,free_replica_03_seed20260923,True
8690.0,1.9894171,5.364704,,,,free_replica_03_seed20260923,True
8700.0,1.6665071,5.531544,,,,free_replica_03_seed20260923,True
8710.0,2.0067587,5.6284904,,,,free_replica_03_seed20260923,True
8720.0,2.191994,5.505123,,,,free_replica_03_seed20260923,True
8730.0,2.4333982,5.548072,,,,free_replica_03_seed20260923,True
8740.0,2.1779504,5.589958,,,,free_replica_03_seed20260923,True
8750.0,2.6073227,5.560252,,,,free_replica_03_seed20260923,True
8760.0,2.6459131,5.5017138,,,,free_replica_03_seed20260923,True
8770.0,2.7481542,5.432084,,,,free_replica_03_seed20260923,True
8780.0,1.6465396,5.5136037,,,,free_replica_03_seed20260923,True
8790.0,1.8436661,5.5458555,,,,free_replica_03_seed20260923,True
8800.0,1.5909399,5.503836,,,,free_replica_03_seed20260923,True
8810.0,1.4961137,5.4545546,,,,free_replica_03_seed20260923,True
8820.0,1.4802338,5.4817314,,,,free_replica_03_seed20260923,True
8830.0,1.7446721,5.5418987,,,,free_replica_03_seed20260923,True
8840.0,1.5769413,5.5571404,,,,free_replica_03_seed20260923,True
8850.0,1.7862927,5.575452,,,,free_replica_03_seed20260923,True
8860.0,2.0374348,5.533733,,,,free_replica_03_seed20260923,True
8870.0,2.1739957,5.5105443,,,,free_replica_03_seed20260923,True
8880.0,1.7656779,5.4519696,,,,free_replica_03_seed20260923,True
8890.0,1.6674321,5.5923934,,,,free_replica_03_seed20260923,True
8900.0,1.4727328,5.609345,,,,free_replica_03_seed20260923,True
8910.0,1.9367772,5.6544833,,,,free_replica_03_seed20260923,True
8920.0,2.254354,5.6418047,,,,free_replica_03_seed20260923,True
8930.0,1.5978981,5.5916457,,,,free_replica_03_seed20260923,True
8940.0,2.240004,5.5122595,,,,free_replica_03_seed20260923,True
8950.0,2.0495594,5.630672,,,,free_replica_03_seed20260923,True
8960.0,2.034412,5.667746,,,,free_replica_03_seed20260923,True
8970.0,1.8042778,5.559682,,,,free_replica_03_seed20260923,True
8980.0,2.3078213,5.5657244,,,,free_replica_03_seed20260923,True
8990.0,2.0226698,5.5873747,,,,free_replica_03_seed20260923,True
9000.0,1.6836967,5.6414223,,,,free_replica_03_seed20260923,True
9010.0,1.7650567,5.638438,,,,free_replica_03_seed20260923,True
9020.0,2.124413,5.7207212,,,,free_replica_03_seed20260923,True
9030.0,1.8961749,5.6601105,,,,free_replica_03_seed20260923,True
9040.0,1.7662666,5.631069,,,,free_replica_03_seed20260923,True
9050.0,1.6347144,5.5576496,,,,free_replica_03_seed20260923,True
9060.0,1.7674234,5.613805,,,,free_replica_03_seed20260923,True
9070.0,2.0436118,5.6619473,,,,free_replica_03_seed20260923,True
9080.0,1.5417569,5.4837823,,,,free_replica_03_seed20260923,True
9090.0,1.9464452,5.5647016,,,,free_replica_03_seed20260923,True
9100.0,1.914373,5.619927,,,,free_replica_03_seed20260923,True
9110.0,1.986934,5.5820603,,,,free_replica_03_seed20260923,True
9120.0,1.923224,5.462347,,,,free_replica_03_seed20260923,True
9130.0,1.9309055,5.603902,,,,free_replica_03_seed20260923,True
9140.0,1.8689103,5.667525,,,,free_replica_03_seed20260923,True
9150.0,2.041629,5.6827645,,,,free_replica_03_seed20260923,True
9160.0,2.02665,5.6778865,,,,free_replica_03_seed20260923,True
9170.0,2.1669905,5.6534443,,,,free_replica_03_seed20260923,True
9180.0,1.8786585,5.761325,,,,free_replica_03_seed20260923,True
9190.0,1.6533735,5.5585537,,,,free_replica_03_seed20260923,True
9200.0,1.2834177,5.5650024,,,,free_replica_03_seed20260923,True
9210.0,1.2237358,5.550813,,,,free_replica_03_seed20260923,True
9220.0,1.4485619,5.6284294,,,,free_replica_03_seed20260923,True
9230.0,1.4089037,5.4395895,,,,free_replica_03_seed20260923,True
9240.0,1.4532965,5.4992623,,,,free_replica_03_seed20260923,True
9250.0,1.590886,5.6511807,,,,free_replica_03_seed20260923,True
9260.0,1.3918762,5.6036196,,,,free_replica_03_seed20260923,True
9270.0,1.2850242,5.501484,,,,free_replica_03_seed20260923,True
9280.0,1.402939,5.556989,,,,free_replica_03_seed20260923,True
9290.0,1.5306569,5.4608574,,,,free_replica_03_seed20260923,True
9300.0,2.1535656,5.6040764,,,,free_replica_03_seed20260923,True
9310.0,2.017521,5.5646505,,,,free_replica_03_seed20260923,True
9320.0,2.034044,5.4671645,,,,free_replica_03_seed20260923,True
9330.0,2.0383396,5.5264835,,,,free_replica_03_seed20260923,True
9340.0,2.0175931,5.519027,,,,free_replica_03_seed20260923,True
9350.0,2.1072822,5.590084,,,,free_replica_03_seed20260923,True
9360.0,2.3285573,5.580032,,,,free_replica_03_seed20260923,True
9370.0,2.3730483,5.475442,,,,free_replica_03_seed20260923,True
9380.0,2.645574,5.527995,,,,free_replica_03_seed20260923,True
9390.0,2.2690902,5.364921,,,,free_replica_03_seed20260923,True
9400.0,2.5975184,5.505316,,,,free_replica_03_seed20260923,True
9410.0,2.1637168,5.383168,,,,free_replica_03_seed20260923,True
9420.0,2.254593,5.4551034,,,,free_replica_03_seed20260923,True
9430.0,2.4365687,5.369601,,,,free_replica_03_seed20260923,True
9440.0,2.6463337,5.3073845,,,,free_replica_03_seed20260923,True
9450.0,2.5949779,5.380261,,,,free_replica_03_seed20260923,True
9460.0,2.6608684,5.5262766,,,,free_replica_03_seed20260923,True
9470.0,2.6263883,5.360874,,,,free_replica_03_seed20260923,True
9480.0,2.6147952,5.5165176,,,,free_replica_03_seed20260923,True
9490.0,2.5741503,5.5213337,,,,free_replica_03_seed20260923,True
9500.0,1.7654086,5.4047956,,,,free_replica_03_seed20260923,True
9510.0,2.5723367,5.5521584,,,,free_replica_03_seed20260923,True
9520.0,1.678794,5.4450903,,,,free_replica_03_seed20260923,True
9530.0,1.6782789,5.5030375,,,,free_replica_03_seed20260923,True
9540.0,1.6652925,5.2858377,,,,free_replica_03_seed20260923,True
9550.0,1.2788794,5.531396,,,,free_replica_03_seed20260923,True
9560.0,1.5678822,5.6008315,,,,free_replica_03_seed20260923,True
9570.0,1.521059,5.5880766,,,,free_replica_03_seed20260923,True
9580.0,1.536248,5.5740314,,,,free_replica_03_seed20260923,True
9590.0,1.6736108,5.4948707,,,,free_replica_03_seed20260923,True
9600.0,2.2615438,5.4630995,,,,free_replica_03_seed20260923,True
9610.0,1.9533968,5.5723677,,,,free_replica_03_seed20260923,True
9620.0,2.015167,5.569689,,,,free_replica_03_seed20260923,True
9630.0,2.5201368,5.339513,,,,free_replica_03_seed20260923,True
9640.0,2.406523,5.3918743,,,,free_replica_03_seed20260923,True
9650.0,2.5230873,5.25248,,,,free_replica_03_seed20260923,True
9660.0,2.7767043,5.3834033,,,,free_replica_03_seed20260923,True
9670.0,2.4577856,5.2431993,,,,free_replica_03_seed20260923,True
9680.0,2.6376808,5.4930134,,,,free_replica_03_seed20260923,True
9690.0,2.748357,5.427676,,,,free_replica_03_seed20260923,True
9700.0,2.5282252,5.5717826,,,,free_replica_03_seed20260923,True
9710.0,2.6696799,5.527095,,,,free_replica_03_seed20260923,True
9720.0,2.5851583,5.469983,,,,free_replica_03_seed20260923,True
9730.0,2.6862416,5.4370694,,,,free_replica_03_seed20260923,True
9740.0,2.2877102,5.419613,,,,free_replica_03_seed20260923,True
9750.0,2.6912715,5.283342,,,,free_replica_03_seed20260923,True
9760.0,2.648432,5.4311466,,,,free_replica_03_seed20260923,True
9770.0,2.3746183,5.4156923,,,,free_replica_03_seed20260923,True
9780.0,2.6925895,5.449072,,,,free_replica_03_seed20260923,True
9790.0,2.750198,5.4263573,,,,free_replica_03_seed20260923,True
9800.0,2.6583638,5.4491844,,,,free_replica_03_seed20260923,True
9810.0,2.414572,5.2313166,,,,free_replica_03_seed20260923,True
9820.0,2.6153352,5.3109927,,,,free_replica_03_seed20260923,True
9830.0,2.8701842,5.3398156,,,,free_replica_03_seed20260923,True
9840.0,1.6596813,5.3585534,,,,free_replica_03_seed20260923,True
9850.0,2.7803197,5.36971,,,,free_replica_03_seed20260923,True
9860.0,2.256084,5.4685616,,,,free_replica_03_seed20260923,True
9870.0,2.600014,5.406454,,,,free_replica_03_seed20260923,True
9880.0,2.4696832,5.4639554,,,,free_replica_03_seed20260923,True
9890.0,2.400058,5.410432,,,,free_replica_03_seed20260923,True
9900.0,2.632346,5.375684,,,,free_replica_03_seed20260923,True
9910.0,2.5997095,5.5233135,,,,free_replica_03_seed20260923,True
9920.0,2.7292979,5.4534483,,,,free_replica_03_seed20260923,True
9930.0,2.4868953,5.3856463,,,,free_replica_03_seed20260923,True
9940.0,2.7166328,5.4508915,,,,free_replica_03_seed20260923,True
9950.0,2.8995368,5.294425,,,,free_replica_03_seed20260923,True
9960.0,2.6447387,5.3170943,,,,free_replica_03_seed20260923,True
9970.0,2.6212335,5.424976,,,,free_replica_03_seed20260923,True
9980.0,2.4259543,5.391071,,,,free_replica_03_seed20260923,True
9990.0,2.7423277,5.3887744,,,,free_replica_03_seed20260923,True
10000.0,2.7108192,5.296897,,,,free_replica_03_seed20260923,True
